CASE_ID,ACCIDENT_YEAR,PROC_DATE,JURIS,COLLISION_DATE,COLLISION_TIME,OFFICER_ID,REPORTING_DISTRICT,DAY_OF_WEEK,CHP_SHIFT,POPULATION,CNTY_CITY_LOC,SPECIAL_COND,BEAT_TYPE,CHP_BEAT_TYPE,CITY_DIVISION_LAPD,CHP_BEAT_CLASS,BEAT_NUMBER,PRIMARY_RD,SECONDARY_RD,DISTANCE,DIRECTION,INTERSECTION,WEATHER_1,WEATHER_2,STATE_HWY_IND,CALTRANS_COUNTY,CALTRANS_DISTRICT,STATE_ROUTE,ROUTE_SUFFIX,POSTMILE_PREFIX,POSTMILE,LOCATION_TYPE,RAMP_INTERSECTION,SIDE_OF_HWY,TOW_AWAY,COLLISION_SEVERITY,NUMBER_KILLED,NUMBER_INJURED,PARTY_COUNT,PRIMARY_COLL_FACTOR,PCF_CODE_OF_VIOL,PCF_VIOL_CATEGORY,PCF_VIOLATION,PCF_VIOL_SUBSECTION,HIT_AND_RUN,TYPE_OF_COLLISION,MVIW,PED_ACTION,ROAD_SURFACE,ROAD_COND_1,ROAD_COND_2,LIGHTING,CONTROL_DEVICE,CHP_ROAD_TYPE,PEDESTRIAN_ACCIDENT,BICYCLE_ACCIDENT,MOTORCYCLE_ACCIDENT,TRUCK_ACCIDENT,NOT_PRIVATE_PROPERTY,ALCOHOL_INVOLVED,STWD_VEHTYPE_AT_FAULT,CHP_VEHTYPE_AT_FAULT,COUNT_SEVERE_INJ,COUNT_VISIBLE_INJ,COUNT_COMPLAINT_PAIN,COUNT_PED_KILLED,COUNT_PED_INJURED,COUNT_BICYCLIST_KILLED,COUNT_BICYCLIST_INJURED,COUNT_MC_KILLED,COUNT_MC_INJURED,PRIMARY_RAMP,SECONDARY_RAMP,LATITUDE,LONGITUDE,COUNTY,CITY,POINT_X,POINT_Y
8327392,2017,2018-03-02,3709,2017-02-21,1142,475,SD,2,5,5,3709,0,0,0,NA,0,021,EAST PLAZA BL,RT 805,116,W,N,A,-,Y,SD,11,805,-,-,10.124,R,4,N,Y,4,0,1,3,A,-,03,22350,NA,N,C,C,A,A,H,-,A,A,0,NA,NA,NA,NA,Y,NA,A,01,0,0,1,0,0,0,0,0,0,-,NO,NA,NA,SAN DIEGO,NATIONAL CITY,-117.08328223,32.67500623
8327625,2017,2018-02-14,3700,2017-02-12,0913,SH5794,NA,7,5,5,3781,0,0,0,NA,0,519,N MAGNOLIA AV,RT 67,0,NA,Y,A,-,Y,SD,11,67,-,R,2.054,R,4,S,Y,2,0,3,2,A,-,12,21453,A,N,D,C,A,A,H,-,A,A,0,NA,NA,NA,NA,Y,NA,A,01,1,0,2,0,0,0,0,0,0,-,SO,NA,NA,SAN DIEGO,SANTEE,-116.96208262,32.83278533
8328204,2017,2017-03-20,3711,2017-03-08,1855,4539,NA,3,5,7,3711,0,0,0,NA,0,931,MIRA MESA BL,SCRANTON,0,NA,Y,A,-,N,NA,NA,NA,NA,NA,NA,NA,NA,NA,Y,3,0,1,2,A,-,12,21453,A,N,D,D,A,A,H,-,C,A,0,NA,NA,NA,NA,Y,NA,-,-,0,1,0,0,0,0,0,0,0,-,-,NA,NA,SAN DIEGO,SAN DIEGO,-117.20163001,32.89273
8328703,2017,2017-03-28,3709,2017-03-12,1059,906,NCPD,7,5,5,3709,0,0,0,NA,0,024,HIGHLAND AV,24TH ST,0,NA,Y,A,-,N,NA,NA,NA,NA,NA,NA,NA,NA,NA,Y,4,0,2,2,A,-,17,21451,A,N,A,C,A,A,H,-,A,A,0,NA,NA,NA,NA,Y,NA,A,01,0,0,2,0,0,0,0,0,0,-,-,32.664320000000004,-117.09336,SAN DIEGO,NATIONAL CITY,-117.09336009,32.66436006
8328908,2017,2017-03-27,3700,2017-03-02,1034,SH3913,NA,4,5,5,3712,0,0,0,NA,0,350,KNOLL RD,SAN MARCOS BL,316,N,N,A,-,N,NA,NA,NA,NA,NA,NA,NA,NA,NA,Y,3,0,2,2,A,-,12,21453,A,N,D,C,A,A,H,-,A,A,0,NA,NA,Y,NA,Y,NA,A,01,0,2,0,0,0,0,0,0,1,-,-,NA,NA,SAN DIEGO,SAN MARCOS,-117.17456268,33.13939175
8329311,2017,2017-03-30,3702,2017-02-24,1320,CV0410,NA,5,5,6,3702,0,0,0,NA,0,014,DAVIDSON ST,DEL MAR AV,0,NA,Y,A,-,N,NA,NA,NA,NA,NA,NA,NA,NA,NA,Y,3,0,1,2,A,-,09,21802,A,N,D,C,A,A,H,-,A,A,0,NA,NA,NA,NA,Y,NA,M,91,0,1,0,0,0,0,0,0,0,-,-,NA,NA,SAN DIEGO,CHULA VISTA,-117.07850008,32.64355003
8329476,2017,2017-03-28,3702,2017-03-12,0920,CV1170,NA,7,5,6,3702,0,0,0,NA,0,012,4TH AV,CENTER ST,250,S,N,A,-,N,NA,NA,NA,NA,NA,NA,NA,NA,NA,N,3,0,1,1,A,-,08,22107,NA,N,H,A,A,A,H,-,A,D,0,NA,Y,NA,NA,Y,NA,L,04,0,1,0,0,0,0,1,0,0,-,-,NA,NA,SAN DIEGO,CHULA VISTA,-117.08340171,32.63862824
8329728,2017,2017-03-29,3711,2017-03-09,2039,7183,SDCE,4,5,7,3711,0,0,0,NA,0,521,IMPERIAL AV,17TH ST,0,NA,Y,A,-,N,NA,NA,NA,NA,NA,NA,NA,NA,NA,N,3,0,1,2,A,-,11,21456,B,N,G,B,B,A,H,-,C,A,0,Y,NA,NA,NA,Y,NA,N,60,0,1,0,0,1,0,0,0,0,-,-,NA,NA,SAN DIEGO,SAN DIEGO,-117.14851006,32.70627004
8329885,2017,2017-03-30,3711,2017-03-04,0251,6366,NA,6,5,7,3711,0,0,0,NA,0,315,CAMINO DE LA REINA,CAMINO DE LA REINA 700,0,NA,N,A,-,N,NA,NA,NA,NA,NA,NA,NA,NA,NA,Y,4,0,1,3,A,-,03,22350,NA,M,B,C,A,A,H,-,C,D,0,NA,NA,NA,NA,Y,Y,A,01,0,0,1,0,0,0,0,0,0,-,-,NA,NA,SAN DIEGO,SAN DIEGO,-117.15852946,32.76675409
8330517,2017,2017-04-06,3705,2017-03-07,0755,EC0295,NA,2,5,5,3705,0,0,0,NA,0,007,MOLLISON,BRADLEY,0,NA,Y,A,-,N,NA,NA,NA,NA,NA,NA,NA,NA,NA,N,3,0,1,2,A,-,09,21802,A,F,D,G,A,A,H,-,A,A,0,NA,Y,NA,NA,Y,NA,-,99,0,1,0,0,0,0,1,0,0,-,-,NA,NA,SAN DIEGO,EL CAJON,-116.94963012,32.81912006
8331245,2017,2017-04-17,3701,2017-03-17,0739,5356,81,5,5,5,3701,0,0,0,NA,0,006,PALOMAR AIRPORT RD,LOKER AVENUE WEST,380,W,N,A,-,N,NA,NA,NA,NA,NA,NA,NA,NA,NA,Y,3,0,2,3,A,-,03,22350,NA,N,C,C,A,A,H,-,A,A,0,NA,NA,NA,NA,Y,NA,-,NA,0,1,1,0,0,0,0,0,0,-,-,NA,NA,SAN DIEGO,CARLSBAD,-117.26067183,33.13054203
8333506,2017,2017-03-24,3711,2017-03-13,2251,7129,NA,1,5,7,3711,0,0,0,NA,0,437,GATEWOOD LN,BROOKHAVEN RD,204,S,N,B,-,N,NA,NA,NA,NA,NA,NA,NA,NA,NA,N,3,0,1,2,A,-,08,22107,NA,N,C,E,A,A,H,-,D,D,0,NA,NA,NA,NA,Y,Y,A,01,0,1,0,0,0,0,0,0,0,-,-,NA,NA,SAN DIEGO,SAN DIEGO,-117.03434596,32.694171420000004
8334549,2017,2017-03-30,3711,2017-02-19,0949,6796,NA,7,5,7,3711,0,0,0,NA,0,444,HOME AV,FEDERAL BL,96,N,N,B,-,N,NA,NA,NA,NA,NA,NA,NA,NA,NA,Y,4,0,1,2,A,-,12,22450,A,N,D,C,A,B,H,-,-,D,0,NA,NA,NA,NA,Y,NA,A,07,0,0,1,0,0,0,0,0,0,-,-,NA,NA,SAN DIEGO,SAN DIEGO,-117.11027563,32.71981311
8335503,2017,2017-05-05,3700,2017-02-28,0656,SH2292,NA,2,5,5,3782,0,0,0,NA,0,206,LEUCADIA BL,LEUCADIA BL 1385,0,NA,Y,A,-,N,NA,NA,NA,NA,NA,NA,NA,NA,NA,Y,4,0,1,2,A,-,08,22107,NA,N,E,C,A,A,H,-,A,D,0,NA,NA,NA,NA,Y,NA,A,01,0,0,1,0,0,0,0,0,0,-,-,NA,NA,SAN DIEGO,ENCINITAS,-117.275294,33.06667
8336216,2017,2017-04-15,3711,2017-04-05,2220,6960,NA,3,5,7,3711,0,0,0,NA,0,122,INGRAHAM ST,MISSOURI ST,50,S,N,A,-,N,NA,NA,NA,NA,NA,NA,NA,NA,NA,N,3,0,1,1,D,-,00,NA,NA,N,H,-,A,A,H,-,C,D,0,NA,Y,NA,NA,Y,Y,-,-,0,1,0,0,0,0,1,0,0,-,-,NA,NA,SAN DIEGO,SAN DIEGO,-117.24197137,32.80332696
8336248,2017,2017-04-21,3700,2017-03-23,1516,SH2439,NA,4,5,5,3713,0,0,0,NA,0,308,COPPER DR,NORTH MELROSE DR,160,W,N,A,-,N,NA,NA,NA,NA,NA,NA,NA,NA,NA,N,4,0,3,3,A,-,03,22350,NA,N,C,C,A,A,H,-,A,D,0,NA,NA,NA,NA,Y,NA,A,01,0,0,3,0,0,0,0,0,0,-,-,NA,NA,SAN DIEGO,VISTA,-117.25627315,33.1990777
8336553,2017,2017-04-25,3711,2017-03-28,1505,4643,NA,2,5,7,3711,0,0,0,NA,0,813,30TH ST,POLK AV,75,S,N,A,-,N,NA,NA,NA,NA,NA,NA,NA,NA,NA,N,4,0,1,2,A,-,17,22517,NA,N,B,G,A,A,H,-,A,D,0,NA,Y,NA,NA,Y,NA,J,48,0,0,1,0,0,0,1,0,0,-,-,NA,NA,SAN DIEGO,SAN DIEGO,-117.13019568,32.75202459
8336616,2017,2017-04-29,3705,2017-03-10,1437,EC0337,NA,5,5,5,3705,0,0,0,NA,0,006,PIONEER,FESLER,95,S,N,A,-,N,NA,NA,NA,NA,NA,NA,NA,NA,NA,Y,2,0,2,2,A,-,09,21801,A,N,D,C,A,A,H,-,A,D,0,NA,NA,Y,NA,Y,NA,A,01,1,1,0,0,0,0,0,0,1,-,-,NA,NA,SAN DIEGO,EL CAJON,-116.9676631,32.8085217
8336952,2017,2017-06-27,3711,2017-05-03,0935,7197,NA,3,5,7,3711,0,0,0,NA,0,441,IMPERIAL AV,S WEST ST,6,W,N,A,-,N,NA,NA,NA,NA,NA,NA,NA,NA,NA,Y,4,0,2,2,A,-,09,21801,A,N,D,C,A,A,H,-,A,D,0,NA,NA,NA,NA,Y,NA,A,01,0,0,2,0,0,0,0,0,0,-,-,NA,NA,SAN DIEGO,SAN DIEGO,-117.09691944,32.70415
8337318,2017,2017-04-04,3711,2017-03-22,1845,6151,NA,3,5,7,3711,0,0,0,NA,0,312,TIERRASANTA BL,SANTO RD,0,NA,Y,A,-,N,NA,NA,NA,NA,NA,NA,NA,NA,NA,Y,3,0,3,2,A,-,12,21453,A,N,A,C,A,A,H,-,C,A,0,NA,NA,NA,NA,Y,NA,-,NA,0,2,1,0,0,0,0,0,0,-,-,NA,NA,SAN DIEGO,SAN DIEGO,-117.10419005,32.82340008
8337516,2017,2018-02-16,3710,2017-03-29,1510,OC1185,NA,3,5,6,3710,0,0,0,NA,0,016,DOUGLAS DR,RT 76,39,N,N,A,-,Y,SD,11,76,-,R,3.745,I,6,W,Y,4,0,1,3,A,-,01,23152,A,N,A,D,A,A,H,-,A,D,0,NA,NA,NA,NA,Y,Y,A,01,0,0,1,0,0,0,0,0,0,-,-,NA,NA,SAN DIEGO,OCEANSIDE,-117.3256828,33.225875
8338423,2017,2017-04-07,3711,2017-03-23,2132,6657,NA,4,5,7,3711,0,0,0,NA,0,514,G ST,24TH ST,170,E,N,A,-,N,NA,NA,NA,NA,NA,NA,NA,NA,NA,Y,4,0,1,3,A,-,08,22107,NA,N,C,E,A,A,H,-,D,D,0,NA,NA,NA,NA,Y,Y,-,NA,0,0,1,0,0,0,0,0,0,-,-,NA,NA,SAN DIEGO,SAN DIEGO,-117.14190919,32.71269508
8341472,2017,2017-04-25,3702,2017-04-02,1205,CV0980,NA,7,5,6,3702,0,0,0,NA,0,021,BROADWAY,OXFORD ST,0,NA,Y,A,-,N,NA,NA,NA,NA,NA,NA,NA,NA,NA,N,3,0,1,2,A,-,08,22107,NA,N,G,B,B,A,H,-,A,A,0,Y,NA,NA,NA,Y,NA,D,22,0,1,0,0,1,0,0,0,0,-,-,NA,NA,SAN DIEGO,CHULA VISTA,-117.08006005,32.60674003
8345174,2017,2017-04-24,3705,2017-03-11,0954,EC0345,NA,6,5,5,3705,0,0,0,NA,0,010,N MAGNOLIA AV,PARK AV,0,NA,Y,A,-,N,NA,NA,NA,NA,NA,NA,NA,NA,NA,Y,3,0,1,1,A,-,12,21453,A,N,E,I,A,A,H,-,A,A,0,NA,NA,NA,NA,Y,NA,A,01,0,1,0,0,0,0,0,0,0,-,-,NA,NA,SAN DIEGO,EL CAJON,-116.9623501,32.79749002
8345270,2017,2017-04-25,3711,2017-04-08,2310,7202,NA,6,5,7,3711,0,0,0,NA,0,437,SKYLINE DR,SYCHAR RD,0,NA,Y,A,-,N,NA,NA,NA,NA,NA,NA,NA,NA,NA,Y,3,0,1,2,A,-,08,22107,NA,N,C,E,A,A,H,-,C,A,0,NA,NA,Y,NA,Y,Y,C,02,0,1,0,0,0,0,0,0,1,-,-,NA,NA,SAN DIEGO,SAN DIEGO,-117.04289003,32.70332001
8346128,2017,2017-04-18,3711,2017-04-10,1905,7303,MC,1,5,7,3711,0,0,0,NA,0,813,TEXAS ST,MEADE AV,15,N,N,A,-,N,NA,NA,NA,NA,NA,NA,NA,NA,NA,Y,3,0,3,2,A,-,12,21453,A,N,A,C,A,A,H,-,A,A,0,NA,NA,NA,NA,Y,NA,-,NA,0,1,2,0,0,0,0,0,0,-,-,NA,NA,SAN DIEGO,SAN DIEGO,-117.13884978,32.75728109
8346181,2017,2017-04-19,3711,2017-04-07,1627,4617,NA,5,5,7,3711,0,0,0,NA,0,242,CAMINO RUIZ,GOLDCOAST,0,NA,Y,A,-,N,NA,NA,NA,NA,NA,NA,NA,NA,NA,Y,3,0,1,2,A,-,03,22350,NA,N,C,C,A,A,H,-,A,A,0,NA,NA,NA,NA,Y,NA,-,NA,0,1,0,0,0,0,0,0,0,-,-,NA,NA,SAN DIEGO,SAN DIEGO,-117.14619001,32.90533007
8346815,2017,2017-04-14,3706,2017-04-03,1720,393,ESPD,1,5,6,3706,0,0,0,NA,0,045,WASHINGTON AV,QUINCE ST,0,NA,Y,A,-,N,NA,NA,NA,NA,NA,NA,NA,NA,NA,Y,3,0,3,2,A,-,09,21453,C,N,D,C,A,A,H,-,A,A,0,NA,NA,NA,NA,Y,NA,A,01,0,1,2,0,0,0,0,0,0,-,-,NA,NA,SAN DIEGO,ESCONDIDO,-117.09196004,33.12444006
8349026,2017,2017-12-26,3705,2017-03-09,2103,EC0354,NA,4,5,5,3705,0,0,0,NA,0,010,MOLLISON AV,BROADWAY,49,S,N,A,-,N,NA,NA,NA,NA,NA,NA,NA,NA,NA,N,3,0,1,2,A,-,11,21950,B,N,G,B,D,A,H,-,C,A,0,Y,NA,NA,NA,Y,Y,N,60,0,1,0,0,1,0,0,0,0,-,-,NA,NA,SAN DIEGO,EL CAJON,-116.95097158,32.80756581
83490919,2024,2024-08-05,3706,2024-07-31,638,441,NA,3,5,6,3706,0,0,0,NA,0,046,EL NORTE PY,VALLEY PY,94,W,N,A,-,N,NA,NA,NA,NA,NA,NA,NA,NA,NA,N,4,0,1,4,A,-,03,22350,NA,N,C,D,A,A,H,-,A,A,0,NA,NA,NA,NA,Y,NA,A,01,0,0,1,0,0,0,0,0,0,-,-,33.14921188354492,-117.03307342529295,SAN DIEGO,ESCONDIDO,-117.03346252441406,33.14972686767578
8349431,2017,2017-04-20,3711,2017-04-01,2249,7279,NA,6,5,7,3711,0,0,0,NA,0,452,IMPERIAL AV,IMPERIAL AV  6200,20,N,N,A,-,N,NA,NA,NA,NA,NA,NA,NA,NA,NA,N,3,0,1,2,A,-,11,21955,NA,N,G,B,-,A,H,-,C,A,0,Y,NA,NA,NA,Y,Y,N,60,0,1,0,0,1,0,0,0,0,-,-,NA,NA,SAN DIEGO,SAN DIEGO,NA,NA
8349785,2017,2017-05-04,3700,2017-03-07,1316,SH0304,NA,2,5,5,3782,0,0,0,NA,0,210,COAST HIGHWAY 101,AVOCADO ST,24,N,N,A,-,N,NA,NA,NA,NA,NA,NA,NA,NA,NA,Y,4,0,1,3,A,-,03,22350,NA,N,C,C,A,A,H,-,A,D,0,NA,NA,NA,NA,Y,NA,D,22,0,0,1,0,0,0,0,0,0,-,-,NA,NA,SAN DIEGO,ENCINITAS,-117.3059897,33.07541363
8353209,2017,2017-04-27,3700,2017-04-07,1531,SH3913,NA,5,5,5,3712,0,0,0,NA,0,357,EAST MISSION RD,WOODLAND PKWY,0,NA,Y,A,-,N,NA,NA,NA,NA,NA,NA,NA,NA,NA,Y,3,0,1,3,A,-,04,21703,NA,N,C,C,A,A,H,-,A,A,0,NA,NA,NA,NA,Y,NA,A,08,0,1,0,0,0,0,0,0,0,-,-,NA,NA,SAN DIEGO,SAN MARCOS,-117.1391501,33.14157004
8353368,2017,2017-04-28,3705,2017-03-23,1807,EC0324,NA,4,5,5,3705,0,0,0,NA,0,010,MAIN,SUNSHINE,15,E,N,A,-,N,NA,NA,NA,NA,NA,NA,NA,NA,NA,N,4,0,1,2,A,-,09,21453,B,N,D,C,A,A,H,-,A,A,0,NA,NA,NA,NA,Y,NA,A,01,0,0,1,0,0,0,0,0,0,-,-,NA,NA,SAN DIEGO,EL CAJON,-116.96472136,32.79496
8353705,2017,2017-05-02,3706,2017-04-17,0232,483,ESCON,1,5,6,3706,0,0,0,NA,0,041,EL NORTE PKWY,ASH ST,0,NA,Y,A,-,N,NA,NA,NA,NA,NA,NA,NA,NA,NA,Y,3,0,4,2,A,-,03,22350,NA,F,C,C,A,A,H,-,C,A,0,NA,NA,NA,NA,Y,NA,A,01,0,1,3,0,0,0,0,0,0,-,-,33.14391,-117.07802,SAN DIEGO,ESCONDIDO,-117.07803013,33.14388006
8356117,2017,2017-05-04,3711,2017-04-20,1939,6788,NA,4,5,7,3711,0,0,0,NA,0,313,CONVOY ST,OTHELLO AV,528,S,N,A,-,N,NA,NA,NA,NA,NA,NA,NA,NA,NA,N,3,0,2,2,A,-,08,22107,NA,N,B,C,A,A,H,-,C,D,0,NA,NA,NA,NA,Y,NA,A,01,0,1,1,0,0,0,0,0,0,-,-,NA,NA,SAN DIEGO,SAN DIEGO,-117.15444881,32.81574008
8356992,2017,2017-05-03,3711,2017-04-23,1010,7274,NA,7,5,7,3711,0,0,0,NA,0,627,WASHINGTON ST,5TH AV,0,NA,Y,A,-,N,NA,NA,NA,NA,NA,NA,NA,NA,NA,Y,3,0,1,2,A,-,08,22102,NA,M,B,C,A,A,H,-,A,A,0,NA,NA,Y,NA,Y,NA,-,NA,0,1,0,0,0,0,0,0,1,-,-,NA,NA,SAN DIEGO,SAN DIEGO,-117.16083003,32.75000009
8357236,2017,2017-05-10,3711,2017-04-25,0747,8726,MC,2,5,7,3711,0,0,0,NA,0,839,UNIVERSITY AV,WABASH AV,150,W,N,B,-,N,NA,NA,NA,NA,NA,NA,NA,NA,NA,Y,4,0,1,2,A,-,09,21804,A,N,A,C,A,A,H,-,A,A,0,NA,NA,NA,NA,Y,NA,-,NA,0,0,1,0,0,0,0,0,0,-,-,NA,NA,SAN DIEGO,SAN DIEGO,-117.12119248,32.74897438
8358204,2017,2017-05-05,3700,2017-04-19,1713,SH3183,NA,3,5,5,3713,0,0,0,NA,0,303,EAST VISTA WY,MEADOWLAKE DR,105,S,N,A,-,N,NA,NA,NA,NA,NA,NA,NA,NA,NA,Y,4,0,1,2,A,-,04,21703,NA,N,C,C,A,A,H,-,A,D,0,NA,NA,NA,Y,Y,NA,A,01,0,0,1,0,0,0,0,0,0,-,-,NA,NA,SAN DIEGO,VISTA,-117.22956894,33.21187632
8358552,2017,2017-05-04,3700,2017-03-29,1845,SH2573,NA,3,5,5,3782,0,0,0,NA,0,206,QUAIL GARDENS RD,LEUCADIA BL,0,NA,Y,A,-,N,NA,NA,NA,NA,NA,NA,NA,NA,NA,Y,3,0,1,1,A,-,03,22350,NA,N,E,I,A,A,H,-,A,A,0,NA,NA,NA,NA,Y,NA,A,01,0,1,0,0,0,0,0,0,0,-,-,NA,NA,SAN DIEGO,ENCINITAS,-117.27844,33.06543008
8359573,2017,2017-12-26,3700,2017-03-10,1548,SH1706,NA,5,5,5,3782,0,0,0,NA,0,222,MELBA RD,BRACERO RD,0,NA,Y,A,-,N,NA,NA,NA,NA,NA,NA,NA,NA,NA,Y,4,0,1,2,A,-,09,21802,A,N,D,C,A,A,H,-,A,D,0,NA,NA,NA,NA,Y,NA,A,01,0,0,1,0,0,0,0,0,0,-,-,NA,NA,SAN DIEGO,ENCINITAS,-117.27493008,33.0398501
8359668,2017,2017-05-09,3701,2017-04-14,1155,CB5365,NA,5,5,5,3701,0,0,0,NA,0,005,FARADAY AV,VAN ALLEN WY,0,NA,Y,A,-,N,NA,NA,NA,NA,NA,NA,NA,NA,NA,Y,4,0,1,1,B,-,22,NA,NA,N,H,A,A,A,H,-,A,A,0,NA,NA,Y,NA,Y,NA,C,02,0,0,1,0,0,0,0,0,1,-,-,NA,NA,SAN DIEGO,CARLSBAD,-117.28744004,33.13645002
8359742,2017,2017-05-09,3711,2017-04-30,1821,7534,SD,7,5,7,3711,0,0,0,NA,0,521,16TH ST,F ST,0,NA,Y,A,-,N,NA,NA,NA,NA,NA,NA,NA,NA,NA,Y,4,0,1,2,A,-,12,21453,A,N,D,C,A,A,H,-,A,A,0,NA,NA,NA,NA,Y,NA,A,01,0,0,1,0,0,0,0,0,0,-,-,NA,NA,SAN DIEGO,SAN DIEGO,-117.14943008,32.71367003
8359750,2017,2017-05-09,3711,2017-04-03,0851,6532,NA,1,5,7,3711,0,0,0,NA,0,613,WEST POINT LOMA BL,NIMITZ BL,85,E,N,B,-,N,NA,NA,NA,NA,NA,NA,NA,NA,NA,Y,4,0,2,5,A,-,08,22107,NA,N,C,-,A,-,H,-,A,A,0,NA,NA,NA,NA,Y,NA,M,47,0,0,2,0,0,0,0,0,0,-,-,NA,NA,SAN DIEGO,SAN DIEGO,-117.23585756,32.75131104
8361446,2017,2017-05-16,3710,2017-04-26,0100,OC1418,NA,3,5,6,3710,0,0,0,NA,0,033,COLLEGE BL,MESA DR,0,NA,Y,A,-,N,NA,NA,NA,NA,NA,NA,NA,NA,NA,Y,4,0,2,2,A,-,12,21453,A,N,D,C,A,A,H,-,C,A,0,NA,NA,NA,NA,Y,Y,A,01,0,0,2,0,0,0,0,0,0,-,-,NA,NA,SAN DIEGO,OCEANSIDE,-117.29258009,33.22521001
8361451,2017,2017-05-18,3711,2017-04-27,2047,7469,SD,4,5,7,3711,0,0,0,NA,0,521,BROADWAY,16TH ST,0,NA,Y,A,-,N,NA,NA,NA,NA,NA,NA,NA,NA,NA,Y,4,0,6,2,A,-,04,21703,NA,N,D,C,A,A,H,-,C,A,0,NA,NA,NA,NA,Y,NA,-,NA,0,0,6,0,0,0,0,0,0,-,-,NA,NA,SAN DIEGO,SAN DIEGO,-117.14947003,32.71575011
8361533,2017,2017-05-22,3711,2017-05-06,0224,7485,NA,6,5,7,3711,0,0,0,NA,0,523,G ST,5TH AV,0,NA,Y,A,-,N,NA,NA,NA,NA,NA,NA,NA,NA,NA,N,4,0,1,2,A,-,04,21703,NA,N,C,C,A,A,H,-,C,A,0,NA,NA,NA,NA,Y,Y,-,NA,0,0,1,0,0,0,0,0,0,-,-,NA,NA,SAN DIEGO,SAN DIEGO,-117.16014005,32.71257008
8361557,2017,2017-05-17,3711,2017-05-06,0001,7467,SD,6,5,7,3711,0,0,0,NA,0,521,MARKET ST,MARKET ST 1400,24,S,N,A,-,N,NA,NA,NA,NA,NA,NA,NA,NA,NA,Y,4,0,2,2,A,-,09,21802,A,N,B,C,A,A,H,-,C,D,0,NA,NA,NA,NA,Y,NA,-,NA,0,0,2,0,0,0,0,0,0,-,-,NA,NA,SAN DIEGO,SAN DIEGO,NA,NA
8361577,2017,2017-05-22,3711,2017-05-05,0531,8447,NA,5,5,7,3711,0,0,0,NA,0,713,SIEMPRE VIVA RD,ROLL DR,9,E,N,A,-,N,NA,NA,NA,NA,NA,NA,NA,NA,NA,N,4,0,2,3,A,-,11,21954,A,M,G,B,D,A,H,-,B,D,0,Y,NA,NA,NA,Y,NA,N,60,0,0,2,0,2,0,0,0,0,-,-,NA,NA,SAN DIEGO,SAN DIEGO,-116.93762339,32.55651998
8364235,2017,2017-05-23,3700,2017-04-04,1544,SH0742,NA,2,5,4,3780,0,0,0,NA,0,410,POWAY RD,COMMUNITY RD,812,W,N,A,-,N,NA,NA,NA,NA,NA,NA,NA,NA,NA,Y,3,0,1,2,A,-,03,22350,NA,N,C,C,A,A,H,-,A,D,0,NA,NA,NA,NA,Y,NA,A,01,0,1,0,0,0,0,0,0,0,-,-,NA,NA,SAN DIEGO,POWAY,-117.04344775,32.95641083
8366638,2017,2017-07-21,3701,2017-05-07,0553,CB5449,NA,7,5,5,3701,0,0,0,NA,0,007,AVIARA PKWY,POINSETTIA LN,0,NA,Y,C,-,N,NA,NA,NA,NA,NA,NA,NA,NA,NA,Y,4,0,1,2,A,-,12,21453,A,N,D,C,A,B,-,-,-,A,0,NA,NA,NA,NA,Y,NA,A,07,0,0,1,0,0,0,0,0,0,-,-,NA,NA,SAN DIEGO,CARLSBAD,-117.29563003,33.10996006
8366655,2017,2017-06-16,3710,2017-04-08,2150,OC1421,NA,6,5,6,3710,0,0,0,NA,0,024,MESA DR,RANCHO DEL ORO,110,W,N,A,-,N,NA,NA,NA,NA,NA,NA,NA,NA,NA,N,4,0,2,2,A,-,03,22350,NA,N,C,C,A,A,H,-,C,A,0,NA,NA,NA,NA,Y,NA,A,01,0,0,2,0,0,0,0,0,0,-,-,NA,NA,SAN DIEGO,OCEANSIDE,-117.31824795,33.21451819
8369374,2017,2017-05-30,3705,2017-04-17,1633,EC0295,NA,1,5,5,3705,0,0,0,NA,0,010,BALLANTYNE,E MADISON,0,NA,Y,A,-,N,NA,NA,NA,NA,NA,NA,NA,NA,NA,Y,4,0,2,2,A,-,12,21453,A,N,D,C,A,A,H,-,A,A,0,NA,NA,NA,NA,Y,NA,A,01,0,0,2,0,0,0,0,0,0,-,-,NA,NA,SAN DIEGO,EL CAJON,-116.95814012,32.80092005
8369418,2017,2017-05-30,3705,2017-04-05,0640,EC5258,NA,3,5,5,3705,0,0,0,NA,0,006,EL CAJON BL,WASHINGTON AV,15,S,N,A,-,N,NA,NA,NA,NA,NA,NA,NA,NA,NA,N,4,0,1,2,A,-,03,22350,NA,N,C,C,A,A,H,-,A,A,0,NA,NA,NA,NA,Y,NA,A,07,0,0,1,0,0,0,0,0,0,-,-,NA,NA,SAN DIEGO,EL CAJON,-116.9747809,32.78770828
8369875,2017,2017-06-05,3706,2017-05-14,1027,0506,ESCON,7,5,6,3706,0,0,0,NA,0,042,ASH ST,WASHINGTON AV,165,S,N,A,-,N,NA,NA,78,NA,NA,NA,NA,NA,NA,N,4,0,2,3,A,-,03,22350,NA,N,C,D,A,A,H,-,A,A,0,NA,NA,NA,NA,Y,NA,A,01,0,0,2,0,0,0,0,0,0,-,-,33.13309,-117.06804,SAN DIEGO,ESCONDIDO,-117.06803344,33.13307913
8370530,2017,2017-05-19,3711,2017-05-10,1441,6979,3711,3,5,7,3711,0,0,0,NA,0,114,CLAIREMONT DR,CLAIREMONT MESA BL,0,NA,Y,B,-,N,NA,NA,NA,NA,NA,NA,NA,NA,NA,N,4,0,1,2,A,-,05,21650,1,N,B,G,A,A,H,-,A,A,0,NA,Y,NA,NA,Y,NA,L,04,0,0,1,0,0,0,1,0,0,-,-,NA,NA,SAN DIEGO,SAN DIEGO,-117.20615013,32.82771009
8371866,2017,2017-05-25,3711,2017-05-09,0826,8192,NA,2,5,7,3711,0,0,0,NA,0,824,MONROE AV,DAWSON AV,0,NA,Y,C,-,N,NA,NA,NA,NA,NA,NA,NA,NA,NA,Y,4,0,1,2,A,-,09,21802,A,N,A,C,A,B,H,-,A,A,0,NA,NA,NA,NA,Y,NA,A,01,0,0,1,0,0,0,0,0,0,-,-,NA,NA,SAN DIEGO,SAN DIEGO,-117.08252006,32.75895007
8372034,2017,2017-05-23,3711,2017-05-02,1229,5611,NA,2,5,7,3711,0,0,0,NA,0,242,MIRA MESA BL,BLACK MOUNTAIN RD,402,W,N,A,-,N,NA,NA,NA,NA,NA,NA,NA,NA,NA,Y,4,0,2,4,A,-,03,22350,NA,N,C,C,A,A,H,-,A,D,0,NA,NA,NA,NA,Y,NA,A,01,0,0,2,0,0,0,0,0,0,-,-,NA,NA,SAN DIEGO,SAN DIEGO,-117.12619539,32.91721179