CASE_ID,ACCIDENT_YEAR,PROC_DATE,JURIS,COLLISION_DATE,COLLISION_TIME,OFFICER_ID,REPORTING_DISTRICT,DAY_OF_WEEK,CHP_SHIFT,POPULATION,CNTY_CITY_LOC,SPECIAL_COND,BEAT_TYPE,CHP_BEAT_TYPE,CITY_DIVISION_LAPD,CHP_BEAT_CLASS,BEAT_NUMBER,PRIMARY_RD,SECONDARY_RD,DISTANCE,DIRECTION,INTERSECTION,WEATHER_1,WEATHER_2,STATE_HWY_IND,CALTRANS_COUNTY,CALTRANS_DISTRICT,STATE_ROUTE,ROUTE_SUFFIX,POSTMILE_PREFIX,POSTMILE,LOCATION_TYPE,RAMP_INTERSECTION,SIDE_OF_HWY,TOW_AWAY,COLLISION_SEVERITY,NUMBER_KILLED,NUMBER_INJURED,PARTY_COUNT,PRIMARY_COLL_FACTOR,PCF_CODE_OF_VIOL,PCF_VIOL_CATEGORY,PCF_VIOLATION,PCF_VIOL_SUBSECTION,HIT_AND_RUN,TYPE_OF_COLLISION,MVIW,PED_ACTION,ROAD_SURFACE,ROAD_COND_1,ROAD_COND_2,LIGHTING,CONTROL_DEVICE,CHP_ROAD_TYPE,PEDESTRIAN_ACCIDENT,BICYCLE_ACCIDENT,MOTORCYCLE_ACCIDENT,TRUCK_ACCIDENT,NOT_PRIVATE_PROPERTY,ALCOHOL_INVOLVED,STWD_VEHTYPE_AT_FAULT,CHP_VEHTYPE_AT_FAULT,COUNT_SEVERE_INJ,COUNT_VISIBLE_INJ,COUNT_COMPLAINT_PAIN,COUNT_PED_KILLED,COUNT_PED_INJURED,COUNT_BICYCLIST_KILLED,COUNT_BICYCLIST_INJURED,COUNT_MC_KILLED,COUNT_MC_INJURED,PRIMARY_RAMP,SECONDARY_RAMP,LATITUDE,LONGITUDE,COUNTY,CITY,POINT_X,POINT_Y
8699686,2018,2018-09-28,3702,2018-08-31,1111,CV1147,NA,5,5,6,3702,0,0,0,NA,0,042,LA MEDIA RD,SANTA VENITIA ST,16,N,N,A,-,N,NA,NA,NA,NA,NA,NA,NA,NA,NA,Y,4,0,1,2,A,-,21,22106,NA,F,C,C,A,A,H,-,A,A,0,NA,NA,NA,NA,Y,NA,A,01,0,0,1,0,0,0,0,0,0,-,-,NA,NA,SAN DIEGO,CHULA VISTA,-116.98458099365234,32.6215934753418
8699706,2018,2018-09-28,3702,2018-08-15,1616,CV1165,NA,3,5,6,3702,0,0,0,NA,0,042,EASTLAKE PKWY,STRATA ST,190,S,N,A,-,N,NA,NA,NA,NA,NA,NA,NA,NA,NA,Y,3,0,1,1,A,-,08,22107,NA,M,E,I,A,A,H,-,A,A,0,NA,NA,NA,NA,Y,Y,A,01,0,1,0,0,0,0,0,0,0,-,-,NA,NA,SAN DIEGO,CHULA VISTA,-116.9602279663086,32.61469268798828
8699718,2018,2018-09-28,3702,2018-08-18,1834,CV1177,NA,6,5,6,3702,0,0,0,NA,0,031,EAST H ST,TERRA NOVA DR,630,E,N,A,-,N,NA,NA,NA,NA,NA,NA,NA,NA,NA,Y,4,0,1,1,A,-,07,21658,A,N,E,J,A,A,H,-,A,D,0,NA,NA,NA,NA,Y,NA,A,01,0,0,1,0,0,0,0,0,0,-,-,NA,NA,SAN DIEGO,CHULA VISTA,-117.04109954833984,32.63835525512695
8699871,2018,2018-10-02,3702,2018-08-30,0831,CV1060,NA,4,5,6,3702,0,0,0,NA,0,023,OLEANDER AV,EAST PALOMAR ST,0,NA,Y,A,-,N,NA,NA,NA,NA,NA,NA,NA,NA,NA,Y,4,0,2,2,D,-,00,NA,NA,N,D,C,A,A,H,-,A,D,0,NA,NA,NA,NA,Y,NA,-,-,0,0,2,0,0,0,0,0,0,-,-,NA,NA,SAN DIEGO,CHULA VISTA,-117.0336685180664,32.614688873291016
8703094,2018,2018-10-19,3708,2018-09-25,1957,LM1261,NA,2,5,5,3708,0,0,0,NA,0,004,JACKSON DR,PARKWAY DR,0,NA,Y,A,-,N,NA,NA,NA,NA,NA,NA,NA,NA,NA,Y,4,0,1,2,A,-,01,23153,A,N,H,C,A,A,H,-,B,A,0,NA,NA,NA,NA,Y,Y,A,01,0,0,1,0,0,0,0,0,0,-,-,NA,NA,SAN DIEGO,LA MESA,-117.01841735839844,32.77840042114258
8703946,2018,2018-10-04,3711,2018-08-16,1149,SD6774,NA,4,5,7,3711,0,0,0,NA,0,813,UNIVERSITY AV,LOUISIANA ST,0,NA,Y,A,-,N,NA,NA,NA,NA,NA,NA,NA,NA,NA,Y,3,0,2,2,A,-,09,21801,A,N,D,C,A,A,H,-,A,A,0,NA,NA,NA,NA,Y,NA,A,01,0,1,1,0,0,0,0,0,0,-,-,NA,NA,SAN DIEGO,SAN DIEGO,-117.14002990722656,32.748451232910156
8704897,2018,2018-10-08,3700,2018-07-27,1902,SH0337,NA,5,5,4,3707,0,0,0,NA,0,705,ELM AV,FLORIDA ST,0,NA,Y,A,-,N,NA,NA,NA,NA,NA,NA,NA,NA,NA,Y,3,0,3,2,A,-,01,23152,A,N,D,C,A,A,H,-,A,D,0,NA,NA,NA,NA,Y,Y,A,01,0,1,2,0,0,0,0,0,0,-,-,NA,NA,SAN DIEGO,IMPERIAL BEACH,-117.10936737060548,32.58066940307617
8705211,2018,2018-10-11,3706,2018-09-15,1634,487,ESCON,6,5,6,3706,0,0,0,NA,0,054,GRAND AV,ROSE ST,619,W,N,A,-,N,NA,NA,NA,NA,NA,NA,NA,NA,NA,Y,3,0,1,2,A,-,08,22107,NA,F,A,C,A,A,H,-,A,D,0,NA,NA,NA,Y,Y,NA,F,26,0,1,0,0,0,0,0,0,0,-,-,33.130859375,-117.05748748779295,SAN DIEGO,ESCONDIDO,-117.05918884277344,33.129966735839844
8705215,2018,2018-10-11,3706,2018-09-29,1946,464,ESCON,6,5,6,3706,0,0,0,NA,0,044,WASHINGTON AV,ROSE ST,0,NA,Y,A,-,N,NA,NA,NA,NA,NA,NA,NA,NA,NA,Y,3,0,3,2,A,-,01,23152,A,N,D,C,A,A,H,-,A,A,0,NA,NA,NA,NA,Y,Y,D,23,0,3,0,0,0,0,0,0,0,-,-,33.13724136352539,-117.06095123291016,SAN DIEGO,ESCONDIDO,-117.06089782714844,33.137290954589844
8705571,2018,2018-10-23,3706,2018-09-19,1311,393,ESCON,3,5,6,3706,0,0,0,NA,0,042,WASHINGTON AV,ESCONDIDO BL,357,E,N,A,-,N,NA,NA,NA,NA,NA,NA,NA,NA,NA,Y,3,0,2,3,A,-,03,22350,NA,N,C,C,A,A,H,-,A,D,0,NA,NA,NA,NA,Y,NA,A,01,0,1,1,0,0,0,0,0,0,-,-,33.125728607177734,-117.08789825439452,SAN DIEGO,ESCONDIDO,-117.08685302734376,33.12604904174805
8706779,2018,2018-10-23,3711,2018-09-14,1451,7504,NA,5,5,7,3711,0,0,0,NA,0,934,DEL MAR HEIGHTS,EL CAMINIO REAL,0,NA,Y,A,-,N,NA,NA,NA,NA,NA,NA,NA,NA,NA,Y,4,0,2,3,A,-,03,22350,NA,N,C,C,A,A,H,-,A,A,0,NA,NA,NA,NA,Y,NA,A,01,0,0,2,0,0,0,0,0,0,-,-,NA,NA,SAN DIEGO,SAN DIEGO,-117.23416900634766,32.953861236572266
8708225,2018,2018-11-09,3711,2018-09-21,0920,7811,SDPD,5,5,7,3711,0,0,0,NA,0,313,KEARNY VILLA RD,BALBOA AV,225,S,N,B,-,N,NA,NA,NA,NA,NA,NA,NA,NA,NA,NA,4,0,1,1,A,-,00,21652,C,N,A,I,A,A,H,-,A,D,0,NA,NA,NA,NA,Y,NA,-,-,0,0,1,0,0,0,0,0,0,-,-,NA,NA,SAN DIEGO,SAN DIEGO,-117.14469909667967,32.821189880371094
8709621,2018,2018-10-12,3700,2018-06-03,1646,SH7554,NA,7,5,4,3707,0,0,0,NA,0,703,PALM AV,ALABAMA ST,227,E,N,A,-,N,NA,NA,NA,NA,NA,NA,NA,NA,NA,N,4,0,1,3,A,-,04,21703,NA,N,C,C,A,A,H,-,A,D,0,NA,NA,NA,NA,Y,NA,A,01,0,0,1,0,0,0,0,0,0,-,-,NA,NA,SAN DIEGO,IMPERIAL BEACH,-117.12610626220705,32.58393096923828
8710298,2018,2018-11-13,3711,2018-09-26,1427,6461,NA,3,5,7,3711,0,0,0,NA,0,124,GILMAN DR,LA JOLLA VILLAGE DR,200,S,N,A,-,N,NA,NA,NA,NA,NA,NA,NA,NA,NA,N,3,0,1,1,D,-,00,NA,NA,N,H,A,A,A,D,-,A,D,0,NA,Y,NA,NA,Y,NA,-,-,0,1,0,0,0,0,1,0,0,-,-,NA,NA,SAN DIEGO,SAN DIEGO,-117.23802947998048,32.87114715576172
8710331,2018,2018-10-18,3701,2018-09-25,0940,CB5517,NA,2,5,5,3701,0,0,0,NA,0,005,EL FUERTE ST,FARADAY AV,0,NA,Y,A,-,N,NA,NA,NA,NA,NA,NA,NA,NA,NA,N,4,0,1,2,A,-,04,21703,NA,N,C,C,A,A,H,-,A,A,0,NA,NA,NA,NA,Y,NA,A,01,0,0,1,0,0,0,0,0,0,-,-,NA,NA,SAN DIEGO,CARLSBAD,-117.25884246826172,33.13792037963867
8710632,2018,2018-10-26,3711,2018-10-01,1742,7800,SOUTH,1,5,7,3711,0,0,0,NA,0,444,40TH ST,MARKET ST,450,N,N,A,-,N,NA,NA,NA,NA,NA,NA,NA,NA,NA,N,4,0,1,2,A,-,08,22107,NA,N,D,C,A,A,H,-,A,D,0,NA,NA,NA,NA,Y,NA,D,22,0,0,1,0,0,0,0,0,0,-,-,NA,NA,SAN DIEGO,SAN DIEGO,-117.10865783691406,32.71272277832031
8713617,2018,2018-10-17,3711,2018-09-24,2255,4576,NA,1,5,7,3711,0,0,0,NA,0,714,RAIL CT,EAST SAN YSIDRO BL,250,E,N,B,-,N,NA,NA,NA,NA,NA,NA,NA,NA,NA,N,2,0,1,2,A,-,08,22107,NA,F,E,J,A,A,H,-,C,D,0,NA,NA,NA,NA,Y,NA,-,99,1,0,0,0,0,0,0,0,0,-,-,NA,NA,SAN DIEGO,SAN DIEGO,-117.02833557128906,32.54359817504883
8713634,2018,2018-10-19,3711,2018-10-03,1950,7176,NA,3,5,7,3711,0,0,0,NA,0,515,MARKET ST,25TH ST,345,E,N,B,-,N,NA,NA,NA,NA,NA,NA,NA,NA,NA,N,3,0,1,2,A,-,08,22107,NA,M,B,G,A,A,H,-,C,D,0,NA,Y,NA,NA,Y,NA,L,04,0,1,0,0,0,0,1,0,0,-,-,NA,NA,SAN DIEGO,SAN DIEGO,-117.13915252685548,32.711605072021484
8713661,2018,2018-10-17,3711,2018-09-18,0757,7502,NA,2,5,7,3711,0,0,0,NA,0,613,WEST POINT LOMA BL,LOMA RIVIERA DR,75,E,N,A,-,N,NA,NA,NA,NA,NA,NA,NA,NA,NA,N,3,0,1,2,A,-,11,21950,B,N,E,B,D,A,H,-,A,D,0,Y,NA,NA,NA,Y,NA,N,60,0,1,0,0,1,0,0,0,0,-,-,NA,NA,SAN DIEGO,SAN DIEGO,-117.2237548828125,32.753658294677734
8713956,2018,2018-10-22,3711,2018-10-01,1643,7367,NA,1,5,7,3711,0,0,0,NA,0,437,CASEY ST,APPIAN DR,10,W,N,A,-,N,NA,NA,NA,NA,NA,NA,NA,NA,NA,N,4,0,2,2,A,-,09,21804,A,N,D,C,A,A,H,-,A,A,0,NA,NA,NA,NA,Y,NA,-,NA,0,0,2,0,0,0,0,0,0,-,-,NA,NA,SAN DIEGO,SAN DIEGO,-117.03742980957033,32.678993225097656
8713972,2018,2018-10-26,3711,2018-10-04,0900,6365,NA,4,5,7,3711,0,0,0,NA,0,622,LINDA VISTA RD,METRO ST,42,W,N,A,-,N,NA,NA,NA,NA,NA,NA,NA,NA,NA,N,3,0,2,2,A,-,08,22107,A,N,B,C,A,A,H,-,A,D,0,NA,NA,NA,NA,Y,NA,A,01,0,2,0,0,0,0,0,0,0,-,-,NA,NA,SAN DIEGO,SAN DIEGO,-117.19644165039063,32.765926361083984
8715808,2018,2018-10-15,3706,2018-10-01,1356,322,ESCON,1,5,6,3706,0,0,0,NA,0,052,2ND AV,ESCONDIDO BL,0,NA,Y,B,-,N,NA,NA,NA,NA,NA,NA,NA,NA,NA,Y,4,0,1,2,A,-,08,22100,B,N,B,C,A,A,H,-,A,A,0,NA,NA,NA,NA,Y,NA,A,01,0,0,1,0,0,0,0,0,0,-,-,33.11941146850586,-117.0835189819336,SAN DIEGO,ESCONDIDO,-117.08354949951172,33.119388580322266
8718481,2018,2018-10-26,3700,2018-08-06,1133,SH7710,NA,1,5,5,3782,0,0,0,NA,0,240,RT 101,CHESTERFIELD DR,80,S,N,A,-,N,NA,NA,NA,NA,NA,NA,NA,NA,NA,N,3,0,1,3,A,-,17,22517,NA,N,B,G,A,A,H,-,A,A,0,NA,Y,NA,NA,Y,NA,A,07,0,1,0,0,0,0,1,0,0,-,-,NA,NA,SAN DIEGO,ENCINITAS,-117.2822265625,33.018829345703125
8719783,2018,2018-10-31,3711,2018-10-02,0635,SD6104,NA,2,5,7,3711,0,0,0,NA,0,827,54TH ST,LEA ST,376,N,N,B,-,N,NA,NA,NA,NA,NA,NA,NA,NA,NA,N,4,0,1,2,A,-,07,21658,A,N,B,C,A,A,H,-,A,B,0,NA,NA,NA,Y,Y,NA,F,26,0,0,1,0,0,0,0,0,0,-,-,NA,NA,SAN DIEGO,SAN DIEGO,-117.07951354980467,32.74686813354492
8719971,2018,2018-11-26,3706,2018-10-10,1624,404,ESCON,3,5,6,3706,0,0,0,NA,0,SAN DI,VALLEY PKWY,MIDWAY DR,255,E,N,A,-,N,NA,NA,NA,NA,NA,NA,NA,NA,NA,N,4,0,1,2,A,-,03,22350,NA,N,C,C,A,A,H,-,A,D,0,NA,NA,Y,NA,Y,NA,C,03,0,0,1,0,0,0,0,0,1,-,-,33.1375617980957,-117.05184173583984,SAN DIEGO,ESCONDIDO,-117.05108642578124,33.137847900390625
8719983,2018,2018-11-09,3706,2018-10-15,1757,318,ESCON,1,5,6,3706,0,0,0,NA,0,052,JUNIPER ST,5TH AV,0,NA,Y,A,-,N,NA,NA,NA,NA,NA,NA,NA,NA,NA,Y,3,0,2,2,A,-,09,21801,A,N,A,C,A,A,H,-,A,A,0,NA,NA,NA,NA,Y,NA,A,01,0,2,0,0,0,0,0,0,0,-,-,33.11940002441406,-117.076171875,SAN DIEGO,ESCONDIDO,-117.07620239257813,33.11941146850586
8720692,2018,2018-10-25,3700,2018-09-05,1503,SH2558,NA,3,5,5,3712,0,0,0,NA,0,373,SOUTH RANCHO SANTA FE RD,LAKE SAN MARCOS DR,0,NA,Y,A,-,N,NA,NA,NA,NA,NA,NA,NA,NA,NA,Y,4,0,3,3,A,-,03,22350,NA,N,C,C,A,A,H,-,A,D,0,NA,NA,NA,NA,Y,NA,A,01,0,0,3,0,0,0,0,0,0,-,-,NA,NA,SAN DIEGO,SAN MARCOS,-117.213623046875,33.12665939331055
8721638,2018,2018-11-05,3711,2018-10-10,0715,5700,NA,3,5,7,3711,0,0,0,NA,0,432,CHURCHWARD ST,CHURCHWARD ST 5100,0,NA,Y,A,B,N,NA,NA,NA,NA,NA,NA,NA,NA,NA,N,3,0,1,2,A,-,10,21950,C,N,G,B,D,A,H,-,A,D,0,Y,NA,NA,NA,Y,NA,-,NA,0,1,0,0,1,0,0,0,0,-,-,NA,NA,SAN DIEGO,SAN DIEGO,-117.08434582,32.70411114
8721646,2018,2018-11-05,3711,2018-10-11,1525,7757,NA,4,5,7,3711,0,0,0,NA,0,313,MERCURY ST,VICKERS ST,0,NA,Y,A,-,N,NA,NA,NA,NA,NA,NA,NA,NA,NA,Y,3,0,1,3,A,-,09,21802,A,N,D,C,A,A,H,-,A,D,0,NA,NA,NA,NA,Y,NA,A,01,0,1,0,0,0,0,0,0,0,-,-,NA,NA,SAN DIEGO,SAN DIEGO,-117.14884185791016,32.8272590637207
8722367,2018,2018-11-15,3711,2018-09-25,2235,8672,NA,2,5,7,3711,0,0,0,NA,0,123,SEA WORLD DR,S SHORES PKWY,2112,W,N,A,-,N,NA,NA,NA,NA,NA,NA,NA,NA,NA,NA,4,0,1,2,A,-,01,23152,A,N,E,I,A,A,H,-,C,D,0,NA,NA,NA,NA,Y,Y,A,01,0,0,1,0,0,0,0,0,0,-,-,NA,NA,SAN DIEGO,SAN DIEGO,-117.22100067138672,32.76103591918945
8722609,2018,2018-10-30,3706,2018-10-02,0800,342,ESCON,2,5,6,3706,0,0,0,NA,0,046,VALLEY PKWY,MIDWAY DR,1020,E,N,A,-,N,NA,NA,NA,NA,NA,NA,NA,NA,NA,Y,3,0,1,2,A,-,09,21801,A,N,A,C,A,A,H,-,A,D,0,NA,NA,NA,NA,Y,NA,A,01,0,1,0,0,0,0,0,0,0,-,-,33.1375617980957,-117.05184173583984,SAN DIEGO,ESCONDIDO,-117.04891204833984,33.13887405395508
8722781,2018,2018-11-02,3711,2018-10-18,1854,7595,NA,4,5,7,3711,0,0,0,NA,0,813,EL CAJON BL,UTAH ST,141,W,N,A,-,N,NA,NA,NA,NA,NA,NA,NA,NA,NA,N,3,0,1,2,A,-,17,21235,G,N,D,J,A,A,B,-,C,D,0,NA,NA,Y,NA,Y,NA,C,03,0,1,0,0,0,0,0,0,1,-,-,NA,NA,SAN DIEGO,SAN DIEGO,-117.13311004638672,32.75539779663086
8727587,2018,2019-03-27,3710,2018-12-20,1730,OC1472,2,4,5,6,3710,0,0,0,NA,0,002,MISSION,PIRATES COVE,350,E,N,A,-,Y,SD,11,5,-,R,53.29,R,4,S,Y,4,0,3,3,A,-,03,22350,NA,N,C,C,A,A,H,-,C,A,0,NA,NA,NA,NA,Y,NA,A,08,0,0,3,0,0,0,0,0,0,-,-,NA,NA,SAN DIEGO,OCEANSIDE,-117.37339782714844,33.20063781738281
8727628,2018,2018-11-08,3709,2018-10-16,1450,NC0494,NA,2,5,5,3709,0,0,0,NA,0,023,HIGHLAND AV,21ST ST,0,NA,Y,A,-,N,NA,NA,NA,NA,NA,NA,NA,NA,NA,N,4,0,1,2,A,-,09,21801,A,N,D,C,A,A,H,-,A,A,0,NA,NA,NA,NA,Y,NA,A,01,0,0,1,0,0,0,0,0,0,-,-,NA,NA,SAN DIEGO,NATIONAL CITY,-117.09432983398438,32.6668815612793
8728462,2018,2018-11-09,3702,2018-10-21,1635,CV1232,NA,7,5,6,3702,0,0,0,NA,0,012,BROADWAY AV,H ST,0,NA,Y,A,-,N,NA,NA,NA,NA,NA,NA,NA,NA,NA,Y,4,0,2,3,A,-,01,23152,A,N,A,C,A,A,H,-,A,A,0,NA,NA,NA,NA,Y,Y,A,01,0,0,2,0,0,0,0,0,0,-,-,NA,NA,SAN DIEGO,CHULA VISTA,-117.08946228027344,32.630958557128906
8728691,2018,2018-11-29,3702,2018-06-20,2115,CV1234,NA,3,5,6,3702,0,0,0,NA,0,021,3RD AV,NAPLES ST,421,N,N,A,-,N,NA,NA,NA,NA,NA,NA,NA,NA,NA,N,4,0,1,2,A,-,03,22350,NA,F,C,C,A,A,H,-,C,D,0,NA,NA,NA,NA,Y,Y,A,01,0,0,1,0,0,0,0,0,0,-,-,NA,NA,SAN DIEGO,CHULA VISTA,-117.06951904296876,32.614776611328125
8731282,2018,2018-11-01,3711,2018-09-12,1341,5589,NA,3,5,7,3711,0,0,0,NA,0,327,ALVARADO RD,ALVARADO RD 6500,500,W,N,A,-,N,NA,NA,NA,NA,NA,NA,NA,NA,NA,Y,3,0,1,2,A,-,03,22350,NA,N,D,C,A,A,-,-,A,D,0,NA,NA,NA,NA,Y,NA,A,01,0,1,0,0,0,0,0,0,0,-,-,NA,NA,SAN DIEGO,SAN DIEGO,NA,NA
8731788,2018,2018-12-10,3711,2018-10-26,2228,6967,NA,5,5,7,3711,0,0,0,NA,0,825,43RD ST,EL CAJON BL,185,N,N,A,-,N,NA,NA,NA,NA,NA,NA,NA,NA,NA,N,4,0,1,2,A,-,21,22106,NA,M,A,D,A,A,H,-,C,D,0,NA,NA,NA,NA,Y,NA,J,48,0,0,1,0,0,0,0,0,0,-,-,NA,NA,SAN DIEGO,SAN DIEGO,-117.10189819335938,32.7557258605957
8732011,2018,2019-01-07,3711,2018-10-17,0944,5300,NA,3,5,7,3711,0,0,0,NA,0,114,CLAIREMONT MESA BL,DUBOIS DR,0,NA,Y,A,-,N,NA,NA,NA,NA,NA,NA,NA,NA,NA,N,4,0,1,2,A,-,08,22107,NA,N,B,C,A,A,H,-,A,D,0,NA,NA,NA,NA,Y,NA,A,07,0,0,1,0,0,0,0,0,0,-,-,NA,NA,SAN DIEGO,SAN DIEGO,-117.19772338867188,32.834449768066406
8732763,2018,2018-11-19,3711,2018-10-26,1350,7281,SAN D,5,5,7,3711,0,0,0,NA,0,529,KETTNER BL,SPRUCE ST,24,S,N,A,-,N,NA,NA,NA,NA,NA,NA,NA,NA,NA,N,3,0,1,2,A,-,17,21657,NA,N,H,C,A,A,H,-,A,D,0,NA,NA,Y,NA,Y,NA,C,03,0,1,0,0,0,0,0,0,1,-,-,NA,NA,SAN DIEGO,SAN DIEGO,NA,NA
8732772,2018,2018-11-16,3706,2018-10-19,0730,284,ESCON,5,5,6,3706,0,0,0,NA,0,043,EL NORTE PKWY,CENTRE CITY PKWY,267,W,N,A,-,N,NA,NA,NA,NA,NA,NA,NA,NA,NA,N,4,0,1,2,A,-,09,21804,A,N,H,G,A,A,H,-,A,A,0,NA,Y,NA,NA,Y,NA,A,01,0,0,1,0,0,0,1,0,0,-,-,33.1397705078125,-117.09332275390624,SAN DIEGO,ESCONDIDO,-117.0940399169922,33.1402702331543
8732804,2018,2018-11-20,3711,2018-11-01,1732,6282,NA,4,5,7,3711,0,0,0,NA,0,814,WILSON AV,WILSON AV  4700,0,NA,N,A,-,N,NA,NA,NA,NA,NA,NA,NA,NA,NA,N,3,0,1,1,-,-,-,NA,NA,N,G,-,A,A,H,-,A,D,0,NA,NA,Y,NA,Y,NA,-,-,0,1,0,0,0,0,0,0,1,-,-,NA,NA,SAN DIEGO,SAN DIEGO,-117.11621761,32.7632897
8732812,2018,2018-11-20,3711,2018-11-01,1500,5226,NA,4,5,7,3711,0,0,0,NA,0,515,28TH ST,L ST,0,NA,Y,A,-,N,NA,NA,NA,NA,NA,NA,NA,NA,NA,N,4,0,1,2,A,-,09,21801,NA,M,D,C,A,A,H,-,A,A,0,NA,NA,NA,NA,Y,NA,-,NA,0,0,1,0,0,0,0,0,0,-,-,NA,NA,SAN DIEGO,SAN DIEGO,-117.13387298583984,32.707420349121094
8732827,2018,2018-11-20,3711,2018-11-02,1945,7695,NA,5,5,7,3711,0,0,0,NA,0,528,INDIA ST,W FIR,75,N,N,A,-,N,NA,NA,NA,NA,NA,NA,NA,NA,NA,NA,4,0,1,2,A,-,03,22350,NA,N,B,C,A,A,H,-,C,D,0,NA,NA,NA,NA,Y,NA,-,NA,0,0,1,0,0,0,0,0,0,-,-,NA,NA,SAN DIEGO,SAN DIEGO,-117.16864776611328,32.72461700439453
8733806,2018,2018-12-05,3711,2018-10-25,1936,7791,SAN D,4,5,7,3711,0,0,0,NA,0,114,CLAIREMONT MESA BL,DIANE AV,528,W,N,A,-,N,NA,NA,NA,NA,NA,NA,NA,NA,NA,Y,3,0,2,3,A,-,09,21801,A,N,D,C,A,A,H,-,C,D,0,NA,NA,NA,NA,Y,NA,A,01,0,1,1,0,0,0,0,0,0,-,-,NA,NA,SAN DIEGO,SAN DIEGO,-117.1887664794922,32.83454895019531
8733838,2018,2018-12-05,3711,2018-10-16,1409,6403,NA,2,5,7,3711,0,0,0,NA,0,242,PARKDALE AV,FLANDERS DR,25,S,N,A,-,N,NA,NA,NA,NA,NA,NA,NA,NA,NA,N,4,0,1,4,A,-,09,21800,A,N,D,C,A,A,H,-,A,D,0,NA,NA,NA,NA,Y,NA,-,NA,0,0,1,0,0,0,0,0,0,-,-,NA,NA,SAN DIEGO,SAN DIEGO,-117.15443420410156,32.90664291381836
8734773,2018,2018-11-19,3705,2018-08-31,1516,EC0163,NA,5,5,5,3705,0,0,0,NA,0,002,1ST,BROADWAY,0,NA,Y,A,-,N,NA,NA,NA,NA,NA,NA,NA,NA,NA,Y,3,0,2,2,A,-,09,21453,C,N,D,C,A,A,H,-,A,A,0,NA,NA,NA,NA,Y,NA,A,01,0,1,1,0,0,0,0,0,0,-,-,NA,NA,SAN DIEGO,EL CAJON,-116.94458770751952,32.807701110839844
8734976,2018,2018-12-20,3709,2018-10-23,1515,NC0494,NA,2,5,5,3709,0,0,0,NA,0,024,NATIONAL CITY BL,W 22ND ST,0,NA,Y,A,-,N,NA,NA,NA,NA,NA,NA,NA,NA,NA,N,4,0,1,3,A,-,10,21950,A,N,H,B,B,A,H,-,A,A,0,Y,NA,NA,NA,Y,NA,A,01,0,0,1,0,1,0,0,0,0,-,-,NA,NA,SAN DIEGO,NATIONAL CITY,-117.10221862792967,32.66373062133789
8735459,2018,2018-11-14,3711,2018-10-30,1930,7443,NA,2,5,7,3711,0,0,0,NA,0,529,6TH AV,LAUREL ST,21,N,N,A,-,N,NA,NA,NA,NA,NA,NA,NA,NA,NA,Y,3,0,5,5,A,-,12,21453,A,M,D,B,F,A,H,-,C,A,0,Y,NA,NA,NA,Y,NA,A,01,0,4,1,0,3,0,0,0,0,-,-,NA,NA,SAN DIEGO,SAN DIEGO,-117.15943908691406,32.7314453125
8735968,2019,2019-04-04,3700,2019-03-21,1313,0416,NA,4,5,5,3713,0,0,0,NA,0,317,POINSETTIA AV,CORPORATE VIEW,0,NA,Y,B,-,N,NA,NA,NA,NA,NA,NA,NA,NA,NA,Y,4,0,1,2,A,-,09,21804,A,N,F,C,A,A,H,-,A,D,0,NA,NA,NA,NA,Y,NA,A,01,0,0,1,0,0,0,0,0,0,-,-,NA,NA,SAN DIEGO,VISTA,-117.22638702392578,33.13505172729492
8738374,2018,2018-12-31,3711,2018-11-06,1248,7663,NA,2,5,7,3711,0,0,0,NA,0,112,BALBOA,GENESEE,12,N,N,A,-,N,NA,NA,NA,NA,NA,NA,NA,NA,NA,N,3,0,1,2,A,-,10,21950,A,N,-,G,A,A,H,-,A,A,0,NA,Y,NA,NA,Y,NA,-,NA,0,1,0,0,0,0,1,0,0,-,-,NA,NA,SAN DIEGO,SAN DIEGO,-117.18198394775392,32.81938171386719
8738693,2018,2019-01-11,3709,2018-10-30,0118,NC0447,NA,2,5,5,3709,0,0,0,NA,0,024,EAST 30TH ST,HIGHLAND AV,0,NA,Y,A,-,N,NA,NA,NA,NA,NA,NA,NA,NA,NA,Y,4,0,1,3,A,-,01,23152,A,N,C,E,A,A,H,-,C,D,0,NA,NA,NA,NA,Y,Y,A,01,0,0,1,0,0,0,0,0,0,-,-,NA,NA,SAN DIEGO,NATIONAL CITY,-117.0913314819336,32.65916061401367
8738878,2018,2019-01-11,3711,2018-11-02,1842,7801,NA,5,5,7,3711,0,0,0,NA,0,835,HOME AV,RT 805,250,E,N,A,-,N,NA,NA,NA,NA,NA,NA,NA,NA,NA,N,3,0,1,2,A,-,03,22350,NA,N,C,C,A,A,H,-,C,A,0,NA,NA,NA,NA,Y,NA,A,01,0,1,0,0,0,0,0,0,0,-,-,NA,NA,SAN DIEGO,SAN DIEGO,-117.10320281982422,32.72576904296875
8740642,2018,2018-11-26,3700,2018-09-28,1703,SH1706,NA,5,5,3,3783,0,0,0,NA,0,274,LOMAS SANTA FE DR,CAMINO DE LAS VILLAS,259,E,N,A,-,N,NA,NA,NA,NA,NA,NA,NA,NA,NA,Y,2,0,1,1,A,-,08,22107,NA,N,E,I,A,A,H,-,A,D,0,NA,NA,NA,NA,Y,Y,D,22,1,0,0,0,0,0,0,0,0,-,-,NA,NA,SAN DIEGO,SOLANA BEACH,-117.24658966064452,32.996028900146484
8741997,2018,2018-11-30,3711,2018-11-08,1659,7806,NA,4,5,7,3711,0,0,0,NA,0,111,BALBOA ARMS DR,MOUNT ABERNATHY AV,803,W,N,A,-,N,NA,NA,NA,NA,NA,NA,NA,NA,NA,N,4,0,1,2,A,-,09,21804,A,N,D,C,A,A,H,-,B,A,0,NA,NA,NA,NA,Y,NA,A,01,0,0,1,0,0,0,0,0,0,-,-,NA,NA,SAN DIEGO,SAN DIEGO,-117.17805480957033,32.82265853881836