CASE_ID,ACCIDENT_YEAR,PROC_DATE,JURIS,COLLISION_DATE,COLLISION_TIME,OFFICER_ID,REPORTING_DISTRICT,DAY_OF_WEEK,CHP_SHIFT,POPULATION,CNTY_CITY_LOC,SPECIAL_COND,BEAT_TYPE,CHP_BEAT_TYPE,CITY_DIVISION_LAPD,CHP_BEAT_CLASS,BEAT_NUMBER,PRIMARY_RD,SECONDARY_RD,DISTANCE,DIRECTION,INTERSECTION,WEATHER_1,WEATHER_2,STATE_HWY_IND,CALTRANS_COUNTY,CALTRANS_DISTRICT,STATE_ROUTE,ROUTE_SUFFIX,POSTMILE_PREFIX,POSTMILE,LOCATION_TYPE,RAMP_INTERSECTION,SIDE_OF_HWY,TOW_AWAY,COLLISION_SEVERITY,NUMBER_KILLED,NUMBER_INJURED,PARTY_COUNT,PRIMARY_COLL_FACTOR,PCF_CODE_OF_VIOL,PCF_VIOL_CATEGORY,PCF_VIOLATION,PCF_VIOL_SUBSECTION,HIT_AND_RUN,TYPE_OF_COLLISION,MVIW,PED_ACTION,ROAD_SURFACE,ROAD_COND_1,ROAD_COND_2,LIGHTING,CONTROL_DEVICE,CHP_ROAD_TYPE,PEDESTRIAN_ACCIDENT,BICYCLE_ACCIDENT,MOTORCYCLE_ACCIDENT,TRUCK_ACCIDENT,NOT_PRIVATE_PROPERTY,ALCOHOL_INVOLVED,STWD_VEHTYPE_AT_FAULT,CHP_VEHTYPE_AT_FAULT,COUNT_SEVERE_INJ,COUNT_VISIBLE_INJ,COUNT_COMPLAINT_PAIN,COUNT_PED_KILLED,COUNT_PED_INJURED,COUNT_BICYCLIST_KILLED,COUNT_BICYCLIST_INJURED,COUNT_MC_KILLED,COUNT_MC_INJURED,PRIMARY_RAMP,SECONDARY_RAMP,LATITUDE,LONGITUDE,COUNTY,CITY,POINT_X,POINT_Y
8778460,2018,2019-01-28,3706,2018-12-05,1329,374,ESCON,3,5,6,3706,0,0,0,NA,0,041,BROADWAY,EL NORTE PKWY,0,NA,Y,C,-,N,NA,NA,NA,NA,NA,NA,NA,NA,NA,Y,4,0,1,2,A,-,09,21453,C,N,D,C,A,B,H,-,A,A,0,NA,NA,NA,NA,Y,NA,A,01,0,0,1,0,0,0,0,0,0,-,-,33.13990020751953,-117.08950042724608,SAN DIEGO,ESCONDIDO,-117.08950042724608,33.1397705078125
8779041,2018,2019-02-11,3700,2018-11-02,1103,SH1706,NA,5,5,5,3782,0,0,0,NA,0,224,MANCHESTER AV,VIA POCO,0,NA,Y,A,-,N,NA,NA,NA,NA,NA,NA,NA,NA,NA,Y,4,0,1,3,A,-,03,22350,NA,N,C,C,A,A,H,-,A,D,0,NA,NA,NA,Y,Y,NA,F,26,0,0,1,0,0,0,0,0,0,-,-,NA,NA,SAN DIEGO,ENCINITAS,-117.26265716552734,33.0112190246582
8779597,2018,2019-02-04,3705,2018-11-03,1720,EC0337,NA,6,5,5,3705,0,0,0,NA,0,002,N MOLLISON,RT 8,87,S,N,A,-,Y,SD,11,8,-,-,16.34,R,4,E,N,4,0,1,2,A,-,08,22107,NA,N,B,C,A,A,H,-,A,A,0,NA,NA,Y,NA,Y,NA,C,02,0,0,1,0,0,0,0,0,1,-,EF,NA,NA,SAN DIEGO,EL CAJON,-116.95320129394533,32.802940368652344
8781171,2019,2019-02-01,3711,2019-01-07,0819,7418,NA,1,5,7,3711,0,0,0,NA,0,124,VILLA LA JOLLA DR,NOBEL DR,150,N,Y,A,-,N,NA,NA,NA,NA,NA,NA,NA,NA,NA,N,4,0,1,2,A,-,04,21703,NA,N,C,C,A,A,H,-,A,A,0,NA,NA,NA,NA,Y,Y,A,01,0,0,1,0,0,0,0,0,0,-,-,NA,NA,SAN DIEGO,SAN DIEGO,-117.2334442138672,32.86798858642578
8782026,2018,2019-01-23,3708,2018-11-27,1422,LM1225,NA,2,5,5,3708,0,0,0,NA,0,001,SPRING ST,LA MESA BL,0,NA,Y,A,-,N,NA,NA,NA,NA,NA,NA,NA,NA,NA,N,4,0,1,2,A,-,03,22350,NA,N,C,C,A,A,H,-,A,A,0,NA,NA,NA,NA,Y,NA,A,01,0,0,1,0,0,0,0,0,0,-,-,NA,NA,SAN DIEGO,LA MESA,-117.02007293701172,32.764549255371094
8783979,2018,2019-01-29,3709,2018-12-15,1807,NC0458,NA,6,5,5,3709,0,0,0,NA,0,021,EAST DIVISION ST,GILBERT LN,0,NA,Y,A,-,N,NA,NA,NA,NA,NA,NA,NA,NA,NA,N,4,0,1,2,A,-,08,22107,NA,N,A,C,A,A,H,-,C,D,0,NA,NA,NA,NA,Y,NA,A,01,0,0,1,0,0,0,0,0,0,-,-,NA,NA,SAN DIEGO,NATIONAL CITY,-117.09490203857422,32.68684005737305
8783988,2018,2019-01-23,3708,2018-11-15,1930,LM1259,NA,4,5,5,3708,0,0,0,NA,0,002,FLETCHER PKWY,JACKSON DR,0,NA,Y,A,-,N,NA,NA,NA,NA,NA,NA,NA,NA,NA,N,4,0,1,2,A,-,06,21760,NA,N,D,G,A,A,H,-,C,A,0,NA,Y,NA,NA,Y,NA,A,01,0,0,1,0,0,0,1,0,0,-,-,NA,NA,SAN DIEGO,LA MESA,-117.01825714111328,32.777618408203125
8786341,2019,2019-02-06,3710,2019-01-18,0838,OC1358,010,5,5,6,3710,0,0,0,NA,0,004,HIGGINS ST,SANTA BARBARA ST,11,W,N,B,-,N,NA,NA,NA,NA,NA,NA,NA,NA,NA,N,3,0,1,2,A,-,10,21950,A,N,G,B,D,B,H,-,A,D,0,Y,NA,NA,NA,Y,NA,D,22,0,1,0,0,1,0,0,0,0,-,-,NA,NA,SAN DIEGO,OCEANSIDE,-117.37274169921876,33.20347595214844
8786475,2019,2019-02-12,3700,2019-01-16,0814,SH3183,NA,3,5,5,3713,0,0,0,NA,0,308,NORTH EMERALD DR,DATE ST,90,N,N,C,-,N,NA,NA,NA,NA,NA,NA,NA,NA,NA,Y,3,0,1,1,A,-,03,22350,NA,N,E,I,A,B,E,-,A,D,0,NA,NA,NA,NA,Y,NA,D,22,0,1,0,0,0,0,0,0,0,-,-,NA,NA,SAN DIEGO,VISTA,-117.27948760986328,33.19367599487305
8786596,2018,2019-02-07,3700,2018-11-20,0924,SH3284,NA,2,5,5,3782,0,0,0,NA,0,224,ENCINITAS BL,WILLOWSPRING DR,105,E,N,A,-,N,NA,NA,NA,NA,NA,NA,NA,NA,NA,N,4,0,3,2,A,-,03,22350,NA,N,C,C,A,A,H,-,A,A,0,NA,NA,NA,NA,Y,NA,A,01,0,0,3,0,0,0,0,0,0,-,-,NA,NA,SAN DIEGO,ENCINITAS,-117.24427795410156,33.041683197021484
8787732,2018,2019-01-28,3702,2018-11-21,1625,CV1166,NA,3,5,6,3702,0,0,0,NA,0,022,4TH AV,VILLAGE DR,0,NA,Y,A,-,N,NA,NA,NA,NA,NA,NA,NA,NA,NA,Y,4,0,3,2,A,-,09,21804,A,N,D,C,A,A,H,-,A,D,0,NA,NA,NA,NA,Y,NA,A,07,0,0,3,0,0,0,0,0,0,-,-,NA,NA,SAN DIEGO,CHULA VISTA,-117.07145690917967,32.60811996459961
8789243,2018,2019-02-14,3700,2018-04-13,1334,LM8273,NA,5,5,4,3720,0,0,0,NA,0,999,MASSACHUSETTS AV,RT 8,0,NA,Y,A,-,Y,SD,11,94,-,-,8.142,R,4,W,N,4,0,1,2,A,-,03,22350,NA,N,C,C,A,A,H,-,A,A,0,NA,NA,NA,NA,Y,NA,A,01,0,0,1,0,0,0,0,0,0,-,WO,NA,NA,SAN DIEGO,LEMON GROVE,-117.04517364501952,32.744956970214844
8791502,2018,2019-02-08,3711,2018-12-09,1204,7444,NA,7,5,7,3711,0,0,0,NA,0,115,CHARMANT DR,LEBON DR,0,NA,Y,A,-,N,NA,NA,NA,NA,NA,NA,NA,NA,NA,Y,4,0,2,2,A,-,09,21801,NA,N,D,C,A,A,H,-,A,A,0,NA,NA,NA,NA,Y,NA,A,01,0,0,2,0,0,0,0,0,0,-,-,NA,NA,SAN DIEGO,SAN DIEGO,-117.22548675537108,32.86486053466797
8792507,2019,2019-02-21,3711,2019-01-30,2201,7859,SAN D,3,5,7,3711,0,0,0,NA,0,541,PARK BL,J ST,0,NA,Y,A,-,N,NA,NA,NA,NA,NA,NA,NA,NA,NA,N,3,0,1,1,A,-,05,21202,A,N,H,J,A,A,A,-,C,D,0,NA,Y,NA,NA,Y,NA,L,04,0,1,0,0,0,0,1,0,0,-,-,NA,NA,SAN DIEGO,SAN DIEGO,-117.15373992919922,32.70941162109375
8792519,2019,2019-02-21,3711,2019-01-31,1344,7458,NA,4,5,7,3711,0,0,0,NA,0,122,MISSION BL,THOMAS AV,4,N,N,C,-,N,NA,NA,NA,NA,NA,NA,NA,NA,NA,N,3,0,1,2,A,-,10,21950,A,N,G,B,B,B,H,-,A,A,0,Y,NA,NA,NA,Y,NA,-,NA,0,1,0,0,1,0,0,0,0,-,-,NA,NA,SAN DIEGO,SAN DIEGO,-117.2545928955078,32.79364013671875
8792531,2019,2019-02-20,3711,2019-01-30,0905,SD4491,NA,3,5,7,3711,0,0,0,NA,0,621,LINDA VISTA,LINDA VISTA 7300,0,NA,Y,A,-,N,NA,NA,NA,NA,NA,NA,NA,NA,NA,N,4,0,2,3,A,-,21,22106,NA,N,C,C,A,A,H,-,A,A,0,NA,NA,NA,NA,Y,NA,A,01,0,0,2,0,0,0,0,0,0,-,-,NA,NA,SAN DIEGO,SAN DIEGO,NA,NA
8793010,2018,2019-03-25,3711,2018-11-17,1430,6000,NA,6,5,7,3711,0,0,0,NA,0,824,WINONA AV,DICK ST,30,S,N,A,-,N,NA,NA,NA,NA,NA,NA,NA,NA,NA,Y,2,0,1,2,A,-,08,22107,NA,N,E,I,A,A,H,-,A,D,0,NA,NA,NA,NA,Y,Y,A,01,1,0,0,0,0,0,0,0,0,-,-,NA,NA,SAN DIEGO,SAN DIEGO,-117.08795928955078,32.76551055908203
8793651,2019,2019-03-19,3711,2019-02-06,1044,SD4283,NA,3,5,7,3711,0,0,0,NA,0,311,MURRAY RIDGE RD,ENCINO AV,135,S,N,B,-,N,NA,NA,NA,NA,NA,NA,NA,NA,NA,N,3,0,2,2,A,-,05,21460,C,N,D,C,A,-,H,-,A,D,0,NA,NA,NA,NA,Y,NA,I,11,0,1,1,0,0,0,0,0,0,-,-,NA,NA,SAN DIEGO,SAN DIEGO,-117.14487457275392,32.78703308105469
8793922,2019,2019-02-27,3711,2019-02-12,1825,4824,NA,2,5,7,3711,0,0,0,NA,0,242,MIRA MESA BL,MOUNTAIN RD,528,E,N,A,-,N,NA,NA,NA,NA,NA,NA,NA,NA,NA,N,4,0,1,2,A,-,03,22350,NA,M,C,C,A,A,H,-,C,A,0,NA,NA,NA,NA,Y,NA,-,NA,0,0,1,0,0,0,0,0,0,-,-,NA,NA,SAN DIEGO,SAN DIEGO,-117.12300872802734,32.91724395751953
8793923,2019,2019-03-12,3711,2019-02-06,0731,SD6193,NA,3,5,7,3711,0,0,0,NA,0,712,DEL SUR BL,BEYER BL,178,N,N,A,-,N,NA,NA,NA,NA,NA,NA,NA,NA,NA,Y,4,0,2,2,A,-,08,22107,NA,N,D,C,A,A,H,-,A,D,0,NA,NA,NA,NA,Y,NA,A,01,0,0,2,0,0,0,0,0,0,-,-,NA,NA,SAN DIEGO,SAN DIEGO,-117.055908203125,32.563358306884766
8793977,2018,2019-02-27,3711,2018-12-05,2020,6162,NA,3,5,7,3711,0,0,0,NA,0,242,MIRA MESA BL,SCHILLING  AV,18,W,N,B,C,N,NA,NA,NA,NA,NA,NA,NA,NA,NA,Y,4,0,1,2,A,-,09,21800,A,N,D,C,A,B,-,-,C,B,0,NA,NA,NA,NA,Y,NA,-,NA,0,0,1,0,0,0,0,0,0,-,-,NA,NA,SAN DIEGO,SAN DIEGO,-117.16667938232422,32.90842056274414
8793982,2019,2019-02-27,3711,2019-02-04,2323,7125,NA,1,5,7,3711,0,0,0,NA,0,442,SOUTH 43RD ST,KEELER ST,10,S,N,B,-,N,NA,NA,NA,NA,NA,NA,NA,NA,NA,Y,4,0,2,2,A,-,09,21801,NA,N,A,C,A,B,G,-,C,A,0,NA,NA,NA,NA,Y,NA,-,-,0,0,2,0,0,0,0,0,0,-,-,NA,NA,SAN DIEGO,SAN DIEGO,-117.10240173339844,32.69415283203125
8796158,2018,2019-03-26,3708,2018-08-10,0940,15061,NA,5,5,5,3708,0,0,0,NA,0,NA,AMAYA DR,FLETCHER PKWY,0,NA,Y,A,-,Y,SD,11,125,-,-,18.618,R,4,N,Y,4,0,1,2,A,-,12,21453,A,N,D,C,A,A,H,-,A,A,0,NA,NA,NA,NA,Y,NA,A,01,0,0,1,0,0,0,0,0,0,-,-,32.78684997558594,-117.00473022460938,SAN DIEGO,LA MESA,-117.0063018798828,32.78759765625
8796636,2018,2019-03-06,3711,2018-08-02,1300,7309,NA,4,5,7,3711,0,0,0,NA,0,124,WALL ST,WALL ST 1055,0,NA,N,A,-,N,NA,NA,NA,NA,NA,NA,NA,NA,NA,N,4,0,1,2,A,-,10,21954,B,N,G,B,E,A,H,-,A,D,0,Y,NA,NA,NA,Y,NA,A,01,0,0,1,0,1,0,0,0,0,-,-,NA,NA,SAN DIEGO,SAN DIEGO,-117.27365971,32.84684926
8796957,2019,2019-04-09,3700,2019-03-17,1852,SH3183,NA,7,5,5,3713,0,0,0,NA,0,308,GRAPEVINE RD,DATE ST,222,S,N,A,-,N,NA,NA,NA,NA,NA,NA,NA,NA,NA,Y,3,0,1,2,A,-,09,21804,A,F,D,C,A,A,H,-,A,D,0,NA,NA,NA,NA,Y,NA,A,01,0,1,0,0,0,0,0,0,0,-,-,NA,NA,SAN DIEGO,VISTA,-117.27508544921876,33.19253158569336
8797217,2019,2019-02-25,3701,2019-02-06,1553,CB5363,84,3,5,5,3701,0,0,0,NA,0,009,MELROSE DR,RANCHO BRAVADO,0,NA,Y,A,-,N,NA,NA,NA,NA,NA,NA,NA,NA,NA,NA,3,0,2,2,A,-,12,21453,A,N,D,C,A,A,H,-,A,A,0,NA,NA,NA,NA,Y,NA,A,01,0,2,0,0,0,0,0,0,0,-,-,NA,NA,SAN DIEGO,CARLSBAD,-117.24314880371094,33.124969482421875
8799872,2019,2019-03-07,3711,2019-01-18,1642,8447,NA,5,5,7,3711,0,0,0,NA,0,713,SIEMPRE VIVA RD,OTAY CENTER DR,32,W,N,A,-,N,NA,NA,NA,NA,NA,NA,NA,NA,NA,N,4,0,1,2,A,-,09,21804,A,N,H,G,A,A,H,-,A,A,0,NA,Y,NA,NA,Y,NA,L,04,0,0,1,0,0,0,1,0,0,-,-,NA,NA,SAN DIEGO,SAN DIEGO,-116.94252014160156,32.554012298583984
8799884,2019,2019-02-20,3711,2019-01-11,1245,6594,NA,5,5,7,3711,0,0,0,NA,0,437,DORIANA ST,ALTA VIEW DR,250,E,N,A,-,N,NA,NA,NA,NA,NA,NA,NA,NA,NA,Y,4,0,4,3,A,-,09,21801,A,N,A,C,A,A,H,-,A,D,0,NA,NA,NA,NA,Y,NA,A,01,0,0,4,0,0,0,0,0,0,-,-,NA,NA,SAN DIEGO,SAN DIEGO,-117.04936981201172,32.683929443359375
8800083,2019,2019-02-14,3711,2019-01-18,1310,7822,NA,5,5,7,3711,0,0,0,NA,0,235,SAN PASQUAL VALLEY RD,OLD MILKY WAY,1056,N,N,A,-,N,NA,NA,NA,NA,NA,NA,NA,NA,NA,Y,3,0,2,1,A,-,08,22107,NA,N,F,A,A,A,H,-,A,D,0,NA,NA,NA,NA,Y,NA,A,01,0,2,0,0,0,0,0,0,0,-,-,NA,NA,SAN DIEGO,SAN DIEGO,-116.9918212890625,33.088932037353516
8800348,2019,2019-03-06,3710,2019-02-04,1547,OC1311,037,1,5,6,3710,0,0,0,NA,0,007,VISTA,COLLEGE,42,E,N,C,-,N,NA,NA,NA,NA,NA,NA,NA,NA,NA,Y,4,0,1,2,A,-,-,NA,NA,F,C,C,A,B,H,-,A,D,0,NA,NA,NA,NA,Y,NA,A,01,0,0,1,0,0,0,0,0,0,-,-,33.183990478515625,-117.29644775390624,SAN DIEGO,OCEANSIDE,-117.2963638305664,33.18400192260742
8800354,2019,2019-02-19,3711,2019-01-21,2226,7709,NA,1,5,7,3711,0,0,0,NA,0,521,9TH AV,J ST,0,NA,Y,A,-,N,NA,NA,NA,NA,NA,NA,NA,NA,NA,N,4,0,1,2,A,-,10,21950,A,N,G,B,B,A,H,-,C,D,0,Y,NA,NA,NA,Y,NA,A,01,0,0,1,0,1,0,0,0,0,-,-,NA,NA,SAN DIEGO,SAN DIEGO,-117.1564712524414,32.709388732910156
8800576,2019,2019-02-21,3702,2019-01-20,1910,CV1090,NA,7,5,6,3702,0,0,0,NA,0,012,H ST,BROADWAY,443,W,N,A,-,N,NA,NA,NA,NA,NA,NA,NA,NA,NA,Y,3,0,1,2,D,-,00,NA,NA,N,D,C,A,A,H,-,C,D,0,NA,NA,Y,NA,Y,NA,-,-,0,1,0,0,0,0,0,0,1,-,-,NA,NA,SAN DIEGO,CHULA VISTA,-117.0908203125,32.630584716796875
8800607,2019,2019-02-20,3702,2019-01-10,1505,CV1159,NA,4,5,6,3702,0,0,0,NA,0,042,EASTLAKE PKWY,KESTRELL FALLS RD,35,N,N,A,-,N,NA,NA,NA,NA,NA,NA,NA,NA,NA,Y,4,0,2,3,A,-,03,22350,NA,N,B,C,A,A,H,-,A,A,0,NA,NA,NA,NA,Y,NA,A,01,0,0,2,0,0,0,0,0,0,-,-,NA,NA,SAN DIEGO,CHULA VISTA,-116.96410369873048,32.62456130981445
8800948,2018,2019-02-22,3702,2018-12-20,1750,CV0969,NA,4,5,6,3702,0,0,0,NA,0,021,L ST,BROADWAY,650,W,N,A,-,N,NA,NA,NA,NA,NA,NA,NA,NA,NA,N,2,0,1,2,A,-,11,21950,B,N,A,B,E,A,H,-,C,A,0,Y,NA,NA,NA,Y,NA,N,60,1,0,0,0,1,0,0,0,0,-,-,NA,NA,SAN DIEGO,CHULA VISTA,-117.08607482910156,32.616600036621094
8803491,2019,2019-02-27,3705,2019-01-26,1720,EC0219,NA,6,5,5,3705,0,0,0,NA,0,002,ORO ST,BROADWAY,305,N,N,A,-,N,NA,NA,NA,NA,NA,NA,NA,NA,NA,N,2,0,1,1,A,-,03,22350,NA,N,E,I,A,A,H,-,C,D,0,NA,NA,NA,NA,Y,NA,M,96,1,0,0,0,0,0,0,0,0,-,-,NA,NA,SAN DIEGO,EL CAJON,-116.9401397705078,32.80854415893555
8803571,2019,2019-03-05,3710,2019-02-14,1346,OC1274,024,4,5,6,3710,0,0,0,NA,0,006,RANCHO DEL ORO,SAN RAMON,296,N,N,B,C,N,NA,NA,NA,NA,NA,NA,NA,NA,NA,Y,2,0,2,3,A,-,03,22350,NA,N,A,C,A,B,H,-,A,D,0,NA,NA,NA,NA,Y,NA,D,22,1,0,1,0,0,0,0,0,0,-,-,NA,NA,SAN DIEGO,OCEANSIDE,-117.32042694091795,33.223262786865234
8804526,2019,2019-03-06,3711,2019-02-20,1858,7204,5D,3,5,7,3711,0,0,0,NA,0,115,NOBEL DR,TOWNE CENTRE,15,W,N,C,-,N,NA,NA,NA,NA,NA,NA,NA,NA,NA,N,4,0,1,2,A,-,03,22350,NA,N,C,C,A,B,H,-,C,A,0,NA,NA,NA,NA,Y,NA,-,NA,0,0,1,0,0,0,0,0,0,-,-,NA,NA,SAN DIEGO,SAN DIEGO,-117.20853424072266,32.865447998046875
8804554,2019,2019-03-06,3711,2019-02-13,1840,6810,NA,3,5,7,3711,0,0,0,NA,0,242,MIRA MESA BL,WESTVIEW PKWY,686,W,N,C,-,N,NA,NA,NA,NA,NA,NA,NA,NA,NA,N,3,0,1,2,A,-,11,21954,A,N,G,B,D,B,H,-,C,D,0,Y,NA,NA,NA,Y,NA,N,60,0,1,0,0,1,0,0,0,0,-,-,NA,NA,SAN DIEGO,SAN DIEGO,-117.12274932861328,32.91725158691406
8804603,2019,2019-03-06,3705,2019-02-04,1739,EC0324,NA,1,5,5,3705,0,0,0,NA,0,003,MAIN,GREENFIELD,469,W,N,C,-,N,NA,NA,NA,NA,NA,NA,NA,NA,NA,Y,4,0,1,2,A,-,08,22107,NA,N,C,E,A,B,H,-,C,D,0,NA,NA,NA,NA,Y,NA,A,07,0,0,1,0,0,0,0,0,0,-,-,NA,NA,SAN DIEGO,EL CAJON,-116.91932678222656,32.81120681762695
8804814,2019,2019-02-19,3701,2019-01-20,1927,CB5497,3701,7,5,5,3701,0,0,0,NA,0,003,MONROE ST,CHESTNUT AV,15,S,N,A,-,N,NA,NA,NA,NA,NA,NA,NA,NA,NA,N,4,0,2,2,A,-,01,23152,A,N,C,C,A,A,H,-,C,A,0,NA,NA,NA,NA,Y,Y,A,01,0,0,2,0,0,0,0,0,0,-,-,NA,NA,SAN DIEGO,CARLSBAD,-117.32637786865234,33.161582946777344
8807074,2019,2019-03-05,3711,2019-02-16,1449,5755,SAN D,6,5,7,3711,0,0,0,NA,0,233,RANCHO PENASQUITOS BL,CARMEL MOUNTAIN RD,30,W,N,A,-,N,NA,NA,NA,NA,NA,NA,NA,NA,NA,Y,3,0,4,2,A,-,09,21800,A,N,A,C,A,A,H,-,A,A,0,NA,NA,NA,NA,Y,NA,-,NA,0,2,2,0,0,0,0,0,0,-,-,NA,NA,SAN DIEGO,SAN DIEGO,-117.11540985107422,32.9594612121582
8807098,2019,2019-03-05,3711,2019-02-14,1215,6635,NA,4,5,7,3711,0,0,0,NA,0,931,PACIFIC CENTER BL,PACIFIC CENTER CT,0,NA,Y,C,-,N,NA,NA,NA,NA,NA,NA,NA,NA,NA,N,3,0,1,2,A,-,10,21950,A,N,G,B,D,B,H,-,A,-,0,Y,NA,NA,NA,Y,NA,A,01,0,1,0,0,1,0,0,0,0,-,-,NA,NA,SAN DIEGO,SAN DIEGO,-117.1887664794922,32.904598236083984
8807339,2018,2019-04-10,3705,2018-11-13,2007,EC0372,NA,2,5,5,3705,0,0,0,NA,0,002,E MADISON AV,ORLANDO AV,3,E,N,A,-,N,NA,NA,NA,NA,NA,NA,NA,NA,NA,N,4,0,1,2,A,-,04,21703,NA,N,C,C,A,A,H,-,C,D,0,NA,NA,NA,NA,Y,NA,A,01,0,0,1,0,0,0,0,0,0,-,-,NA,NA,SAN DIEGO,EL CAJON,-116.94013214111328,32.8001594543457
8807483,2018,2019-04-05,3700,2018-08-05,1230,SH0431,NA,7,5,4,3720,0,0,0,NA,0,602,BROADWAY,BROADWAY 7050,0,NA,N,A,-,N,NA,NA,NA,NA,NA,NA,NA,NA,NA,N,3,0,1,2,A,-,-,NA,NA,N,B,G,A,A,H,-,C,D,0,NA,Y,NA,NA,Y,Y,A,01,0,1,0,0,0,0,1,0,0,-,-,NA,NA,SAN DIEGO,LEMON GROVE,-117.04585612,32.74257273
8807502,2019,2019-04-09,3711,2019-01-11,1559,7759,NA,5,5,7,3711,0,0,0,NA,0,111,MOUNT AGUILAR DR,MT AGUILAR DR 6000,0,NA,N,A,-,N,NA,NA,NA,NA,NA,NA,NA,NA,NA,N,4,0,2,2,A,-,03,22350,NA,N,C,C,A,A,H,-,A,D,0,NA,NA,NA,NA,Y,NA,A,07,0,0,2,0,0,0,0,0,0,-,-,NA,NA,SAN DIEGO,SAN DIEGO,NA,NA
8807616,2019,2019-03-01,3700,2019-02-09,1706,SH0817,NA,6,5,5,3712,0,0,0,NA,0,355,SOUTH RANCHO SANTA FE RD,1ST ST,55,S,N,A,-,N,NA,NA,NA,NA,NA,NA,NA,NA,NA,N,4,0,2,2,A,-,09,21802,A,N,B,C,A,A,H,-,A,D,0,NA,NA,NA,NA,Y,NA,A,01,0,0,2,0,0,0,0,0,0,-,-,NA,NA,SAN DIEGO,SAN MARCOS,-117.20484924316406,33.13728332519531
8813480,2019,2019-03-12,3711,2019-02-20,1844,HB4531,NA,3,5,7,3711,0,0,0,NA,0,504,W HARBOR DR,FRONT ST,0,NA,Y,C,-,N,NA,NA,NA,NA,NA,NA,NA,NA,NA,N,3,0,2,3,A,-,02,22400,A,N,C,G,A,B,H,-,C,A,0,NA,Y,NA,NA,Y,NA,L,04,0,2,0,0,0,0,2,0,0,-,-,NA,NA,SAN DIEGO,SAN DIEGO,-117.1651611328125,32.7093391418457
8814125,2019,2019-03-26,3706,2019-03-10,1940,SH3913,NA,7,5,6,3706,0,0,0,NA,0,362,CIRCLE R DR,CIRCLE R WY,0,NA,Y,B,-,N,NA,NA,NA,NA,NA,NA,NA,NA,NA,Y,4,0,3,2,A,-,09,21802,A,N,A,C,A,A,H,-,D,D,0,NA,NA,NA,NA,Y,NA,A,01,0,0,3,0,0,0,0,0,0,-,-,NA,NA,SAN DIEGO,ESCONDIDO,-117.14569091796876,33.25593185424805
8814689,2019,2019-03-04,3700,2019-01-16,1213,SH7690,NA,3,5,4,3780,0,0,0,NA,0,410,TWIN PEAKS RD,HILLNDALE WY,110,E,N,A,-,N,NA,NA,NA,NA,NA,NA,NA,NA,NA,N,4,0,4,3,A,-,03,22350,NA,N,C,C,A,A,H,-,A,D,0,NA,NA,NA,NA,Y,NA,A,01,0,0,4,0,0,0,0,0,0,-,-,NA,NA,SAN DIEGO,POWAY,-117.04053497314452,32.9749641418457
8815613,2019,2019-03-12,3711,2019-02-22,1836,6070,NA,5,5,7,3711,0,0,0,NA,0,114,GENESEE AV,CONRAD AV,0,NA,Y,A,-,N,NA,NA,NA,NA,NA,NA,NA,NA,NA,N,4,0,1,2,A,-,09,21802,B,N,D,C,A,A,H,-,C,D,0,NA,NA,NA,NA,Y,NA,A,01,0,0,1,0,0,0,0,0,0,-,-,NA,NA,SAN DIEGO,SAN DIEGO,-117.19490051269533,32.83531188964844
8815877,2019,2019-03-20,3711,2019-02-07,1340,SD5589,NA,4,5,7,3711,0,0,0,NA,0,313,BALBOA AV,GERALD GRIFFIN DR,0,NA,Y,A,-,N,NA,NA,NA,NA,NA,NA,NA,NA,NA,Y,4,0,1,2,D,-,00,NA,NA,N,D,C,A,A,H,-,A,A,0,NA,NA,NA,NA,Y,NA,-,-,0,0,1,0,0,0,0,0,0,-,-,NA,NA,SAN DIEGO,SAN DIEGO,NA,NA
8816569,2018,2019-03-08,3700,2018-09-27,0548,SH0138,NA,4,5,5,3781,0,0,0,NA,0,519,CUYAMACA ST,PROSPECT AV,0,NA,Y,A,-,N,NA,NA,NA,NA,NA,NA,NA,NA,NA,Y,3,0,2,2,A,-,12,21453,A,N,D,C,A,A,H,-,C,A,0,NA,NA,NA,NA,Y,NA,A,01,0,1,1,0,0,0,0,0,0,-,-,NA,NA,SAN DIEGO,SANTEE,-116.98387145996094,32.831390380859375
8818277,2019,2019-03-21,3709,2019-02-17,1329,0510,NA,7,5,5,3709,0,0,0,NA,0,021,EAST 8TH ST,EUCLID AV,0,NA,Y,A,-,N,NA,NA,NA,NA,NA,NA,NA,NA,NA,Y,4,0,1,3,A,-,12,21453,A,N,D,C,A,A,H,-,A,A,0,NA,NA,NA,NA,Y,NA,A,01,0,0,1,0,0,0,0,0,0,-,-,NA,NA,SAN DIEGO,NATIONAL CITY,-117.08238220214844,32.682708740234375
8819218,2019,2019-05-23,3703,2019-02-27,1709,1314,NA,3,5,3,3703,0,0,0,NA,0,001,4TH ST,ORANGE AV,0,NA,Y,A,-,Y,SD,11,75,-,-,19.586,I,5,S,N,4,0,1,2,A,-,08,22100,A,N,D,C,A,A,H,-,A,A,0,NA,NA,NA,NA,Y,NA,A,01,0,0,1,0,0,0,0,0,0,-,-,NA,NA,SAN DIEGO,CORONADO,-117.17494964599608,32.694515228271484
8819555,2017,2019-03-12,3700,2017-08-20,1012,SH0473,NA,7,5,4,3720,0,0,0,NA,0,603,LEMON GROVE AV,NORTH AV,50,S,N,A,-,N,NA,NA,NA,NA,NA,NA,NA,NA,NA,Y,4,0,1,2,A,-,03,22350,NA,M,C,C,A,A,H,-,A,A,0,NA,NA,NA,NA,Y,NA,A,07,0,0,1,0,0,0,0,0,0,-,-,NA,NA,SAN DIEGO,LEMON GROVE,-117.03008618,32.74434499