CASE_ID,ACCIDENT_YEAR,PROC_DATE,JURIS,COLLISION_DATE,COLLISION_TIME,OFFICER_ID,REPORTING_DISTRICT,DAY_OF_WEEK,CHP_SHIFT,POPULATION,CNTY_CITY_LOC,SPECIAL_COND,BEAT_TYPE,CHP_BEAT_TYPE,CITY_DIVISION_LAPD,CHP_BEAT_CLASS,BEAT_NUMBER,PRIMARY_RD,SECONDARY_RD,DISTANCE,DIRECTION,INTERSECTION,WEATHER_1,WEATHER_2,STATE_HWY_IND,CALTRANS_COUNTY,CALTRANS_DISTRICT,STATE_ROUTE,ROUTE_SUFFIX,POSTMILE_PREFIX,POSTMILE,LOCATION_TYPE,RAMP_INTERSECTION,SIDE_OF_HWY,TOW_AWAY,COLLISION_SEVERITY,NUMBER_KILLED,NUMBER_INJURED,PARTY_COUNT,PRIMARY_COLL_FACTOR,PCF_CODE_OF_VIOL,PCF_VIOL_CATEGORY,PCF_VIOLATION,PCF_VIOL_SUBSECTION,HIT_AND_RUN,TYPE_OF_COLLISION,MVIW,PED_ACTION,ROAD_SURFACE,ROAD_COND_1,ROAD_COND_2,LIGHTING,CONTROL_DEVICE,CHP_ROAD_TYPE,PEDESTRIAN_ACCIDENT,BICYCLE_ACCIDENT,MOTORCYCLE_ACCIDENT,TRUCK_ACCIDENT,NOT_PRIVATE_PROPERTY,ALCOHOL_INVOLVED,STWD_VEHTYPE_AT_FAULT,CHP_VEHTYPE_AT_FAULT,COUNT_SEVERE_INJ,COUNT_VISIBLE_INJ,COUNT_COMPLAINT_PAIN,COUNT_PED_KILLED,COUNT_PED_INJURED,COUNT_BICYCLIST_KILLED,COUNT_BICYCLIST_INJURED,COUNT_MC_KILLED,COUNT_MC_INJURED,PRIMARY_RAMP,SECONDARY_RAMP,LATITUDE,LONGITUDE,COUNTY,CITY,POINT_X,POINT_Y
8819919,2018,2019-04-03,3700,2018-08-13,1104,SH5656,NA,1,5,5,3781,0,0,0,NA,0,519,CUYAMACA ST,MISSION GORGE RD,0,NA,-,A,-,N,NA,NA,NA,NA,NA,NA,NA,NA,NA,N,4,0,1,3,A,-,21,22106,NA,N,C,C,A,A,H,-,A,A,0,NA,NA,NA,NA,Y,NA,A,01,0,0,1,0,0,0,0,0,0,-,-,NA,NA,SAN DIEGO,SANTEE,-116.98387908935548,32.83876037597656
8819958,2018,2019-03-26,3700,2018-12-25,1335,SH0431,NA,2,5,4,3720,0,0,0,NA,0,604,MASSACHUSETTS AV,MADORA ST,407,N,N,C,-,N,NA,NA,NA,NA,NA,NA,NA,NA,NA,Y,2,0,3,2,A,-,03,22350,NA,F,D,C,A,B,H,-,A,D,0,NA,NA,NA,NA,Y,Y,A,01,2,1,0,0,0,0,0,0,0,-,-,NA,NA,SAN DIEGO,LEMON GROVE,-117.04286193847656,32.72779083251953
8820040,2019,2019-04-24,3710,2019-03-13,1555,OC1351,012,3,5,6,3710,0,0,0,NA,0,005,OCEANSIDE,CROUCH,0,NA,Y,A,-,N,NA,NA,NA,NA,NA,NA,NA,NA,NA,Y,3,0,2,2,A,-,01,23153,A,N,D,C,A,A,H,-,A,A,0,NA,NA,NA,Y,Y,Y,D,22,0,1,1,0,0,0,0,0,0,-,-,33.19532012939453,-117.35340881347656,SAN DIEGO,OCEANSIDE,-117.35334014892578,33.19535827636719
8820335,2019,2019-03-22,3711,2019-03-05,0750,SD6999,NA,2,5,7,3711,0,0,0,NA,0,512,OCEAN VIEW BL,30TH ST,0,NA,Y,A,-,N,NA,NA,NA,NA,NA,NA,NA,NA,NA,Y,4,0,1,2,A,-,09,21801,A,N,D,C,A,A,H,-,A,A,0,NA,NA,NA,NA,Y,NA,A,01,0,0,1,0,0,0,0,0,0,-,-,NA,NA,SAN DIEGO,SAN DIEGO,-117.1295166015625,32.701171875
8820411,2019,2019-05-07,3711,2019-02-27,0710,SD6104,NA,3,5,7,3711,0,0,0,NA,0,821,COLLEGE AV,ADAMS AV,0,NA,Y,A,-,N,NA,NA,NA,NA,NA,NA,NA,NA,NA,Y,4,0,1,2,A,-,09,21453,C,M,D,C,A,A,H,-,A,A,0,NA,NA,NA,NA,Y,NA,A,07,0,0,1,0,0,0,0,0,0,-,-,NA,NA,SAN DIEGO,SAN DIEGO,-117.06688690185548,32.762569427490234
8820961,2019,2019-03-21,3700,2019-02-22,2103,SH0029,NA,5,5,5,3713,0,0,0,NA,0,308,NORTH EMERALD DR,LEWIS ST,0,NA,Y,A,-,N,NA,NA,NA,NA,NA,NA,NA,NA,NA,Y,4,0,1,2,A,-,01,23152,A,N,D,C,A,A,H,-,C,D,0,NA,NA,NA,NA,Y,Y,A,01,0,0,1,0,0,0,0,0,0,-,-,NA,NA,SAN DIEGO,VISTA,-117.27947998046876,33.195701599121094
8820970,2019,2019-03-21,3706,2019-02-05,1405,406,ESCON,2,5,6,3706,0,0,0,NA,0,045,TULIP ST,RAILROAD AV,240,S,N,B,C,N,NA,NA,NA,NA,NA,NA,NA,NA,NA,N,4,0,1,2,A,-,05,21650,NA,N,D,G,A,B,H,-,A,D,0,NA,Y,NA,NA,Y,NA,L,04,0,0,1,0,0,0,1,0,0,-,-,33.11750030517578,-117.0928192138672,SAN DIEGO,ESCONDIDO,-117.09503173828124,33.11788558959961
8821128,2019,2019-04-05,3701,2019-01-25,1533,CB5345,62,5,5,5,3701,0,0,0,NA,0,005,CANNON RD,FARADAY AV,18,W,N,A,-,N,NA,NA,NA,NA,NA,NA,NA,NA,NA,N,4,0,1,2,A,-,03,22350,NA,N,C,A,A,A,H,-,A,A,0,NA,NA,NA,NA,Y,NA,A,08,0,0,1,0,0,0,0,0,0,-,-,NA,NA,SAN DIEGO,CARLSBAD,-117.30735778808594,33.13920211791992
8821553,2019,2019-03-25,3708,2019-02-23,1735,LM1158,NA,6,5,5,3708,0,0,0,NA,0,001,GUAVA AV,LA MESA BL,8,N,N,A,-,N,NA,NA,NA,NA,NA,NA,NA,NA,NA,N,4,0,1,2,A,-,17,21235,G,N,D,C,A,A,H,-,A,A,0,NA,NA,Y,NA,Y,NA,C,03,0,0,1,0,0,0,0,0,1,-,-,NA,NA,SAN DIEGO,LA MESA,-117.02822113037108,32.76736068725586
8822048,2019,2019-04-11,3706,2019-03-19,1144,526,ESCON,2,5,6,3706,0,0,0,NA,0,041,ASH ST,LINCOLN AV,0,NA,Y,A,-,N,NA,NA,NA,NA,NA,NA,NA,NA,NA,NA,3,0,1,2,A,-,08,22107,NA,N,B,C,A,A,H,-,A,A,0,NA,NA,NA,NA,Y,NA,D,22,0,1,0,0,0,0,0,0,0,-,-,NA,NA,SAN DIEGO,ESCONDIDO,-117.07292938232422,33.1390495300293
8822429,2019,2019-08-21,3706,2019-02-20,0552,374,ESCON,3,5,6,3706,0,0,0,NA,0,053,VIA RANCHO PKWY,RT 15,400,E,N,B,-,Y,SD,11,15,-,M,26.999,R,4,S,Y,3,0,2,3,A,-,03,22350,NA,N,C,C,A,A,H,-,B,A,0,NA,NA,NA,NA,Y,NA,D,22,0,1,1,0,0,0,0,0,0,-,-,33.069610595703125,-117.0712890625,SAN DIEGO,ESCONDIDO,-117.0696258544922,33.069725036621094
8823929,2019,2019-03-28,3710,2019-03-03,2013,OC1443,006,7,5,6,3710,0,0,0,NA,0,001,NORTH COAST HWY,SURFRIDER WY,0,NA,Y,A,-,N,NA,NA,NA,NA,NA,NA,NA,NA,NA,Y,4,0,1,2,A,-,12,21453,A,N,D,C,A,A,H,-,C,A,0,NA,NA,NA,NA,Y,NA,A,01,0,0,1,0,0,0,0,0,0,-,-,NA,NA,SAN DIEGO,OCEANSIDE,-117.38239288330078,33.19929122924805
8825366,2019,2019-03-29,3702,2019-03-05,1741,CV1079,NA,2,5,6,3702,0,0,0,NA,0,031,PASEO DEL REY,EAST H ST,12,S,N,B,-,N,NA,NA,NA,NA,NA,NA,NA,NA,NA,N,3,0,1,3,A,-,03,22350,NA,N,C,G,A,A,H,-,B,D,0,NA,Y,NA,NA,Y,NA,L,04,0,1,0,0,0,0,1,0,0,-,-,NA,NA,SAN DIEGO,CHULA VISTA,-117.02928924560548,32.635986328125
8825668,2019,2019-04-19,3702,2019-02-28,2120,CV1156,NA,4,5,6,3702,0,0,0,NA,0,041,TELEGRAPH CANYON RD,PASEO LADERA,20,W,N,A,-,N,NA,NA,NA,NA,NA,NA,NA,NA,NA,N,4,0,2,3,A,-,03,22350,NA,F,C,C,A,A,H,-,C,A,0,NA,NA,NA,NA,Y,NA,A,01,0,0,2,0,0,0,0,0,0,-,-,NA,NA,SAN DIEGO,CHULA VISTA,-117.02067565917967,32.623470306396484
8826359,2019,2019-06-21,3703,2019-03-19,0730,1270,NA,2,5,3,3703,0,0,0,NA,0,002,ORANGE AV,10TH ST,45,N,N,A,-,Y,SD,11,75,-,-,18.95,H,-,N,N,4,0,1,2,A,-,03,22350,NA,N,C,C,A,A,H,-,A,D,0,NA,NA,NA,NA,Y,NA,A,01,0,0,1,0,0,0,0,0,0,-,-,NA,NA,SAN DIEGO,CORONADO,-117.17965698242188,32.68611145019531
8827127,2019,2019-03-29,3711,2019-03-17,1505,SD6151,NA,7,5,7,3711,0,0,0,NA,0,315,FRIARS RD,FENTON PKWY,0,NA,Y,A,-,N,NA,NA,NA,NA,NA,NA,NA,NA,NA,N,4,0,1,2,A,-,12,21457,A,N,A,C,A,A,H,-,A,B,0,NA,NA,NA,NA,Y,NA,D,22,0,0,1,0,0,0,0,0,0,-,-,NA,NA,SAN DIEGO,SAN DIEGO,-117.13327026367188,32.77973175048828
8827178,2019,2019-03-28,3711,2019-03-14,1630,8822,NA,4,5,7,3711,0,0,0,NA,0,315,CAMINO DEL RIO S,CAMINO DEL RIO S 3500,30,N,N,A,-,N,NA,NA,NA,NA,NA,NA,NA,NA,NA,N,4,0,1,2,A,-,09,21804,A,N,B,C,A,A,H,-,A,D,0,NA,NA,NA,NA,Y,NA,A,01,0,0,1,0,0,0,0,0,0,-,-,NA,NA,SAN DIEGO,SAN DIEGO,NA,NA
8827423,2019,2019-04-04,3702,2019-02-12,1734,CV1079,NA,2,5,6,3702,0,0,0,NA,0,023,TELEGRAPH CANYON RD,OLEANDER AV,0,NA,Y,A,-,N,NA,NA,NA,NA,NA,NA,NA,NA,NA,Y,4,0,1,2,A,-,09,21453,C,M,H,A,A,A,H,-,C,A,0,NA,NA,Y,NA,Y,NA,-,99,0,0,1,0,0,0,0,0,1,-,-,NA,NA,SAN DIEGO,CHULA VISTA,-117.03671264648438,32.62786865234375
8828581,2019,2019-04-17,3711,2019-03-10,1821,SD6366,NA,7,5,7,3711,0,0,0,NA,0,242,CALLE CRISTOBAL,AVENIDA DEL GATO,0,NA,Y,B,-,N,NA,NA,NA,NA,NA,NA,NA,NA,NA,Y,2,0,3,2,D,-,00,NA,NA,N,D,C,A,A,H,-,B,A,0,NA,NA,NA,NA,Y,NA,-,-,1,0,2,0,0,0,0,0,0,-,-,NA,NA,SAN DIEGO,SAN DIEGO,-117.1494598388672,32.93143844604492
8829042,2019,2019-04-15,3711,2019-03-20,1555,SD8377,NA,3,5,7,3711,0,0,0,NA,0,524,5TH AV,A ST,153,N,N,A,-,N,NA,NA,NA,NA,NA,NA,NA,NA,NA,Y,4,0,2,2,A,-,08,22107,NA,N,D,C,A,A,H,-,A,D,0,NA,NA,NA,NA,Y,NA,A,01,0,0,2,0,0,0,0,0,0,-,-,NA,NA,SAN DIEGO,SAN DIEGO,-117.16018676757813,32.719268798828125
8829337,2019,2019-04-18,3705,2019-01-18,1903,EC0337,NA,5,5,5,3705,0,0,0,NA,0,002,E MAIN,SAFARI,0,NA,Y,A,-,N,NA,NA,NA,NA,NA,NA,NA,NA,NA,Y,4,0,1,2,A,-,09,21801,A,N,D,C,A,A,H,-,C,D,0,NA,NA,NA,NA,Y,NA,A,01,0,0,1,0,0,0,0,0,0,-,-,NA,NA,SAN DIEGO,EL CAJON,-116.94219970703124,32.79492950439453
8829352,2019,2019-04-19,3702,2019-03-19,1222,CV0986,NA,2,5,6,3702,0,0,0,NA,0,012,H ST,BROADWAY,150,E,N,A,-,N,NA,NA,NA,NA,NA,NA,NA,NA,NA,Y,4,0,1,3,A,-,09,21804,A,N,D,C,A,A,H,-,A,D,0,NA,NA,NA,NA,Y,NA,A,07,0,0,1,0,0,0,0,0,0,-,-,NA,NA,SAN DIEGO,CHULA VISTA,-117.08900451660156,32.63109588623047
8829566,2019,2019-04-05,3711,2019-03-22,1755,7349,NW,5,5,7,3711,0,0,0,NA,0,934,EL CAMINO REAL,CARMEL VALLEY RD,0,NA,Y,A,-,N,NA,NA,NA,NA,NA,NA,NA,NA,NA,Y,3,0,2,3,A,-,03,22350,NA,N,C,C,A,A,H,-,A,A,0,NA,NA,NA,NA,Y,NA,-,NA,0,1,1,0,0,0,0,0,0,-,-,NA,NA,SAN DIEGO,SAN DIEGO,-117.23715209960938,32.93471145629883
8830079,2019,2019-03-27,3711,2019-03-16,1150,7891,NA,6,5,7,3711,0,0,0,NA,0,311,FRIARS RD,RT 15,10,E,N,A,-,N,NA,NA,NA,NA,NA,NA,NA,NA,NA,Y,3,0,2,2,A,-,12,21453,A,N,D,C,A,A,H,-,A,A,0,NA,NA,NA,NA,Y,NA,-,NA,0,2,0,0,0,0,0,0,0,-,-,NA,NA,SAN DIEGO,SAN DIEGO,-117.11400604248048,32.78827667236328
8831737,2019,2019-04-12,3711,2019-03-04,1501,SD7359,NA,1,5,7,3711,0,0,0,NA,0,321,FRIARS RD,MISSION GORGE RD,0,NA,Y,-,-,N,NA,NA,NA,NA,NA,NA,NA,NA,NA,Y,3,0,2,2,A,-,04,21703,NA,N,C,C,A,A,H,-,A,A,0,NA,NA,NA,NA,Y,Y,A,01,0,1,1,0,0,0,0,0,0,-,-,NA,NA,SAN DIEGO,SAN DIEGO,-117.09825134277344,32.79148864746094
8834377,2019,2019-04-18,3711,2019-03-30,0022,7404,NA,6,5,7,3711,0,0,0,NA,0,614,NIMITZ BL,SUNSET CLIFFS BL,0,NA,Y,A,-,N,NA,NA,NA,NA,NA,NA,NA,NA,NA,Y,3,0,2,2,A,-,12,21453,A,N,D,C,A,A,H,-,C,A,0,NA,NA,NA,NA,Y,Y,A,01,0,2,0,0,0,0,0,0,0,-,-,NA,NA,SAN DIEGO,SAN DIEGO,-117.23729705810548,32.754119873046875
8834806,2019,2019-04-16,3700,2019-03-28,2215,SH0320,NA,4,5,5,3713,0,0,0,NA,0,308,WEST VISTA WY,BRASS LN,10,W,N,A,-,N,NA,NA,NA,NA,NA,NA,NA,NA,NA,Y,2,0,1,1,A,-,01,23152,A,N,E,I,A,A,H,-,C,D,0,NA,NA,NA,NA,Y,Y,A,01,1,0,0,0,0,0,0,0,0,-,-,NA,NA,SAN DIEGO,VISTA,-117.25910186767578,33.19443893432617
8834826,2019,2019-04-16,3700,2019-03-30,2259,SH0817,NA,6,5,5,3712,0,0,0,NA,0,360,SOUTH TWIN OAKS VALLEY RD,S VILLAGE DR,950,S,N,A,-,N,NA,NA,NA,NA,NA,NA,NA,NA,NA,Y,2,0,1,1,A,-,08,22107,NA,N,E,I,A,A,H,-,D,D,0,NA,NA,NA,NA,Y,NA,A,01,1,0,0,0,0,0,0,0,0,-,-,NA,NA,SAN DIEGO,SAN MARCOS,-117.16587829589844,33.12030792236328
8834829,2019,2019-04-18,3711,2019-03-22,0722,7690,NA,5,5,7,3711,0,0,0,NA,0,115,LA JOLLA VILLAGE DR,GENESEE AV,200,NA,N,A,-,N,NA,NA,NA,NA,NA,NA,NA,NA,NA,N,4,0,1,2,A,-,09,21804,NA,N,A,J,A,A,H,-,A,D,0,NA,NA,NA,NA,Y,NA,A,01,0,0,1,0,0,0,0,0,0,-,-,NA,NA,SAN DIEGO,SAN DIEGO,-117.2141571044922,32.87260818481445
8834840,2019,2019-04-17,3711,2019-04-04,0140,7879,NA,4,5,7,3711,0,0,0,NA,0,522,MARKET ST,1ST AV,12,E,N,A,-,N,NA,NA,NA,NA,NA,NA,NA,NA,NA,N,3,0,1,1,A,-,08,22107,NA,N,F,-,A,A,H,-,C,D,0,NA,NA,Y,NA,Y,NA,C,03,0,1,0,0,0,0,0,0,1,-,-,NA,NA,SAN DIEGO,SAN DIEGO,-117.16374969482422,32.711509704589844
8835004,2019,2019-04-18,3711,2019-03-28,1813,SD8377,NA,4,5,7,3711,0,0,0,NA,0,515,L ST,27TH ST,0,NA,Y,A,-,N,NA,NA,NA,NA,NA,NA,NA,NA,NA,N,4,0,2,2,A,-,09,21800,A,N,D,C,A,A,H,-,B,A,0,NA,NA,NA,NA,Y,NA,A,01,0,0,2,0,0,0,0,0,0,-,-,NA,NA,SAN DIEGO,SAN DIEGO,-117.135986328125,32.707401275634766
8835036,2019,2019-04-30,3711,2019-03-26,1245,4759,SAN D,2,5,7,3711,0,0,0,NA,0,124,LA JOLLA BL,MARINE ST,0,NA,Y,B,-,N,NA,NA,NA,NA,NA,NA,NA,NA,NA,Y,4,0,4,3,A,-,03,22350,NA,N,C,C,A,A,H,-,A,D,0,NA,NA,NA,NA,Y,NA,-,NA,0,0,4,0,0,0,0,0,0,-,-,NA,NA,SAN DIEGO,SAN DIEGO,-117.27821350097656,32.83747863769531
8835039,2019,2019-04-19,3711,2019-03-07,0445,SD7556,NA,4,5,7,3711,0,0,0,NA,0,512,NATIONAL AV,SOUTH 28TH ST,0,NA,Y,C,-,N,NA,NA,NA,NA,NA,NA,NA,NA,NA,N,3,0,1,2,A,-,10,21950,A,M,G,B,B,B,H,-,C,A,0,Y,NA,NA,NA,Y,NA,-,NA,0,1,0,0,1,0,0,0,0,-,-,NA,NA,SAN DIEGO,SAN DIEGO,-117.13379669189452,32.69594192504883
8835651,2019,2019-04-11,3711,2019-03-26,2239,7201,NA,2,5,7,3711,0,0,0,NA,0,315,CAMINO DE LA REINA,MISSION CENTER RD,36,E,N,A,-,N,NA,NA,NA,NA,NA,NA,NA,NA,NA,Y,3,0,2,2,A,-,12,21453,A,F,F,C,A,A,H,-,C,A,0,NA,NA,NA,NA,Y,NA,-,NA,0,2,0,0,0,0,0,0,0,-,-,NA,NA,SAN DIEGO,SAN DIEGO,-117.15373992919922,32.76818084716797
8835659,2019,2019-04-11,3711,2019-03-16,1722,7476,NA,6,5,7,3711,0,0,0,NA,0,122,DIAMOND ST,INGRAHAM ST,0,NA,Y,A,-,N,NA,NA,NA,NA,NA,NA,NA,NA,NA,Y,3,0,1,2,A,-,12,21453,A,N,D,C,A,A,H,-,A,A,0,NA,NA,NA,NA,Y,NA,-,NA,0,1,0,0,0,0,0,0,0,-,-,NA,NA,SAN DIEGO,SAN DIEGO,-117.24173736572266,32.802528381347656
8836765,2019,2019-04-17,3702,2019-03-27,1834,CV1124,NA,3,5,6,3702,0,0,0,NA,0,024,MAIN ST,MAIN CT,0,NA,Y,A,-,N,NA,NA,NA,NA,NA,NA,NA,NA,NA,Y,4,0,3,2,A,-,09,21453,C,N,D,C,A,A,H,-,A,A,0,NA,NA,NA,NA,Y,NA,A,01,0,0,3,0,0,0,0,0,0,-,-,NA,NA,SAN DIEGO,CHULA VISTA,-117.03372192382813,32.59495162963867
8836773,2019,2019-04-19,3702,2019-03-13,2100,CV1163,NA,3,5,6,3702,0,0,0,NA,0,013,4TH AV,PARK WY,6,N,N,A,-,N,NA,NA,NA,NA,NA,NA,NA,NA,NA,N,3,0,1,2,A,-,03,22350,NA,N,D,G,A,A,H,-,C,D,0,NA,Y,NA,NA,Y,NA,A,07,0,1,0,0,0,0,1,0,0,-,-,NA,NA,SAN DIEGO,CHULA VISTA,-117.0829849243164,32.63755416870117
8836855,2019,2019-04-29,3705,2019-03-29,1840,EC0390,NA,5,5,5,3705,0,0,0,NA,0,004,WASHINGTON ST,CLAYDELLE,0,NA,Y,A,-,N,NA,NA,NA,NA,NA,NA,NA,NA,NA,Y,4,0,2,2,A,-,09,21801,A,N,D,C,A,A,H,-,A,D,0,NA,NA,NA,NA,Y,NA,A,01,0,0,2,0,0,0,0,0,0,-,-,NA,NA,SAN DIEGO,EL CAJON,-116.95877838134766,32.78765106201172
8837244,2019,2019-05-22,3711,2019-04-30,1717,SD7850,NA,2,5,7,3711,0,0,0,NA,0,315,FENWAY PKWY,FENWAY PKWY 2100,0,NA,N,A,-,N,NA,NA,NA,NA,NA,NA,NA,NA,NA,N,3,0,1,2,A,-,17,21228,A,N,-,C,A,A,H,-,A,D,0,NA,NA,NA,NA,Y,NA,-,NA,0,1,0,0,0,0,0,0,0,-,-,NA,NA,SAN DIEGO,SAN DIEGO,NA,NA
8837252,2019,2019-05-22,3711,2019-04-09,0236,8404,NA,2,5,7,3711,0,0,0,NA,0,621,FRIARS RD,FRIARS RD 6300,0,NA,Y,A,-,N,NA,NA,NA,NA,NA,NA,NA,NA,NA,N,3,0,1,2,A,-,11,21950,B,N,G,B,E,A,H,-,C,D,0,Y,NA,NA,NA,Y,NA,N,60,0,1,0,0,1,0,0,0,0,-,-,32.766151428222656,-117.18038177490234,SAN DIEGO,SAN DIEGO,NA,NA
8839466,2019,2019-04-18,3705,2019-02-19,0858,EC5356,NA,2,5,5,3705,0,0,0,NA,0,004,S 1ST,WASHINGTON,101,N,N,A,-,N,NA,NA,NA,NA,NA,NA,NA,NA,NA,Y,4,0,1,2,A,-,03,22350,NA,N,C,C,A,A,H,-,A,A,0,NA,NA,NA,NA,Y,NA,A,08,0,0,1,0,0,0,0,0,0,-,-,NA,NA,SAN DIEGO,EL CAJON,-116.9446029663086,32.78791809082031
8842867,2019,2019-04-24,3711,2019-04-11,1450,7811,NA,4,5,7,3711,0,0,0,NA,0,934,EL CAMINIO REAL,CARMEL VALLEY RD,0,NA,N,A,-,N,NA,NA,NA,NA,NA,NA,NA,NA,NA,N,3,0,1,2,A,-,03,22350,NA,N,C,C,A,A,H,-,A,A,0,NA,NA,NA,NA,Y,NA,D,22,0,1,0,0,0,0,0,0,0,-,-,NA,NA,SAN DIEGO,SAN DIEGO,-117.23715209960938,32.93471145629883
8843614,2019,2019-05-13,3701,2019-04-10,1506,CB5502,055,3,5,5,3701,0,0,0,NA,0,005,EL FUERTE ST,LOKER AVENUE EAST,0,NA,Y,A,-,N,NA,NA,NA,NA,NA,NA,NA,NA,NA,Y,4,0,2,2,A,-,09,21800,A,N,A,C,A,A,H,-,A,A,0,NA,NA,NA,NA,Y,NA,A,01,0,0,2,0,0,0,0,0,0,-,-,NA,NA,SAN DIEGO,CARLSBAD,-117.25257110595705,33.13138198852539
8844713,2019,2019-04-24,3700,2019-03-14,1846,SH3692,NA,4,5,4,3720,0,0,0,NA,0,602,BROADWAY,CITRUS ST,0,NA,Y,A,-,N,NA,NA,NA,NA,NA,NA,NA,NA,NA,N,4,0,1,2,A,-,09,21804,A,N,D,C,A,A,H,-,B,A,0,NA,NA,NA,NA,Y,NA,D,22,0,0,1,0,0,0,0,0,0,-,-,NA,NA,SAN DIEGO,LEMON GROVE,-117.04068756103516,32.74251937866211
8845564,2019,2019-05-02,3700,2019-03-29,0730,SH0141,NA,5,5,5,3712,0,0,0,NA,0,352,BORDEN RD,FULTON RD,0,NA,Y,A,-,N,NA,NA,NA,NA,NA,NA,NA,NA,NA,Y,4,0,1,2,A,-,09,21802,A,N,D,C,A,A,H,-,A,A,0,NA,NA,NA,NA,Y,NA,D,22,0,0,1,0,0,0,0,0,0,-,-,NA,NA,SAN DIEGO,SAN MARCOS,-117.1434326171875,33.151611328125
8845678,2019,2019-05-08,3711,2019-04-18,0724,SD6702,NA,4,5,7,3711,0,0,0,NA,0,511,32 ND ST,NORMAN SCOTT RD,38,S,N,A,-,N,NA,NA,NA,NA,NA,NA,NA,NA,NA,N,4,0,2,2,A,-,21,22106,NA,N,C,C,A,A,H,-,A,A,0,NA,NA,NA,NA,Y,NA,A,08,0,0,2,0,0,0,0,0,0,-,-,NA,NA,SAN DIEGO,SAN DIEGO,-117.12540435791016,32.687496185302734
8845874,2019,2019-04-30,3711,2019-04-02,0949,SD5654,NA,2,5,7,3711,0,0,0,NA,0,621,GENESEE AV,RICHMOND ST,68,W,N,A,-,N,NA,NA,NA,NA,NA,NA,NA,NA,NA,N,4,0,1,2,A,-,03,22350,NA,M,C,C,A,A,D,-,A,A,0,NA,NA,NA,NA,Y,Y,-,99,0,0,1,0,0,0,0,0,0,-,-,NA,NA,SAN DIEGO,SAN DIEGO,NA,NA
8846344,2019,2019-05-15,3711,2019-04-26,2130,SD7619,NA,5,5,7,3711,0,0,0,NA,0,521,E ST,PARK BL,3,E,N,A,-,N,NA,NA,NA,NA,NA,NA,NA,NA,NA,N,3,0,1,1,A,-,17,21235,G,N,H,A,A,A,H,-,C,A,0,NA,NA,NA,NA,Y,NA,-,NA,0,1,0,0,0,0,0,0,0,-,-,NA,NA,SAN DIEGO,SAN DIEGO,-117.15374755859376,32.714698791503906
8846349,2019,2019-05-22,3711,2019-04-23,1723,SD4539,NA,2,5,7,3711,0,0,0,NA,0,934,CALAIS DR,PORTOFINO,528,W,N,A,-,N,NA,NA,NA,NA,NA,NA,NA,NA,NA,Y,2,0,1,1,A,-,03,22350,NA,N,A,I,A,A,H,-,A,D,0,NA,NA,NA,NA,Y,NA,A,01,1,0,0,0,0,0,0,0,0,-,-,NA,NA,SAN DIEGO,SAN DIEGO,-117.2463836669922,32.94668960571289
8846902,2019,2019-08-28,3710,2019-04-02,1530,OC1450,033,2,5,6,3710,0,0,0,NA,0,009,RT 76,FRAZEE RD,500,E,N,A,-,Y,SD,11,76,-,R,5.68,H,-,E,N,4,0,1,2,A,-,03,22350,NA,N,C,C,A,A,H,-,A,D,0,NA,NA,NA,NA,Y,NA,A,01,0,0,1,0,0,0,0,0,0,-,-,33.239078521728516,-117.29843902587892,SAN DIEGO,OCEANSIDE,-117.29733276367188,33.23984146118164
8848337,2019,2019-05-31,3711,2019-04-13,1020,7911,NA,6,5,7,3711,0,0,0,NA,0,522,3RD AV,ISLAND,60,S,N,A,-,N,NA,NA,NA,NA,NA,NA,NA,NA,NA,N,3,0,1,1,A,-,03,22350,NA,N,F,C,A,A,H,-,A,D,0,NA,NA,NA,NA,Y,NA,-,NA,0,1,0,0,0,0,0,0,0,-,-,NA,NA,SAN DIEGO,SAN DIEGO,-117.16196441650392,32.71027755737305
8849123,2019,2019-05-17,3711,2019-04-14,0017,SD7692,NA,7,5,7,3711,0,0,0,NA,0,527,PACIFIC HWY,PACIFIC HWY 1655,0,NA,N,-,-,N,NA,NA,NA,NA,NA,NA,NA,NA,NA,N,3,0,1,1,A,-,17,21235,G,N,-,-,A,-,-,-,-,-,0,NA,NA,NA,NA,Y,NA,-,NA,0,1,0,0,0,0,0,0,0,-,-,NA,NA,SAN DIEGO,SAN DIEGO,NA,NA
8852375,2019,2019-05-13,3711,2019-04-25,2201,SD7766,NA,4,5,7,3711,0,0,0,NA,0,512,FRANKLIN AV,FRANKLIN AV  2021,6,E,N,A,-,N,NA,NA,NA,NA,NA,NA,NA,NA,NA,Y,4,0,1,3,A,-,08,22107,NA,N,D,E,A,A,H,-,C,A,0,NA,NA,NA,Y,Y,NA,A,01,0,0,1,0,0,0,0,0,0,-,-,NA,NA,SAN DIEGO,SAN DIEGO,NA,NA
8852951,2019,2019-05-08,3709,2019-04-05,1210,NC0515,NA,5,5,5,3709,0,0,0,NA,0,020,HIGHLAND AV,8TH ST,0,NA,Y,A,-,N,NA,NA,NA,NA,NA,NA,NA,NA,NA,N,4,0,1,2,A,-,21,22106,NA,N,C,C,A,A,H,-,A,A,0,NA,NA,NA,NA,Y,NA,A,01,0,0,1,0,0,0,0,0,0,-,-,NA,NA,SAN DIEGO,NATIONAL CITY,-117.09874725341795,32.678131103515625
8853082,2019,2019-05-01,3711,2019-04-18,0134,SD6837,NA,4,5,7,3711,0,0,0,NA,0,523,5TH AV,MARKET,5,S,N,A,-,N,NA,NA,NA,NA,NA,NA,NA,NA,NA,N,4,0,1,2,D,-,00,NA,NA,N,C,J,A,A,-,-,C,A,0,NA,Y,NA,NA,Y,NA,-,-,0,0,1,0,0,0,1,0,0,-,-,NA,NA,SAN DIEGO,SAN DIEGO,-117.16014862060548,32.71148681640625
8853431,2019,2019-05-11,3706,2019-04-09,2054,527,ESCON,2,5,6,3706,0,0,0,NA,0,052,GRAND AV,FIG ST,0,NA,Y,A,-,N,NA,NA,NA,NA,NA,NA,NA,NA,NA,N,3,0,1,2,A,-,09,21801,A,N,D,C,A,A,H,-,C,A,0,NA,NA,NA,NA,Y,NA,A,01,0,1,0,0,0,0,0,0,0,-,-,33.12491989135742,-117.07303619384766,SAN DIEGO,ESCONDIDO,-117.07289123535156,33.12491989135742