CASE_ID,ACCIDENT_YEAR,PROC_DATE,JURIS,COLLISION_DATE,COLLISION_TIME,OFFICER_ID,REPORTING_DISTRICT,DAY_OF_WEEK,CHP_SHIFT,POPULATION,CNTY_CITY_LOC,SPECIAL_COND,BEAT_TYPE,CHP_BEAT_TYPE,CITY_DIVISION_LAPD,CHP_BEAT_CLASS,BEAT_NUMBER,PRIMARY_RD,SECONDARY_RD,DISTANCE,DIRECTION,INTERSECTION,WEATHER_1,WEATHER_2,STATE_HWY_IND,CALTRANS_COUNTY,CALTRANS_DISTRICT,STATE_ROUTE,ROUTE_SUFFIX,POSTMILE_PREFIX,POSTMILE,LOCATION_TYPE,RAMP_INTERSECTION,SIDE_OF_HWY,TOW_AWAY,COLLISION_SEVERITY,NUMBER_KILLED,NUMBER_INJURED,PARTY_COUNT,PRIMARY_COLL_FACTOR,PCF_CODE_OF_VIOL,PCF_VIOL_CATEGORY,PCF_VIOLATION,PCF_VIOL_SUBSECTION,HIT_AND_RUN,TYPE_OF_COLLISION,MVIW,PED_ACTION,ROAD_SURFACE,ROAD_COND_1,ROAD_COND_2,LIGHTING,CONTROL_DEVICE,CHP_ROAD_TYPE,PEDESTRIAN_ACCIDENT,BICYCLE_ACCIDENT,MOTORCYCLE_ACCIDENT,TRUCK_ACCIDENT,NOT_PRIVATE_PROPERTY,ALCOHOL_INVOLVED,STWD_VEHTYPE_AT_FAULT,CHP_VEHTYPE_AT_FAULT,COUNT_SEVERE_INJ,COUNT_VISIBLE_INJ,COUNT_COMPLAINT_PAIN,COUNT_PED_KILLED,COUNT_PED_INJURED,COUNT_BICYCLIST_KILLED,COUNT_BICYCLIST_INJURED,COUNT_MC_KILLED,COUNT_MC_INJURED,PRIMARY_RAMP,SECONDARY_RAMP,LATITUDE,LONGITUDE,COUNTY,CITY,POINT_X,POINT_Y
8983093,2019,2020-01-14,3700,2019-11-13,2333,SH0817,NA,3,5,5,3712,0,0,0,NA,0,360,CRAVEN RD,RUSH DR,0,NA,Y,E,-,N,NA,NA,NA,NA,NA,NA,NA,NA,NA,Y,3,0,1,2,A,-,01,23152,A,N,D,D,A,A,H,-,C,A,0,NA,NA,NA,NA,Y,Y,D,22,0,1,0,0,0,0,0,0,0,-,-,NA,NA,SAN DIEGO,SAN MARCOS,-117.16786956787108,33.12746047973633
8986345,2019,2019-12-02,3711,2019-10-31,0916,SD6418,NA,4,5,7,3711,0,0,0,NA,0,243,MIRALANI DR,ARJONS DR,709,N,N,A,-,N,NA,NA,NA,NA,NA,NA,NA,NA,NA,N,4,0,1,2,A,-,09,21804,A,N,D,C,A,A,H,-,A,D,0,NA,NA,NA,NA,Y,NA,A,07,0,0,1,0,0,0,0,0,0,-,-,NA,NA,SAN DIEGO,SAN DIEGO,-117.1426239013672,32.89570999145508
8987481,2019,2020-01-22,3705,2019-11-05,1604,0324,NA,2,5,5,3705,0,0,0,NA,0,002,MOLLISON,PARK,0,NA,Y,A,-,N,NA,NA,NA,NA,NA,NA,NA,NA,NA,N,4,0,1,2,A,-,09,21801,A,N,D,C,A,A,H,-,A,A,0,NA,NA,NA,NA,Y,NA,A,01,0,0,1,0,0,0,0,0,0,-,-,NA,NA,SAN DIEGO,EL CAJON,-116.95098114013672,32.79819869995117
8987930,2019,2019-11-27,3711,2019-07-11,1430,HB6029,NA,4,5,7,3711,0,0,0,NA,0,503,NORTH HARBOR DR,NORTH HARBOR DR 2710,0,NA,-,A,-,N,NA,NA,NA,NA,NA,NA,NA,NA,NA,N,3,0,1,2,A,-,08,22100,A,N,D,G,A,A,H,-,A,A,0,NA,Y,NA,NA,Y,NA,A,01,0,1,0,0,0,0,1,0,0,-,-,NA,NA,SAN DIEGO,SAN DIEGO,NA,NA
8990951,2019,2020-01-11,3705,2019-11-17,0825,EC0398,NA,7,5,5,3705,0,0,0,NA,0,004,EMERALD,WASHINGTON,18,N,N,A,-,N,NA,NA,NA,NA,NA,NA,NA,NA,NA,N,3,0,1,2,A,-,09,21801,A,N,G,B,B,A,H,-,A,A,0,Y,NA,NA,NA,Y,NA,A,01,0,1,0,0,1,0,0,0,0,-,-,NA,NA,SAN DIEGO,EL CAJON,-116.96878814697266,32.7877082824707
8992231,2019,2020-01-23,3711,2019-11-12,0601,SD5522,NA,2,5,7,3711,0,0,0,NA,0,825,FAIRMOUNT,ALVARADO CANYON RD,950,S,N,B,-,N,NA,NA,NA,NA,NA,NA,NA,NA,NA,N,4,0,1,2,A,-,08,38314,NA,M,B,C,A,A,H,-,A,D,0,NA,NA,NA,NA,Y,NA,-,NA,0,0,1,0,0,0,0,0,0,-,-,NA,NA,SAN DIEGO,SAN DIEGO,-117.10073852539063,32.777748107910156
8992924,2019,2020-01-22,3711,2019-11-05,1554,SD6000,NA,2,5,7,3711,0,0,0,NA,0,234,POMERADO RD,STONE CANYON RD,0,NA,Y,A,-,N,NA,NA,NA,NA,NA,NA,NA,NA,NA,N,2,0,1,2,A,-,10,21950,A,N,G,B,B,A,H,-,A,A,0,Y,NA,NA,NA,Y,NA,A,01,1,0,0,0,1,0,0,0,0,-,-,NA,NA,SAN DIEGO,SAN DIEGO,-117.05787658691406,33.00408935546875
8993964,2019,2020-01-16,3711,2019-11-15,1248,6946,NA,5,5,7,3711,0,0,0,NA,0,243,MIRAMAR RD,BLACK MOUNTAIN RD,0,NA,-,A,-,N,NA,NA,NA,NA,NA,NA,NA,NA,NA,Y,4,0,1,2,A,-,08,22107,NA,N,-,C,A,A,H,-,A,D,0,NA,NA,Y,NA,Y,NA,A,01,0,0,1,0,0,0,0,0,1,-,-,NA,NA,SAN DIEGO,SAN DIEGO,-117.12345886230467,32.89377975463867
8994306,2019,2019-12-12,3700,2019-10-15,1717,0595,NA,2,5,5,3782,0,0,0,NA,0,206,NORTH EL CAMINO REAL,LEUCADIA BL,0,NA,Y,A,-,N,NA,NA,NA,NA,NA,NA,NA,NA,NA,Y,4,0,1,2,A,-,03,22350,NA,N,C,C,A,A,H,-,A,A,0,NA,NA,NA,NA,Y,NA,A,01,0,0,1,0,0,0,0,0,0,-,-,NA,NA,SAN DIEGO,ENCINITAS,-117.26239776611328,33.06768035888672
8996695,2019,2019-12-30,3700,2019-11-06,2033,SH0320,NA,3,5,5,3713,0,0,0,NA,0,314,SOUTH SANTA FE AV,SANTA FE PL,28,E,N,A,-,N,NA,NA,NA,NA,NA,NA,NA,NA,NA,Y,2,0,1,2,A,-,09,21804,A,N,D,C,A,A,H,-,C,D,0,NA,NA,Y,NA,Y,NA,A,01,1,0,0,0,0,0,0,0,1,-,-,NA,NA,SAN DIEGO,VISTA,-117.23216247558594,33.192962646484375
8996768,2019,2020-02-08,3700,2019-12-12,1540,SH2439,NA,4,5,5,3713,0,0,0,NA,0,311,CIVIC CENTER DR,SIERRA VERDE DR,17,N,N,A,-,N,NA,NA,NA,NA,NA,NA,NA,NA,NA,N,4,0,2,1,A,-,01,23152,A,N,E,I,A,A,H,-,A,D,0,NA,NA,NA,NA,Y,Y,A,01,0,0,2,0,0,0,0,0,0,-,-,NA,NA,SAN DIEGO,VISTA,-117.23387145996094,33.19590759277344
8998200,2019,2020-01-06,3711,2019-11-18,0920,SD7829,NA,1,5,7,3711,0,0,0,NA,0,313,CLAIREMONT MESA BL,CLAIREMONT MESA BL 7770,0,NA,Y,A,-,N,NA,NA,NA,NA,NA,NA,NA,NA,NA,Y,4,0,1,2,B,-,22,NA,NA,N,C,E,A,A,H,-,A,A,0,NA,NA,NA,NA,Y,NA,A,01,0,0,1,0,0,0,0,0,0,-,-,NA,NA,SAN DIEGO,SAN DIEGO,NA,NA
8998222,2019,2020-01-28,3702,2019-11-19,0650,CV0967,NA,2,5,6,3702,0,0,0,NA,0,042,BURGUNDY DR,VIEW PARK,800,N,N,B,-,N,NA,NA,NA,NA,NA,NA,NA,NA,NA,N,4,0,1,2,A,-,09,21804,A,N,D,G,A,A,H,-,A,D,0,NA,Y,NA,NA,Y,NA,L,04,0,0,1,0,0,0,1,0,0,-,-,NA,NA,SAN DIEGO,CHULA VISTA,-116.97892761230467,32.62755584716797
8998440,2019,2020-06-26,3711,2019-11-16,1745,SD5105,NA,6,5,7,3711,0,0,0,NA,0,232,CAMINO DEL NORTE,RT 15,0,NA,Y,A,-,Y,SD,11,15,-,-,21.717,R,4,N,Y,4,0,1,2,A,-,12,21453,A,N,A,C,A,A,H,-,A,A,0,NA,NA,NA,NA,Y,NA,A,01,0,0,1,0,0,0,0,0,0,-,-,NA,NA,SAN DIEGO,SAN DIEGO,-117.08346557617188,32.994728088378906
9000392,2019,2020-01-10,3708,2019-11-08,1125,LM1277,NA,5,5,5,3708,0,0,0,NA,0,004,GROSSMONT CENTER DR,CENTER DR,164,N,N,A,-,N,NA,NA,NA,NA,NA,NA,NA,NA,NA,N,3,0,1,2,A,-,10,21952,NA,N,G,B,F,A,H,-,A,D,0,Y,NA,NA,NA,Y,NA,A,01,0,1,0,0,1,0,0,0,0,-,-,NA,NA,SAN DIEGO,LA MESA,-117.01106262207033,32.781314849853516
9000705,2019,2020-02-06,3700,2019-12-07,1753,SH0817,NA,6,5,5,3712,0,0,0,NA,0,355,SOUTH RANCHO SANTA FE RD,LINDA VISTA DR,0,NA,Y,B,-,N,NA,NA,NA,NA,NA,NA,NA,NA,NA,Y,3,0,1,2,D,-,00,NA,NA,N,D,D,A,A,H,-,C,A,0,NA,NA,NA,NA,Y,NA,-,-,0,1,0,0,0,0,0,0,0,-,-,NA,NA,SAN DIEGO,SAN MARCOS,-117.20333862304688,33.14030838012695
90022775,2015,2015-10-19,9650,2015-09-21,1000,013958,NA,1,1,5,3712,0,1,3,NA,2,019,SR-78 W/B,NORDAHL RD,1760,E,N,A,-,Y,NA,NA,78,NA,NA,NA,NA,NA,W,Y,4,0,1,2,A,-,03,22350,NA,N,C,C,A,A,H,-,A,D,0,NA,NA,NA,NA,Y,NA,A,01,0,0,1,0,0,0,0,0,0,-,-,33.12984,-117.11607,SAN DIEGO,SAN MARCOS,-117.11605006,33.12988682
90023388,2015,2015-10-19,9680,2015-09-19,1405,018672,NA,6,2,9,3700,0,1,3,NA,1,052,SR-78,WYNOLA RD,14256,E,N,A,-,Y,NA,NA,78,NA,NA,NA,NA,NA,NA,Y,3,0,1,1,A,-,05,21650,NA,N,E,J,A,A,H,-,A,D,0,NA,NA,Y,NA,Y,NA,C,02,0,1,0,0,0,0,0,0,1,-,-,33.07519,-116.56046,SAN DIEGO,UNINCORPORATED,-116.56045413,33.07514735
90024610,2015,2015-10-19,9650,2015-09-23,0800,013958,NA,3,1,5,3782,0,1,1,NA,2,001,I-5 S/B,LA COSTA AVE,1260,S,N,A,-,Y,NA,NA,5,NA,NA,NA,NA,NA,S,Y,2,0,1,2,A,-,03,22350,NA,N,C,C,A,B,H,-,A,D,0,NA,NA,Y,NA,Y,NA,C,02,1,0,0,0,0,0,0,0,1,-,-,33.08073,-117.2971,SAN DIEGO,ENCINITAS,-117.2971045,33.08072865
90025149,2015,2015-10-19,9650,2015-09-30,0935,014615,NA,3,1,9,3700,0,1,1,NA,2,003,I-5 S/B,COCKLEBURR O/C,6864,S,N,A,-,Y,NA,NA,NA,NA,NA,NA,NA,NA,NA,Y,4,0,1,1,A,-,08,22107,NA,N,E,I,A,A,H,-,A,D,0,NA,NA,NA,NA,Y,NA,A,07,0,0,1,0,0,0,0,0,0,-,-,NA,NA,SAN DIEGO,UNINCORPORATED,NA,NA
90025265,2015,2015-10-19,9650,2015-09-24,1623,016516,NA,4,2,9,3700,0,1,1,NA,2,001,SR-76,COLE GRADE RD,0,NA,Y,A,-,Y,NA,NA,76,NA,NA,NA,NA,NA,NA,Y,2,0,1,2,A,-,09,21802,A,N,D,C,A,A,H,-,A,A,0,NA,NA,Y,NA,Y,NA,C,02,1,0,0,0,0,0,0,0,1,-,-,33.31852,-116.99269,SAN DIEGO,UNINCORPORATED,-116.99264233,33.31855496
90027843,2015,2015-10-19,9650,2015-09-25,1615,016516,NA,5,2,9,3700,0,1,1,NA,2,021,I-15 N/B,SAN LUIS REY RIVER,2112,S,N,A,-,Y,NA,NA,15,NA,NA,NA,NA,NA,N,Y,4,0,2,2,A,-,03,22350,NA,N,C,C,A,A,H,-,A,D,0,NA,NA,NA,NA,Y,NA,A,01,0,0,2,0,0,0,0,0,0,-,-,33.31612,-117.15341,SAN DIEGO,UNINCORPORATED,-117.15356536,33.31602118
90028034,2015,2015-10-19,9650,2015-10-02,1100,013570,NA,5,1,6,3710,0,1,3,NA,2,015,SR-78 W/B,EL CAMINO REAL,3100,E,N,A,-,Y,NA,NA,78,NA,NA,NA,NA,NA,W,Y,4,0,2,1,A,-,07,21658,A,N,F,A,A,A,H,-,A,D,0,NA,NA,NA,NA,Y,NA,A,01,0,0,2,0,0,0,0,0,0,-,-,33.18088,-117.31715,SAN DIEGO,OCEANSIDE,-117.31715989,33.18084622
90028650,2015,2015-10-19,9650,2015-10-03,1040,015295,NA,6,1,9,3700,0,1,3,NA,1,028,STATE ROUTE 76,RICE CANYON ROAD,60,W,N,A,-,Y,NA,NA,76,NA,NA,NA,NA,NA,NA,Y,3,0,1,1,A,-,08,22107,NA,N,F,A,A,A,H,-,A,D,0,NA,NA,Y,NA,Y,NA,C,02,0,1,0,0,0,0,0,0,1,-,-,33.3428,-117.13312,SAN DIEGO,UNINCORPORATED,-117.13301503,33.3428001
90029567,2015,2015-10-19,9680,2015-10-02,2140,017928,NA,5,2,9,3700,0,3,5,NA,2,009,SAN VICENTE RD,RAMONA OAKS RD,451,W,N,A,-,N,NA,NA,NA,NA,NA,NA,NA,NA,NA,Y,4,0,1,1,A,-,08,22107,NA,N,E,I,A,A,H,-,D,D,0,NA,NA,NA,NA,Y,NA,A,07,0,0,1,0,0,0,0,0,0,-,-,33.00275,-116.80433,SAN DIEGO,UNINCORPORATED,-116.80384231,33.00261446
90030126,2015,2015-10-19,9650,2015-10-04,0830,013696,NA,7,1,9,3700,0,1,1,NA,2,022,I-15 S/B,MISSION ROAD,4224,S,N,C,-,Y,NA,NA,15,NA,NA,NA,NA,NA,S,Y,4,0,1,2,A,-,03,22350,NA,N,D,C,A,B,H,-,A,D,0,NA,NA,NA,NA,Y,NA,A,01,0,0,1,0,0,0,0,0,0,-,-,33.3751,-117.17067,SAN DIEGO,UNINCORPORATED,-117.17052315,33.37521592
90031340,2015,2015-10-19,9650,2015-10-06,0830,015027,NA,2,1,9,3700,0,3,5,NA,2,211,WOODS VALLEY RD,VALLEY CENTER RD,6864,E,N,A,-,N,NA,NA,NA,NA,NA,NA,NA,NA,NA,Y,2,0,1,1,A,-,08,22107,NA,N,F,A,A,A,H,-,A,D,0,NA,NA,NA,NA,Y,NA,A,01,1,0,0,0,0,0,0,0,0,-,-,33.20695,-117.02936,SAN DIEGO,UNINCORPORATED,-117.01302461,33.20519711
90032372,2015,2015-10-19,9645,2015-10-02,1338,013756,NA,5,1,7,3711,0,1,3,NA,2,020,STATE ROUTE 56 W/B,CARMEL VALLEY ROAD,220,W,N,A,-,Y,NA,NA,56,NA,NA,NA,NA,NA,W,Y,4,0,1,3,A,-,03,22350,NA,N,C,C,A,A,H,-,A,D,0,NA,NA,NA,NA,Y,NA,A,01,0,0,1,0,0,0,0,0,0,-,-,32.95149,-117.19702,SAN DIEGO,SAN DIEGO,-117.1970093,32.95145769
90032849,2015,2015-10-19,9680,2015-10-09,2220,019946,NA,5,3,4,3720,0,1,3,NA,2,027,SR-94 E/B,LEMON GROVE AVE,274,E,N,A,-,Y,NA,NA,94,NA,NA,NA,NA,NA,E,N,3,0,1,1,A,-,03,22350,NA,N,F,A,A,A,H,-,C,D,0,NA,NA,Y,NA,Y,NA,C,02,0,1,0,0,0,0,0,0,1,-,-,32.74711,-117.02718,SAN DIEGO,LEMON GROVE,-117.02715721,32.74700383
90033069,2015,2015-10-19,9645,2015-09-27,1744,019344,NA,7,2,7,3711,0,1,3,NA,2,006,SR-94 W/B TO SR-15 S/B,SR-15 U/C,530,W,N,A,-,Y,NA,NA,NA,NA,NA,NA,NA,NA,NA,Y,4,0,1,1,A,-,03,22350,NA,N,E,I,A,A,H,-,A,D,0,NA,NA,NA,NA,Y,NA,A,01,0,0,1,0,0,0,0,0,0,-,-,32.71159,-117.11955,SAN DIEGO,SAN DIEGO,-117.1196489,32.71682303
90033077,2015,2015-10-19,9645,2015-09-23,1710,019410,NA,3,2,7,3711,0,1,3,NA,2,014,SR-52 E/B TO KEARNY VILLA RD.,SR-163 O/C,10,E,N,A,-,Y,NA,NA,NA,NA,NA,NA,NA,NA,NA,Y,4,0,2,3,A,-,03,22350,NA,N,C,C,A,A,H,-,A,D,0,NA,NA,NA,NA,Y,NA,A,07,0,0,2,0,0,0,0,0,0,-,-,32.59119,-117.03656,SAN DIEGO,SAN DIEGO,-117.13375772,32.84101277
90033838,2015,2015-10-19,9680,2015-10-09,1151,015081,NA,5,1,9,3700,0,1,3,NA,1,052,STATE ROUTE 78,SUTHERLAND DAM ROAD,4752,W,N,A,-,Y,NA,NA,78,NA,NA,NA,NA,NA,NA,Y,3,0,1,1,A,-,03,22350,NA,N,F,A,A,A,H,-,A,A,0,NA,NA,Y,NA,Y,NA,C,02,0,1,0,0,0,0,0,0,1,-,-,33.07617,-116.79996,SAN DIEGO,UNINCORPORATED,-116.79996222,33.07617665
90035317,2015,2015-11-12,9645,2015-10-06,0755,014909,NA,2,1,7,3711,0,1,1,NA,2,010,I-8 W/B,MISSION CENTER ROAD,2640,E,N,A,-,Y,NA,NA,8,NA,NA,NA,NA,NA,W,Y,4,0,1,3,A,-,03,22350,NA,N,C,C,A,A,H,-,A,D,0,NA,NA,NA,NA,Y,NA,A,01,0,0,1,0,0,0,0,0,0,-,-,32.7679,-117.1456,SAN DIEGO,SAN DIEGO,-117.14554462,32.76778799
90035960,2015,2015-10-22,9645,2015-09-24,1345,017499,NA,4,1,7,3711,0,1,1,NA,2,003,I-5 SOUTHBOUND,IMPERIAL AVE. U/C,200,N,N,A,-,Y,NA,NA,5,NA,NA,NA,NA,NA,S,N,4,0,1,2,A,-,03,22350,NA,N,C,C,A,A,H,-,A,D,0,NA,NA,NA,NA,Y,NA,A,01,0,0,1,0,0,0,0,0,0,-,-,32.70685,-117.14764,SAN DIEGO,SAN DIEGO,-117.14773521,32.70684932
90036780,2015,2015-10-22,9680,2015-10-09,1330,019822,NA,5,1,9,3700,0,1,3,NA,1,024,LYONS VALLEY RD,JAMUL DR,600,W,N,A,-,N,NA,NA,NA,NA,NA,NA,NA,NA,NA,Y,4,0,2,2,A,-,09,21804,A,N,A,C,A,A,H,-,A,D,0,NA,NA,NA,NA,Y,NA,A,01,0,0,2,0,0,0,0,0,0,-,-,32.72472,-116.87084,SAN DIEGO,UNINCORPORATED,-116.87127331,32.72457501
90037552,2015,2015-10-26,9645,2015-10-05,0937,012733,NA,1,1,7,3711,0,1,3,NA,2,023,SR-163 N/B,WASHINGTON STREET O/C,25,S,N,B,-,Y,NA,NA,163,NA,NA,NA,NA,NA,N,Y,2,0,1,2,A,-,03,22350,NA,N,F,C,A,B,H,-,A,D,0,NA,NA,NA,NA,Y,NA,A,07,1,0,0,0,0,0,0,0,0,-,-,32.74993,-117.15526,SAN DIEGO,SAN DIEGO,-117.15536268,32.74996079
90037584,2015,2015-10-26,9645,2015-10-20,1425,017524,NA,2,2,7,3711,0,1,1,NA,2,011,I-805 S/B,UNIVERSITY AVE. O/C,528,S,N,A,-,Y,NA,NA,805,NA,NA,NA,NA,NA,S,Y,3,0,1,1,A,-,08,22107,NA,N,E,I,A,A,H,-,A,D,0,NA,NA,NA,NA,Y,NA,A,01,0,1,0,0,0,0,0,0,0,-,-,32.74357,-117.11862,SAN DIEGO,SAN DIEGO,-117.11853463,32.74364092
90038587,2015,2015-10-27,9650,2015-10-14,1735,017994,NA,3,2,9,3700,0,1,3,NA,1,028,SR-76,PALA MISSION RD,470,W,N,A,-,Y,NA,NA,76,NA,NA,NA,NA,NA,NA,Y,3,0,1,3,A,-,09,21801,A,N,A,C,A,A,H,-,A,D,0,NA,NA,NA,NA,Y,NA,A,07,0,1,0,0,0,0,0,0,0,-,-,33.3646,-117.09091,SAN DIEGO,UNINCORPORATED,-117.09090864,33.36464492
90039851,2015,2015-11-17,9680,2015-10-17,0745,018166,NA,6,1,9,3700,0,2,4,NA,1,029,HILLSDALE RD,DONAHUE ST,33,E,N,B,-,N,NA,NA,NA,NA,NA,NA,NA,NA,NA,N,2,0,1,2,A,-,11,21950,B,N,G,B,D,B,H,-,A,D,0,Y,NA,NA,NA,Y,NA,N,60,1,0,0,0,1,0,0,0,0,-,-,32.76152,-116.90896,SAN DIEGO,UNINCORPORATED,-116.90872256,32.76136274
9004049,2019,2019-12-27,3706,2019-11-08,1721,507,NA,5,5,6,3706,0,0,0,NA,0,042,ASH ST,VALLEY PL,132,N,N,A,-,N,NA,NA,78,NA,NA,NA,NA,NA,NA,N,3,0,1,2,A,-,05,21650,NA,N,H,G,A,A,H,-,C,D,0,NA,Y,NA,NA,Y,NA,L,04,0,1,0,0,0,0,1,0,0,-,-,33.13018035888672,-117.06726837158205,SAN DIEGO,ESCONDIDO,-117.06697845458984,33.13032531738281
90040873,2015,2015-10-29,9645,2015-10-10,1850,019410,NA,6,2,7,3711,0,1,1,NA,2,010,I-8 E/B FROM TEXAS ST. S/B,TEXAS ST. O/C,150,E,N,A,-,Y,NA,NA,8,NA,NA,NA,R,NA,E,Y,3,0,1,1,A,-,08,22107,NA,N,E,I,A,A,H,-,C,D,0,NA,NA,Y,NA,Y,NA,C,02,0,1,0,0,0,0,0,0,1,-,-,32.76999,-117.13853,SAN DIEGO,SAN DIEGO,-117.13853,32.76999
90041365,2015,2015-10-29,9650,2015-10-04,2125,019126,NA,7,2,9,3700,0,1,1,NA,2,001,I-5 N/B,LAS PULGAS RD,528,S,N,A,-,Y,NA,NA,NA,NA,NA,NA,NA,NA,NA,Y,4,0,1,1,A,-,08,22107,NA,N,E,I,A,A,D,-,D,D,0,NA,NA,NA,NA,Y,NA,A,01,0,0,1,0,0,0,0,0,0,-,-,33.1348,-117.2744,SAN DIEGO,UNINCORPORATED,-117.46323043,33.29784644
90041666,2015,2015-11-03,9650,2015-10-19,0802,016516,NA,1,1,9,3700,0,1,3,NA,2,065,SR-76,OLD HWY 395,2640,E,N,B,-,Y,NA,NA,76,NA,NA,NA,NA,NA,NA,Y,4,0,1,2,A,-,05,21460,A,N,B,C,A,A,H,-,A,D,0,NA,NA,NA,NA,Y,NA,A,01,0,0,1,0,0,0,0,0,0,-,-,33.32262,-117.17023,SAN DIEGO,UNINCORPORATED,-117.17021022,33.32257365
90044335,2015,2015-11-04,9680,2015-10-23,1510,018583,NA,5,2,5,3708,0,1,3,NA,2,028,SR-125 S/B,LEMON AVE,528,S,N,A,-,Y,NA,NA,125,NA,NA,NA,NA,NA,S,N,4,0,1,2,A,-,03,22350,NA,N,C,C,A,A,H,-,A,D,0,NA,NA,NA,NA,Y,NA,A,01,0,0,1,0,0,0,0,0,0,-,-,32.76536,-117.00229,SAN DIEGO,LA MESA,-117.00226764,32.76536175
9004462,2019,2020-02-12,3709,2019-12-09,1848,NC0498,NA,1,5,5,3709,0,0,0,NA,0,021,EAST PLAZA BL,EUCLID AV,268,E,N,A,-,N,NA,NA,NA,NA,NA,NA,NA,NA,NA,N,4,0,1,2,A,-,08,22107,NA,N,D,C,A,A,H,-,C,D,0,NA,NA,NA,NA,Y,NA,A,07,0,0,1,0,0,0,0,0,0,-,-,NA,NA,SAN DIEGO,NATIONAL CITY,-117.07930755615234,32.68016815185547
90045479,2015,2015-11-05,9645,2015-10-09,0001,020623,NA,5,3,6,3702,0,1,1,NA,2,009,I-805 N/B,OLYMPIC PKWY,1500,N,N,A,-,Y,NA,NA,805,NA,NA,NA,NA,NA,N,Y,3,0,1,1,A,-,01,23152,E,N,E,I,A,A,D,-,D,D,0,NA,NA,NA,NA,Y,NA,A,01,0,1,0,0,0,0,0,0,0,-,-,32.6103,-117.03634,SAN DIEGO,CHULA VISTA,-117.03644259,32.61028307
90045767,2015,2015-11-05,9680,2015-10-24,2327,020343,NA,6,3,9,3700,0,2,4,NA,1,026,JAMACHA RD. E/B,KEMPTON ST,21,W,N,A,-,N,NA,NA,NA,NA,NA,NA,NA,NA,NA,Y,4,0,2,2,A,-,01,23152,A,N,C,C,A,A,H,-,C,A,0,NA,NA,NA,NA,Y,Y,A,01,0,0,2,0,0,0,0,0,0,-,-,32.71484,-117.00175,SAN DIEGO,UNINCORPORATED,-117.00170803,32.71485924
90046806,2015,2015-11-09,9680,2015-10-30,1430,018166,NA,5,2,9,3700,0,1,3,NA,2,028,SR-125 N/B,SWEETWATER RD,83,N,N,A,-,Y,NA,NA,125,NA,NA,NA,NA,NA,N,Y,4,0,1,4,A,-,03,22350,NA,N,C,C,A,A,H,-,A,D,0,NA,NA,NA,NA,Y,NA,A,01,0,0,1,0,0,0,0,0,0,-,-,32.74388,-117.01739,SAN DIEGO,UNINCORPORATED,-117.01744835,32.74384896
90047155,2015,2015-11-09,9680,2015-10-29,1730,015766,NA,4,2,9,3700,0,2,4,NA,1,061,OLD HIGHWAY 80,CHURCH RD,0,NA,Y,A,-,N,NA,NA,NA,NA,NA,NA,NA,NA,NA,Y,4,0,1,2,A,-,03,22350,NA,N,C,C,A,A,H,-,B,D,0,NA,NA,NA,NA,Y,NA,D,22,0,0,1,0,0,0,0,0,0,-,-,32.70091,-116.35723,SAN DIEGO,UNINCORPORATED,-116.357297,32.700803
90047444,2015,2015-11-10,9645,2015-10-08,1800,019410,NA,4,2,7,3711,0,1,1,NA,2,017,I-15 S/B,SR-52 U/C,1500,N,N,A,-,Y,NA,NA,15,NA,NA,NA,NA,NA,S,N,4,0,1,2,A,-,03,22350,NA,N,C,C,A,A,H,-,B,D,0,NA,NA,NA,NA,Y,NA,D,22,0,0,1,0,0,0,0,0,0,-,-,32.85008,-117.11636,SAN DIEGO,SAN DIEGO,-117.11650785,32.85012842
90048263,2015,2015-11-12,9645,2015-10-14,0349,013784,NA,3,3,7,3711,0,1,1,NA,2,017,I-15 S/B,MIRA MESA BLVD,130,N,N,A,-,Y,NA,NA,15,NA,NA,NA,NA,NA,S,Y,3,0,1,1,A,-,08,22107,NA,N,F,A,A,A,H,-,C,D,0,NA,NA,Y,NA,Y,NA,C,02,0,1,0,0,0,0,0,0,1,-,-,32.91753,-117.11645,SAN DIEGO,SAN DIEGO,-117.11625573,32.91749796
90048302,2015,2016-08-15,9645,2015-10-21,0740,016542,NA,3,1,7,3711,0,1,3,NA,2,006,SR-94 W/B,KELTON ROAD O/C,2022,W,N,A,-,Y,NA,NA,94,NA,NA,NA,NA,NA,W,Y,3,0,1,2,A,-,03,22350,NA,N,B,C,A,A,H,-,A,D,0,NA,NA,Y,NA,Y,NA,C,02,0,1,0,0,0,0,0,0,1,-,-,32.71991,-117.08169,SAN DIEGO,SAN DIEGO,-117.08156932,32.71975615
90050785,2015,2015-11-13,9645,2015-11-08,0938,018393,NA,7,1,6,3702,0,1,1,NA,2,009,I-805 S/B,PALOMAR STREET,800,N,N,A,-,Y,NA,NA,805,NA,NA,NA,NA,NA,S,Y,3,0,3,2,A,-,03,22350,NA,N,C,C,A,A,D,-,A,D,0,NA,NA,NA,NA,Y,NA,A,01,0,1,2,0,0,0,0,0,0,-,-,32.61619,-117.03887,SAN DIEGO,CHULA VISTA,-117.03870522,32.61625033
90051338,2015,2015-11-16,9680,2015-10-29,1950,019490,NA,4,2,5,3708,0,1,3,NA,2,028,SR-125 N/B,GROSSMONT COLLEGE DR,2640,S,N,A,-,Y,NA,NA,NA,NA,NA,NA,NA,NA,NA,N,4,0,1,2,A,-,07,21658,A,N,B,C,A,A,H,-,C,D,0,NA,NA,NA,NA,Y,NA,A,01,0,0,1,0,0,0,0,0,0,-,-,32.8067,-117.00548,SAN DIEGO,LA MESA,-117.00534622,32.80460841