CASE_ID,ACCIDENT_YEAR,PROC_DATE,JURIS,COLLISION_DATE,COLLISION_TIME,OFFICER_ID,REPORTING_DISTRICT,DAY_OF_WEEK,CHP_SHIFT,POPULATION,CNTY_CITY_LOC,SPECIAL_COND,BEAT_TYPE,CHP_BEAT_TYPE,CITY_DIVISION_LAPD,CHP_BEAT_CLASS,BEAT_NUMBER,PRIMARY_RD,SECONDARY_RD,DISTANCE,DIRECTION,INTERSECTION,WEATHER_1,WEATHER_2,STATE_HWY_IND,CALTRANS_COUNTY,CALTRANS_DISTRICT,STATE_ROUTE,ROUTE_SUFFIX,POSTMILE_PREFIX,POSTMILE,LOCATION_TYPE,RAMP_INTERSECTION,SIDE_OF_HWY,TOW_AWAY,COLLISION_SEVERITY,NUMBER_KILLED,NUMBER_INJURED,PARTY_COUNT,PRIMARY_COLL_FACTOR,PCF_CODE_OF_VIOL,PCF_VIOL_CATEGORY,PCF_VIOLATION,PCF_VIOL_SUBSECTION,HIT_AND_RUN,TYPE_OF_COLLISION,MVIW,PED_ACTION,ROAD_SURFACE,ROAD_COND_1,ROAD_COND_2,LIGHTING,CONTROL_DEVICE,CHP_ROAD_TYPE,PEDESTRIAN_ACCIDENT,BICYCLE_ACCIDENT,MOTORCYCLE_ACCIDENT,TRUCK_ACCIDENT,NOT_PRIVATE_PROPERTY,ALCOHOL_INVOLVED,STWD_VEHTYPE_AT_FAULT,CHP_VEHTYPE_AT_FAULT,COUNT_SEVERE_INJ,COUNT_VISIBLE_INJ,COUNT_COMPLAINT_PAIN,COUNT_PED_KILLED,COUNT_PED_INJURED,COUNT_BICYCLIST_KILLED,COUNT_BICYCLIST_INJURED,COUNT_MC_KILLED,COUNT_MC_INJURED,PRIMARY_RAMP,SECONDARY_RAMP,LATITUDE,LONGITUDE,COUNTY,CITY,POINT_X,POINT_Y
90099215,2016,2016-01-20,9650,2016-01-19,0735,013636,NA,2,1,5,3782,0,1,1,NA,2,007,I-5 S/B,BIRMINGHAM DR,0,NA,N,A,-,Y,NA,NA,NA,NA,NA,NA,NA,NA,NA,N,4,0,1,2,A,-,03,22350,NA,N,C,C,A,A,H,-,A,D,0,NA,NA,NA,NA,Y,NA,A,07,0,0,1,0,0,0,0,0,0,-,-,NA,NA,SAN DIEGO,ENCINITAS,-117.27496004,33.02632004
90099922,2016,2016-01-21,9645,2016-01-11,1515,016594,NA,1,2,9,3700,0,1,3,NA,2,008,SR-54 E/B,SWEETWATER ROAD,100,E,N,A,-,Y,NA,NA,54,NA,NA,NA,NA,NA,E,Y,4,0,1,2,A,-,03,22350,NA,N,C,C,A,A,H,-,A,D,0,NA,NA,NA,NA,Y,NA,A,01,0,0,1,0,0,0,0,0,0,-,-,32.69451,-117.01406,SAN DIEGO,UNINCORPORATED,-117.01415738,32.69457083
90099985,2016,2016-01-21,9645,2016-01-19,0930,014909,NA,2,1,7,3711,0,1,1,NA,2,010,I-8 W/B,I-805,1056,E,N,A,-,Y,NA,NA,8,NA,NA,NA,NA,NA,W,Y,3,0,1,1,A,-,08,22107,NA,N,E,I,A,A,H,-,A,D,0,NA,NA,NA,NA,Y,NA,A,01,0,1,0,0,0,0,0,0,0,-,-,32.77281,-117.12918,SAN DIEGO,SAN DIEGO,-117.12914291,32.77271917
90100076,2016,2016-01-21,9645,2016-01-13,1735,016864,NA,3,2,7,3711,0,1,1,NA,2,015,I-805 S/B FROM MIRAMAR ROAD,MIRAMAR ROAD O/C,600,S,N,A,-,Y,NA,NA,805,NA,NA,NA,R,NA,S,Y,4,0,1,2,A,-,08,22107,NA,N,B,C,A,A,H,-,C,A,0,NA,NA,Y,NA,Y,NA,A,01,0,0,1,0,0,0,0,0,1,-,-,32.8733,-117.19858,SAN DIEGO,SAN DIEGO,-117.19858,32.8733
90100298,2016,2016-01-21,9680,2016-01-16,1355,017389,NA,6,1,5,3705,0,1,1,NA,2,082,I-8 W/B,FIRST ST,350,E,N,A,-,Y,NA,NA,8,NA,NA,NA,NA,NA,W,Y,4,0,1,1,A,-,08,22107,NA,N,E,I,A,A,H,-,A,D,0,NA,NA,NA,NA,Y,NA,D,22,0,0,1,0,0,0,0,0,0,-,-,32.80319,-116.94267,SAN DIEGO,EL CAJON,-116.94267006,32.8031602
90100718,2016,2016-01-22,9645,2016-01-19,1650,017133,NA,2,2,7,3711,0,1,3,NA,2,002,SR-905 W/B,BRITTANNIA BVLD.,500,E,N,A,-,Y,NA,NA,905,NA,NA,NA,NA,NA,W,Y,3,0,1,2,A,-,03,22350,NA,N,C,C,A,A,H,-,A,D,0,NA,NA,NA,Y,Y,NA,A,01,0,1,0,0,0,0,0,0,0,-,-,32.56445,-116.97302,SAN DIEGO,SAN DIEGO,-116.97302037,32.5643979
90100805,2016,2016-01-22,9680,2016-01-21,0603,016598,NA,4,1,9,3700,0,2,4,NA,1,013,WILDCAT CANYON RD,FOUNDERS WAY,3696,S,N,A,-,N,NA,NA,NA,NA,NA,NA,NA,NA,NA,Y,2,0,2,2,A,-,08,22107,NA,N,A,C,A,B,H,-,D,D,0,NA,NA,NA,NA,Y,NA,A,01,2,0,0,0,0,0,0,0,0,-,-,32.92634,-116.87502,SAN DIEGO,UNINCORPORATED,-116.874779,32.926302
90105474,2016,2016-01-29,9650,2016-01-28,0720,013570,NA,4,1,6,3706,0,1,3,NA,2,019,SR-78 E/B,I-15,1000,W,N,A,-,Y,NA,NA,78,NA,NA,NA,NA,NA,E,N,4,0,1,2,A,-,03,22350,NA,N,C,C,A,A,H,-,A,D,0,NA,NA,NA,NA,Y,NA,A,01,0,0,1,0,0,0,0,0,0,-,-,33.12806,-117.11269,SAN DIEGO,ESCONDIDO,-117.11265522,33.12814461
9010728,2019,2020-02-15,3711,2019-12-04,1649,7781,NA,3,5,7,3711,0,0,0,NA,0,723,PALM AV,FIRETHORN ST,295,E,N,C,-,N,NA,NA,NA,NA,NA,NA,NA,NA,NA,N,4,0,2,2,A,-,09,21804,A,N,D,C,A,B,H,-,C,D,0,NA,NA,NA,NA,Y,Y,D,22,0,0,2,0,0,0,0,0,0,-,-,NA,NA,SAN DIEGO,SAN DIEGO,-117.03934478759766,32.583744049072266
90107724,2016,2016-02-02,9650,2016-01-30,1825,019549,NA,6,2,5,3701,0,1,1,NA,2,005,I-5 N/B,TAMARACK AVE,1584,S,N,C,-,Y,NA,NA,5,NA,NA,NA,NA,NA,N,Y,4,0,1,2,A,-,03,22350,NA,N,C,C,A,B,H,-,D,D,0,NA,NA,NA,NA,Y,NA,A,01,0,0,1,0,0,0,0,0,0,-,-,33.14596,-117.33355,SAN DIEGO,CARLSBAD,-117.33354283,33.14596048
90110155,2016,2016-02-05,9680,2016-01-31,1630,019910,NA,7,2,9,3700,0,1,3,NA,1,017,SR-67,SLAUGHTERHOUSE CANYON RD,1267,N,N,B,C,Y,NA,NA,67,NA,NA,NA,NA,NA,NA,Y,4,0,1,1,A,-,03,22350,NA,N,E,I,A,B,H,-,A,D,0,NA,NA,NA,NA,Y,NA,D,22,0,0,1,0,0,0,0,0,0,-,-,32.91135,-116.94712,SAN DIEGO,UNINCORPORATED,-116.94686711,32.91134426
90115508,2016,2016-02-16,9645,2016-01-22,1010,016542,NA,5,1,7,3711,0,1,1,NA,2,005,I-5 N/B,GARNET AVENUE U/C,1000,S,N,B,-,Y,NA,NA,5,NA,NA,NA,NA,NA,N,Y,4,0,1,4,A,-,08,22107,NA,F,B,C,A,A,H,-,A,D,0,NA,NA,NA,NA,Y,NA,D,22,0,0,1,0,0,0,0,0,0,-,-,32.78983,-117.20689,SAN DIEGO,SAN DIEGO,-117.20689153,32.78982987
90116593,2016,2016-02-17,9680,2016-02-06,2205,017621,NA,6,3,9,3700,0,1,3,NA,1,091,SR-78,WEEKEND VILLA RD,2640,W,N,A,-,Y,NA,NA,78,NA,NA,NA,NA,NA,NA,Y,3,0,1,1,A,-,08,22107,NA,N,F,A,A,A,H,-,D,A,0,NA,NA,NA,NA,Y,NA,A,07,0,1,0,0,0,0,0,0,0,-,-,33.0701,-116.89361,SAN DIEGO,UNINCORPORATED,-116.89361888,33.07003057
9011824,2019,2019-12-24,3711,2019-10-19,1553,SD5844,NA,6,5,7,3711,0,0,0,NA,0,123,FIESTA ISLAND RD,MISSION BAY DR,0,NA,Y,-,-,N,NA,NA,NA,NA,NA,NA,NA,NA,NA,N,4,0,1,2,A,-,08,22107,NA,N,D,C,A,A,H,-,A,D,0,NA,NA,NA,NA,Y,NA,A,07,0,0,1,0,0,0,0,0,0,-,-,NA,NA,SAN DIEGO,SAN DIEGO,-117.20919799804688,32.76884078979492
90119379,2016,2016-02-22,9650,2016-02-14,0230,015868,NA,7,3,9,3700,0,3,5,NA,2,231,BEAR VALLEY PARKWAY,SAN PASQUAL VALLEY RD,2112,W,N,A,-,N,NA,NA,NA,NA,NA,NA,NA,NA,NA,Y,4,0,1,1,A,-,08,22107,NA,N,E,I,A,A,H,-,D,D,0,NA,NA,NA,NA,Y,NA,A,01,0,0,1,0,0,0,0,0,0,-,-,33.1049,-117.05287,SAN DIEGO,UNINCORPORATED,-117.04997,33.10926
90119881,2016,2016-02-22,9645,2016-01-20,1700,017953,NA,3,2,7,3711,0,1,1,NA,2,019,I-15 S/B FROM CARMEL MOUNTAIN ROAD,CARMEL MOUNTAIN ROAD,420,S,N,A,-,Y,NA,NA,15,NA,NA,NA,R,NA,S,Y,2,0,1,2,A,-,03,22350,NA,N,C,C,A,A,H,-,E,A,0,NA,NA,Y,NA,Y,NA,C,02,1,0,0,0,0,0,0,0,1,-,-,32.97773,-117.08781,SAN DIEGO,SAN DIEGO,-117.08781,32.97773
9012014,2019,2020-01-02,3700,2019-08-30,0510,SH0141,NA,5,5,5,3712,0,0,0,NA,0,351,LAS POSAS RD,CAMINO DEL SOL,0,NA,Y,A,-,N,NA,NA,NA,NA,NA,NA,NA,NA,NA,Y,3,0,1,2,A,-,09,21802,B,N,B,C,A,A,H,-,C,A,0,NA,NA,Y,NA,Y,NA,A,01,0,1,0,0,0,0,0,0,1,-,-,NA,NA,SAN DIEGO,SAN MARCOS,-117.18903350830078,33.15755844116211
90121505,2016,2016-02-23,9645,2016-02-11,0750,014461,NA,4,1,7,3711,0,1,1,NA,2,017,I-15 NORTHBOUND,POWAY RD.,2640,N,N,A,-,Y,NA,NA,15,NA,NA,NA,NA,NA,N,Y,4,0,1,2,A,-,07,21658,A,N,B,C,A,A,H,-,A,D,0,NA,NA,NA,NA,Y,NA,A,07,0,0,1,0,0,0,0,0,0,-,-,32.95293,-117.10275,SAN DIEGO,SAN DIEGO,-117.10256471,32.95280685
90122528,2016,2016-02-24,9680,2016-02-13,1942,018672,NA,6,2,9,3700,0,1,3,NA,1,052,SR-78,OLD JULIAN HWY,1584,E,N,A,-,Y,NA,NA,78,NA,NA,NA,NA,NA,NA,Y,3,0,4,2,A,-,01,23152,A,N,A,C,A,A,H,-,D,D,0,NA,NA,NA,NA,Y,Y,A,07,0,2,2,0,0,0,0,0,0,-,-,33.08183,-116.71282,SAN DIEGO,UNINCORPORATED,-116.71320975,33.08248472
90123263,2016,2016-03-28,9680,2016-02-13,0015,020738,NA,6,3,9,3700,0,3,5,NA,2,002,CAMPO RD.,CAMINO PAZ,0,NA,Y,A,-,N,NA,NA,NA,NA,NA,NA,NA,NA,NA,N,3,0,1,2,A,-,09,21801,A,N,D,G,A,A,H,-,D,D,0,NA,Y,NA,NA,Y,NA,D,22,0,1,0,0,0,0,1,0,0,-,-,32.75097,-116.99944,SAN DIEGO,UNINCORPORATED,-116.9995201,32.75095005
90123551,2016,2016-02-25,9645,2016-02-22,1000,013393,NA,1,1,7,3711,0,1,1,NA,2,015,I-805 N/B TO MIRA MESA BLVD,MIRA MESA BLVD E/B,25,S,N,A,-,Y,NA,NA,NA,NA,NA,NA,NA,NA,NA,N,4,0,1,2,A,-,04,21703,NA,N,C,C,A,A,H,-,A,A,0,NA,NA,NA,NA,Y,NA,A,01,0,0,1,0,0,0,0,0,0,-,-,32.5328,-117.1217,SAN DIEGO,SAN DIEGO,NA,NA
90124464,2016,2016-02-26,9650,2016-02-23,0238,015868,NA,2,3,9,3700,0,1,1,NA,2,001,INTERSTATE 5 (N/B),CRISTIANITOS RD,10,N,N,A,-,Y,NA,NA,5,NA,NA,NA,NA,NA,NA,Y,3,0,1,1,A,-,08,22107,NA,N,E,I,A,A,H,-,D,D,0,NA,NA,NA,NA,Y,NA,A,01,0,1,0,0,0,0,0,0,0,-,-,33.39552,-117.59288,SAN DIEGO,UNINCORPORATED,-117.59297165,33.39546198
90124612,2016,2016-02-26,9645,2016-02-23,2055,013648,NA,2,2,7,3711,0,1,1,NA,2,015,I-805 SOUTHBOUND,SORRENTO VALLEY BLVD OC,1320,S,N,A,-,Y,NA,NA,NA,NA,NA,NA,NA,NA,NA,Y,4,0,1,2,A,-,03,22350,NA,N,C,C,A,A,D,-,D,D,0,NA,NA,NA,NA,Y,NA,A,07,0,0,1,0,0,0,0,0,0,-,-,32.99902,-117.10172,SAN DIEGO,SAN DIEGO,NA,NA
90125037,2016,2016-02-29,9650,2016-02-22,0740,013696,NA,1,1,9,3700,0,3,5,NA,2,210,DEER SPRINGS RD,MESA ROCK RD,1584,W,N,A,-,N,NA,NA,NA,NA,NA,NA,NA,NA,NA,Y,4,0,1,2,A,-,03,22350,NA,N,B,C,A,A,H,-,A,D,0,NA,NA,NA,NA,Y,NA,A,01,0,0,1,0,0,0,0,0,0,-,-,33.19456,-117.13101,SAN DIEGO,UNINCORPORATED,-117.13192379,33.19481005
9012625,2019,2020-02-19,3701,2019-12-04,1142,CB5538,084,3,5,5,3701,0,0,0,NA,0,006,PALOMAR AIRPORT RD,PASEO VALINDO,756,W,N,B,-,N,NA,NA,NA,NA,NA,NA,NA,NA,NA,Y,3,0,1,1,A,-,03,22350,NA,N,E,I,A,B,H,-,A,D,0,NA,NA,NA,NA,Y,NA,A,01,0,1,0,0,0,0,0,0,0,-,-,NA,NA,SAN DIEGO,CARLSBAD,-117.24051666259766,33.128822326660156
90126672,2016,2016-03-01,9680,2016-02-18,1525,018979,NA,4,2,4,3720,0,1,3,NA,2,027,SR-94 E/B,LEMON GROVE AVE,425,E,N,A,-,Y,NA,NA,94,NA,NA,NA,NA,NA,E,Y,4,0,2,2,A,-,03,22350,NA,N,C,C,A,A,H,-,A,D,0,NA,NA,NA,NA,Y,NA,D,22,0,0,2,0,0,0,0,0,0,-,-,32.747,-117.0267,SAN DIEGO,LEMON GROVE,-117.0267,32.74704777
9012773,2019,2020-02-03,3711,2019-12-13,0311,SD7984,NA,5,5,7,3711,0,0,0,NA,0,123,MISSION BAY DR,3600 MISSION BAY DR,0,NA,-,A,-,N,NA,NA,NA,NA,NA,NA,NA,NA,NA,N,3,0,1,3,A,-,03,22350,NA,N,C,C,A,A,H,-,A,D,0,NA,NA,Y,NA,Y,NA,C,02,0,1,0,0,0,0,0,0,1,-,-,NA,NA,SAN DIEGO,SAN DIEGO,NA,NA
90128031,2016,2016-03-02,9645,2016-02-13,1718,020066,NA,6,2,7,3711,0,1,1,NA,2,003,I-8 W/B,TEXAS ST. O/C,300,E,N,A,-,Y,NA,NA,8,NA,NA,NA,NA,NA,W,Y,4,0,1,2,A,-,03,22350,NA,N,C,C,A,A,H,-,B,D,0,NA,NA,NA,NA,Y,NA,A,07,0,0,1,0,0,0,0,0,0,-,-,32.77088,-117.13868,SAN DIEGO,SAN DIEGO,-117.13854832,32.77032963
90128071,2016,2016-03-02,9645,2016-02-14,1105,016156,NA,7,1,7,3711,0,1,3,NA,2,023,SR-163 S/B,UNIVERSITY AVENUE,200,S,N,A,-,Y,NA,NA,163,NA,NA,NA,NA,NA,S,Y,4,0,2,2,A,-,03,22350,NA,N,C,C,A,A,H,-,A,D,0,NA,NA,NA,NA,Y,NA,A,01,0,0,2,0,0,0,0,0,0,-,-,32.74761,-117.15638,SAN DIEGO,SAN DIEGO,-117.15631862,32.74758501
90128389,2016,2016-03-03,9645,2016-02-01,1752,018678,NA,1,2,7,3711,0,1,1,NA,2,001,I-5 (S/B),VIA DE SAN YSIDRO U/C,38,S,N,A,-,Y,NA,NA,5,NA,NA,NA,NA,NA,NA,Y,4,0,1,2,A,-,01,23152,NA,N,C,C,A,A,H,-,B,D,0,NA,NA,NA,NA,Y,Y,A,07,0,0,1,0,0,0,0,0,0,-,-,32.5513,-117.04523,SAN DIEGO,SAN DIEGO,-117.04525746,32.55122703
90130058,2016,2016-03-07,9650,2016-03-05,1310,015503,NA,6,1,9,3700,0,1,1,NA,2,003,I-5 S/B,HARBOR DR.,528,N,N,A,-,Y,NA,NA,5,NA,NA,NA,NA,NA,S,Y,4,0,2,4,A,-,03,22350,NA,N,C,C,A,A,H,-,A,D,0,NA,NA,NA,NA,Y,NA,A,07,0,0,2,0,0,0,0,0,0,-,-,33.21532,-117.39028,SAN DIEGO,UNINCORPORATED,-117.39019836,33.21534376
90130765,2016,2016-03-07,9680,2016-02-26,1745,019519,NA,5,2,9,3700,0,2,4,NA,1,010,WOODSIDE AVE.,WINTER GARDENS BLVD,540,W,N,A,-,N,NA,NA,NA,NA,NA,NA,NA,NA,NA,Y,4,0,1,2,A,-,09,21804,A,N,D,C,A,A,H,-,B,D,0,NA,NA,NA,NA,Y,NA,A,07,0,0,1,0,0,0,0,0,0,-,-,32.85564,-116.93401,SAN DIEGO,UNINCORPORATED,-116.93286031,32.85577978
90132043,2015,2016-03-08,9645,2015-12-27,0605,014922,NA,7,1,7,3711,0,1,1,NA,2,009,INTERSTATE 805 NORTHBOUND,STATE ROUTE 94 OVER-CROSS (O/C),436,S,N,A,-,Y,NA,NA,805,NA,NA,NA,NA,NA,N,Y,1,2,3,1,A,-,01,23152,A,N,E,I,A,A,H,-,C,D,0,NA,NA,NA,NA,Y,Y,A,01,3,0,0,0,0,0,0,0,0,-,-,32.71754,-117.10268,SAN DIEGO,SAN DIEGO,-117.10283567,32.71754585
90133173,2016,2016-03-09,9680,2016-02-14,1045,020020,NA,7,1,5,3705,0,1,1,NA,2,081,I-8 E/B,GROSSMONT BLVD,1584,E,N,A,-,Y,NA,NA,8,NA,NA,NA,NA,NA,E,Y,3,0,1,1,A,-,08,22107,NA,N,E,I,A,A,H,-,A,D,0,NA,NA,NA,NA,Y,NA,A,01,0,1,0,0,0,0,0,0,0,-,-,32.77927,-116.98492,SAN DIEGO,EL CAJON,-116.98485462,32.77906174
9013359,2019,2020-01-15,3706,2019-11-25,0845,342,ESCON,1,5,6,3706,0,0,0,NA,0,043,GOLDEN CIRCLE DR,FELICE DR,65,S,N,A,-,N,NA,NA,NA,NA,NA,NA,NA,NA,NA,N,4,0,1,2,A,-,08,22103,NA,N,D,C,A,A,H,-,A,D,0,NA,NA,NA,NA,Y,NA,A,01,0,0,1,0,0,0,0,0,0,-,-,33.160438537597656,-117.12722778320313,SAN DIEGO,ESCONDIDO,-117.12725830078124,33.16010284423828
90134736,2016,2016-03-11,9680,2016-03-03,1300,015972,NA,4,1,5,3708,0,1,1,NA,2,081,I-8 W/B TO EL CAJON BLVD,BALTIMORE DRIVE,450,E,N,B,-,Y,NA,NA,8,NA,NA,NA,R,NA,W,N,4,0,1,2,A,-,01,23152,E,N,C,C,A,A,H,-,A,A,0,NA,NA,NA,NA,Y,NA,A,01,0,0,1,0,0,0,0,0,0,-,-,32.77015,-117.02339,SAN DIEGO,LA MESA,-117.02339,32.77015
90134976,2015,2016-03-24,9645,2015-12-24,2130,020737,NA,4,2,7,3711,0,1,3,NA,2,023,STATE ROUTE 163 SOUTHBOUND,INTERSTATE 8,1658,S,N,B,-,Y,NA,NA,163,NA,NA,NA,NA,NA,S,Y,1,1,0,2,A,-,11,21954,A,N,G,B,E,B,H,-,D,D,0,Y,NA,NA,NA,Y,NA,N,60,0,0,0,1,0,0,0,0,0,-,-,32.75829,-117.16092,SAN DIEGO,SAN DIEGO,-117.16097668,32.75822594
90135903,2016,2016-03-14,9645,2016-02-28,1834,019352,NA,7,2,7,3711,0,1,1,NA,2,005,I-5 N/B,CLAIREMONT DR. O/C,1584,S,N,A,-,Y,NA,NA,5,NA,NA,NA,NA,NA,N,Y,3,0,1,2,A,-,08,22107,NA,N,C,E,A,A,H,-,C,D,0,NA,NA,NA,NA,Y,NA,A,01,0,1,0,0,0,0,0,0,0,-,-,32.78469,-117.20739,SAN DIEGO,SAN DIEGO,-117.20741086,32.78469371
90135914,2016,2016-03-14,9645,2016-02-25,1600,017499,NA,4,2,7,3711,0,1,1,NA,2,003,I-5 SOUTHBOUND,PERSHING DR. O/C,500,N,N,A,-,Y,NA,NA,NA,NA,NA,NA,NA,NA,NA,Y,4,0,1,2,A,-,03,22350,NA,N,C,C,A,A,H,-,A,D,0,NA,NA,NA,NA,Y,NA,D,22,0,0,1,0,0,0,0,0,0,-,-,32.73229,-117.1545,SAN DIEGO,SAN DIEGO,-117.14828147,32.72028514
90137690,2016,2016-03-16,9680,2016-03-06,2230,020738,NA,7,3,9,3700,0,3,5,NA,2,001,GRAVES AVE,GRAVES LN,46,W,N,B,-,N,NA,NA,NA,NA,NA,NA,NA,NA,NA,N,3,0,1,2,A,-,08,22107,NA,N,F,A,A,A,H,-,C,D,0,NA,NA,Y,NA,Y,NA,C,02,0,1,0,0,0,0,0,0,1,-,-,32.81676,-116.95889,SAN DIEGO,UNINCORPORATED,-116.95889816,32.81674518
90138325,2016,2016-03-16,9645,2016-03-05,0934,015270,NA,6,1,7,3711,0,1,1,NA,2,015,I-805 N/B,GOVERNOR DRIVE,706,S,N,A,-,Y,NA,NA,805,NA,NA,NA,NA,NA,N,Y,4,0,2,2,A,-,07,21658,A,N,B,C,A,A,H,-,A,D,0,NA,NA,NA,NA,Y,NA,A,01,0,0,2,0,0,0,0,0,0,-,-,32.85461,-117.18235,SAN DIEGO,SAN DIEGO,-117.18235611,32.85460638
90139118,2015,2016-03-17,9650,2015-12-20,0324,016487,NA,7,3,3,3783,0,1,1,NA,2,007,INTERSTATE 5 SOUTHBOUND,LOMAS SANTA FE DRIVE,2132,N,N,B,-,Y,NA,NA,5,NA,NA,NA,NA,NA,S,Y,1,3,0,2,A,-,01,23152,F,N,A,C,A,A,H,-,D,D,0,NA,NA,NA,NA,Y,Y,A,01,0,0,0,0,0,0,0,0,0,-,-,33.00188,-117.25763,SAN DIEGO,SOLANA BEACH,-117.25767772,33.00187023
9013915,2019,2020-02-19,3706,2019-12-05,1820,223,ESCON,4,5,6,3706,0,0,0,NA,0,051,ESCONDIDO BL,BROTHERTON RD,78,S,N,A,-,N,NA,NA,NA,NA,NA,NA,NA,NA,NA,N,3,0,1,2,A,-,11,21954,A,N,G,B,D,A,H,-,C,D,0,Y,NA,NA,NA,Y,NA,N,60,0,1,0,0,1,0,0,0,0,-,-,33.094181060791016,-117.07164764404295,SAN DIEGO,ESCONDIDO,-117.07163238525392,33.093990325927734
90139894,2016,2016-03-21,9645,2016-01-19,0657,016409,NA,2,1,5,3709,0,1,1,NA,2,009,I-805 N/B,16TH STREET O/C,1056,S,N,B,-,N,NA,NA,805,NA,NA,NA,NA,NA,N,Y,2,0,1,2,A,-,03,22350,NA,N,C,C,A,A,H,-,A,D,0,NA,NA,Y,NA,Y,NA,C,02,1,0,0,0,0,0,0,0,1,-,-,32.6742,-117.0831,SAN DIEGO,NATIONAL CITY,-117.08295862,32.67425789
90141085,2016,2016-03-22,9680,2016-03-12,0950,018279,NA,6,1,9,3700,0,3,5,NA,2,007,SPLIT MOUNTAIN RD,STATE ROUTE 78,16368,S,N,A,-,N,NA,NA,NA,NA,NA,NA,NA,NA,NA,Y,4,0,2,2,A,-,09,21804,A,N,D,C,A,A,H,-,A,D,0,NA,NA,NA,NA,Y,NA,A,42,0,0,2,0,0,0,0,0,0,-,-,33.10355,-116.12415,SAN DIEGO,UNINCORPORATED,-116.12479979,33.10392242
90141511,2016,2016-03-22,9645,2016-03-10,0805,014669,NA,4,1,7,3711,0,1,3,NA,2,014,SR-52 W/B,I-805 O/C,2500,E,N,A,-,Y,NA,NA,52,NA,NA,NA,NA,NA,W,Y,4,0,2,2,A,-,03,22350,NA,N,C,C,A,A,H,-,A,D,0,NA,NA,NA,NA,Y,NA,A,01,0,0,2,0,0,0,0,0,0,-,-,32.84584,-117.17023,SAN DIEGO,SAN DIEGO,-117.17015536,32.84598468
9014599,2019,2020-02-06,3711,2019-12-14,0334,SD7821,NA,6,5,7,3711,0,0,0,NA,0,811,35TH ST,ADAMS AV,2640,S,N,A,-,N,NA,NA,NA,NA,NA,NA,NA,NA,NA,Y,4,0,1,2,A,-,08,22107,NA,N,C,E,A,A,H,-,C,D,0,NA,NA,NA,NA,Y,Y,A,01,0,0,1,0,0,0,0,0,0,-,-,NA,NA,SAN DIEGO,SAN DIEGO,-117.11790466308594,32.756351470947266
90146646,2016,2016-03-29,9645,2016-03-22,0815,014804,NA,2,1,7,3711,0,1,1,NA,2,011,I-805 (N/B),I-8 U/C,1056,S,N,B,-,Y,NA,NA,805,NA,NA,NA,NA,NA,NA,Y,4,0,1,2,A,-,08,22107,NA,N,F,A,A,A,H,-,A,D,0,NA,NA,Y,NA,Y,NA,C,02,0,0,1,0,0,0,0,0,1,-,-,32.76724,-117.12894,SAN DIEGO,SAN DIEGO,-117.12889336,32.76726506
90146837,2016,2016-03-29,9645,2016-03-24,0609,012733,NA,4,1,7,3711,0,1,3,NA,2,023,SR-163 S/B,QUINCE STREET,372,S,N,A,-,Y,NA,NA,163,NA,NA,NA,NA,NA,S,Y,4,0,1,2,A,-,03,22350,NA,N,C,C,A,A,H,-,B,D,0,NA,NA,Y,NA,Y,NA,C,02,0,0,1,0,0,0,0,0,1,-,-,32.73293,-117.15536,SAN DIEGO,SAN DIEGO,-117.15534491,32.73293854
90147437,2016,2016-03-29,9645,2016-01-05,1532,018095,NA,2,2,7,3711,1,4,S,NA,2,901,POLK AVE. E/B (4200 BLOCK),VAN DYKE AVE.,200,E,N,C,-,N,NA,NA,NA,NA,NA,NA,NA,NA,NA,Y,4,0,2,2,A,-,03,22350,NA,F,D,C,A,B,H,-,A,D,0,NA,NA,NA,NA,Y,NA,A,01,0,0,2,0,0,0,0,0,0,-,-,32.75143,-117.10256,SAN DIEGO,SAN DIEGO,-117.10256173,32.75140469
9014758,2019,2020-02-18,3711,2019-12-09,2345,7741,NA,1,5,7,3711,0,0,0,NA,0,822,COLLEGE AV,VIEW PL,250,S,N,A,-,N,NA,NA,NA,NA,NA,NA,NA,NA,NA,N,4,0,1,2,A,-,08,22107,NA,N,C,E,A,A,H,-,C,D,0,NA,NA,NA,NA,Y,NA,D,22,0,0,1,0,0,0,0,0,0,-,-,NA,NA,SAN DIEGO,SAN DIEGO,-117.06562042236328,32.75511932373047
9014897,2019,2020-02-08,3711,2019-12-05,1158,SD7443,NA,4,5,7,3711,0,0,0,NA,0,511,MAIN ST,BRANT ST,42,E,N,A,-,N,NA,NA,NA,NA,NA,NA,NA,NA,NA,Y,3,0,1,2,A,-,09,21804,A,N,D,C,A,A,H,-,A,D,0,NA,NA,NA,NA,Y,NA,A,01,0,1,0,0,0,0,0,0,0,-,-,NA,NA,SAN DIEGO,SAN DIEGO,-117.12441253662108,32.69175720214844
90149053,2016,2016-04-01,9645,2016-03-24,0735,014804,NA,4,1,7,3711,0,1,1,NA,2,010,I-8 (W/B),PRESIDIO PARK O/C,0.5,E,N,A,-,Y,NA,NA,8,NA,NA,NA,NA,NA,NA,N,4,0,1,2,A,-,04,21703,NA,N,C,C,A,A,H,-,A,D,0,NA,NA,NA,NA,Y,NA,A,07,0,0,1,0,0,0,0,0,0,-,-,32.76042,-117.1919,SAN DIEGO,SAN DIEGO,-117.19189968,32.76042198
9014909,2019,2020-02-08,3711,2019-12-05,1548,SD6332,NA,4,5,7,3711,0,0,0,NA,0,821,EL CAJON BL,69TH ST,0,NA,Y,A,-,N,NA,NA,NA,NA,NA,NA,NA,NA,NA,N,4,0,1,3,A,-,-,NA,NA,N,C,C,A,A,H,-,A,D,0,NA,NA,NA,NA,Y,NA,A,01,0,0,1,0,0,0,0,0,0,-,-,NA,NA,SAN DIEGO,SAN DIEGO,-117.0492706298828,32.76866912841797