CASE_ID,ACCIDENT_YEAR,PROC_DATE,JURIS,COLLISION_DATE,COLLISION_TIME,OFFICER_ID,REPORTING_DISTRICT,DAY_OF_WEEK,CHP_SHIFT,POPULATION,CNTY_CITY_LOC,SPECIAL_COND,BEAT_TYPE,CHP_BEAT_TYPE,CITY_DIVISION_LAPD,CHP_BEAT_CLASS,BEAT_NUMBER,PRIMARY_RD,SECONDARY_RD,DISTANCE,DIRECTION,INTERSECTION,WEATHER_1,WEATHER_2,STATE_HWY_IND,CALTRANS_COUNTY,CALTRANS_DISTRICT,STATE_ROUTE,ROUTE_SUFFIX,POSTMILE_PREFIX,POSTMILE,LOCATION_TYPE,RAMP_INTERSECTION,SIDE_OF_HWY,TOW_AWAY,COLLISION_SEVERITY,NUMBER_KILLED,NUMBER_INJURED,PARTY_COUNT,PRIMARY_COLL_FACTOR,PCF_CODE_OF_VIOL,PCF_VIOL_CATEGORY,PCF_VIOLATION,PCF_VIOL_SUBSECTION,HIT_AND_RUN,TYPE_OF_COLLISION,MVIW,PED_ACTION,ROAD_SURFACE,ROAD_COND_1,ROAD_COND_2,LIGHTING,CONTROL_DEVICE,CHP_ROAD_TYPE,PEDESTRIAN_ACCIDENT,BICYCLE_ACCIDENT,MOTORCYCLE_ACCIDENT,TRUCK_ACCIDENT,NOT_PRIVATE_PROPERTY,ALCOHOL_INVOLVED,STWD_VEHTYPE_AT_FAULT,CHP_VEHTYPE_AT_FAULT,COUNT_SEVERE_INJ,COUNT_VISIBLE_INJ,COUNT_COMPLAINT_PAIN,COUNT_PED_KILLED,COUNT_PED_INJURED,COUNT_BICYCLIST_KILLED,COUNT_BICYCLIST_INJURED,COUNT_MC_KILLED,COUNT_MC_INJURED,PRIMARY_RAMP,SECONDARY_RAMP,LATITUDE,LONGITUDE,COUNTY,CITY,POINT_X,POINT_Y
92136298,2023,2023-08-04,9650,2023-07-21,1329,019979,NA,5,1,6,3710,0,1,3,NA,2,017,SR-78 W/B,EMERALD DR.,735,E,N,A,-,Y,SD,NA,78,NA,NA,4.546,H,NA,L,Y,2,0,1,1,A,-,08,22107,NA,N,E,I,A,A,H,-,A,D,0,NA,NA,NA,NA,Y,NA,A,07,1,0,0,0,0,0,0,0,0,-,-,33.1893310546875,-117.27718353271484,SAN DIEGO,OCEANSIDE,-117.2771224975586,33.18925094604492
92136967,2023,2023-08-07,9650,2023-07-22,900,019979,NA,6,1,9,3700,0,3,5,NA,2,230,VALLEY CENTER ROAD,LILAC RAOD,0,NA,Y,A,-,N,NA,NA,NA,NA,NA,NA,NA,NA,NA,N,4,0,2,2,A,-,12,21453,A,N,D,C,A,A,H,-,A,A,0,NA,NA,NA,NA,Y,NA,A,01,0,0,2,0,0,0,0,0,0,-,-,33.22246170043945,-117.03688049316406,SAN DIEGO,UNINCORPORATED,-117.03671264648438,33.22233963012695
92136983,2023,2023-08-07,9650,2023-07-24,1145,019979,NA,1,1,6,3710,0,1,3,NA,2,015,SR-78 W/B,I-5 N/B,300,E,N,A,-,Y,SD,NA,78,NA,NA,0.149,H,NA,L,N,3,0,1,2,A,-,01,23152,F,M,B,C,A,A,H,-,A,D,0,NA,NA,NA,NA,Y,NA,D,22,0,1,0,0,0,0,0,0,0,-,-,33.17831039428711,-117.34932708740234,SAN DIEGO,OCEANSIDE,-117.3493423461914,33.178321838378906
92138662,2023,2023-08-08,9645,2023-07-20,454,021263,NA,4,3,7,3711,0,1,1,NA,2,030,INTERSTATE 15 SOUTHBOUND,DUENDA ROAD,4000,N,N,A,-,Y,SD,NA,15,NA,M,25.176,H,NA,L,N,3,0,1,1,C,-,18,NA,NA,N,F,A,A,A,H,-,B,D,0,NA,NA,Y,NA,Y,NA,-,-,0,1,0,0,0,0,0,0,1,-,-,33.0438117980957,-117.07340240478516,SAN DIEGO,SAN DIEGO,-117.07364654541016,33.04387283325195
9213874,2021,2021-03-09,3711,2021-01-10,1138,SD1041,NA,7,5,7,3711,0,0,0,NA,0,243,CAMINO RUIZ,ACTIVITY RD,0,NA,Y,A,-,N,NA,NA,NA,NA,NA,NA,NA,NA,NA,N,4,0,1,2,D,-,00,NA,NA,N,A,C,A,A,H,-,A,D,0,NA,NA,NA,NA,Y,NA,-,-,0,0,1,0,0,0,0,0,0,-,-,NA,NA,SAN DIEGO,SAN DIEGO,-117.13501739501952,32.895748138427734
92140992,2023,2024-08-13,9645,2023-07-31,1740,022193,NA,1,2,7,3711,0,1,1,NA,2,005,I-5 S/B,GARNET AVE,4224,N,N,B,-,Y,SD,NA,5,NA,R,24.412,H,NA,L,Y,4,0,3,3,A,-,03,22350,NA,N,C,C,A,A,H,-,A,D,0,NA,NA,NA,NA,Y,NA,A,01,0,0,3,0,0,0,0,0,0,-,-,32.81753921508789,-117.22489166259766,SAN DIEGO,SAN DIEGO,-117.22481536865234,32.81759262084961
92141119,2023,2023-08-10,9680,2023-07-30,1100,017401,NA,7,1,9,3700,0,1,3,NA,1,051,SR-79,OAK GROVE TRUCK TRL.,300,N,N,A,-,Y,SD,NA,79,NA,NA,48.928,H,NA,R,Y,3,0,1,1,A,-,03,22350,NA,N,F,A,A,A,H,-,A,A,0,NA,NA,Y,NA,Y,NA,C,02,0,1,0,0,0,0,0,0,1,-,-,33.384788513183594,-116.78948211669922,SAN DIEGO,UNINCORPORATED,-116.78945159912108,33.38485336303711
92141821,2023,2023-08-11,9645,2023-08-03,1900,022729,NA,4,2,7,3711,0,1,1,NA,2,003,I-5 SOUTHBOUND,28TH STREET,1584,S,N,A,-,Y,SD,NA,5,NA,R,13.095,H,NA,L,Y,4,0,1,3,A,-,07,21658,A,N,B,C,A,A,H,-,A,D,0,NA,NA,NA,NA,Y,NA,A,01,0,0,1,0,0,0,0,0,0,-,-,32.694400787353516,-117.12898254394533,SAN DIEGO,SAN DIEGO,-117.12898254394533,32.69439697265625
92144097,2023,2023-08-15,9680,2023-08-04,1700,019936,NA,5,2,5,3708,0,1,1,NA,2,081,INTERSTATE 8 WESTBOUND,SEVERIN DR,1025,E,N,A,-,Y,SD,NA,8,NA,NA,12.854,H,NA,L,Y,4,0,2,3,A,-,03,22350,NA,F,C,C,A,A,H,-,A,D,0,NA,NA,NA,NA,Y,NA,-,99,0,0,2,0,0,0,0,0,0,-,-,32.77935028076172,-116.9936981201172,SAN DIEGO,LA MESA,-116.9936981201172,32.779327392578125
92144980,2023,2023-08-16,9650,2023-07-31,1737,019490,NA,1,2,6,3710,0,1,3,NA,2,015,SR-78 W/B FROM JEFFERSON ST,JEFFERSON ST,335,W,N,B,-,Y,SD,NA,78,NA,NA,0.673,H,NA,L,N,2,0,1,2,A,-,01,23152,A,F,B,C,A,A,H,-,A,A,0,NA,NA,Y,NA,Y,Y,A,01,1,0,0,0,0,0,0,0,1,-,-,33.18146896362305,-117.3411102294922,SAN DIEGO,OCEANSIDE,-117.34110260009766,33.18123245239258
92146549,2023,2023-08-17,9645,2023-07-12,1435,020301,NA,3,2,7,3711,0,1,1,NA,2,010,I-8 EASTBOUND,SPORTS ARENA BLVD,1320,E,N,A,-,Y,SD,NA,8,NA,L,1.905,H,NA,R,Y,4,0,2,2,A,-,08,22107,NA,N,F,A,A,A,H,-,A,D,0,NA,NA,NA,NA,Y,NA,A,07,0,0,2,0,0,0,0,0,0,-,-,32.75857925415039,-117.21208953857422,SAN DIEGO,SAN DIEGO,-117.21209716796876,32.75860595703125
92147659,2023,2023-08-18,9680,2023-08-13,2035,023113,NA,7,2,9,3700,0,2,4,NA,1,012,LAKE JENNINGS PARK ROAD,BLOSSOM VALLEY RD,40,S,N,A,-,N,NA,NA,NA,NA,NA,NA,NA,NA,NA,Y,2,0,1,2,A,-,08,22107,NA,N,F,A,A,A,H,-,C,A,0,NA,NA,Y,NA,Y,NA,E,22,1,0,0,0,0,0,0,0,1,-,-,32.84621810913086,-116.88246154785156,SAN DIEGO,UNINCORPORATED,-116.8825225830078,32.8461799621582
92148634,2023,2023-08-21,9650,2023-08-08,2135,021992,NA,2,2,5,3701,0,1,1,NA,2,005,I-5 N/B,LAS FLORES DR,1109,S,N,A,-,Y,SD,NA,5,NA,R,50.465,H,NA,R,Y,2,0,3,2,A,-,01,23152,A,N,C,C,A,A,D,-,C,D,0,NA,NA,NA,Y,Y,Y,A,01,2,0,1,0,0,0,0,0,0,-,-,33.16796112060547,-117.34451293945313,SAN DIEGO,CARLSBAD,-117.3445281982422,33.16795349121094
92148779,2023,2023-08-21,9680,2023-04-02,2021,022106,NA,7,2,9,3700,0,3,5,NA,2,001,PEPPER DRIVE,STERLING DRIVE,40,W,N,B,-,N,NA,NA,NA,NA,NA,NA,NA,NA,NA,Y,1,1,0,2,A,-,01,23152,F,N,D,C,A,A,H,-,D,D,0,NA,NA,Y,NA,Y,NA,C,02,0,0,0,0,0,0,0,1,0,-,-,32.820011138916016,-116.92008209228516,SAN DIEGO,UNINCORPORATED,-116.9199447631836,32.819976806640625
92149061,2023,2023-08-21,9680,2023-08-11,1728,017928,NA,5,2,9,3700,0,1,3,NA,1,090,SR-67,HOPE ST,1056,S,N,A,-,Y,SD,NA,67,NA,NA,22.104,H,NA,R,Y,4,0,1,3,A,-,03,22350,NA,N,C,C,A,A,H,-,A,D,0,NA,NA,NA,NA,Y,NA,A,01,0,0,1,0,0,0,0,0,0,-,-,33.02082061767578,-116.89881896972656,SAN DIEGO,UNINCORPORATED,-116.89881896972656,33.020816802978516
92149069,2023,2023-08-21,9680,2023-08-09,2145,016694,NA,3,2,5,3781,0,1,3,NA,2,015,SR-52 E/B TO SR-67 N/B,PROSPECT AVE,1190,N,N,A,-,Y,SD,NA,67,NA,R,2.178,H,NA,R,Y,2,0,1,2,A,-,01,23152,A,N,B,C,A,A,H,-,C,A,0,NA,NA,Y,NA,Y,NA,C,02,1,0,0,0,0,0,0,0,1,-,-,32.83440017700195,-116.96183013916016,SAN DIEGO,SANTEE,-116.96196746826172,32.83439636230469
92150253,2023,2023-08-22,9645,2023-08-20,1051,017671,NA,7,1,7,3711,0,1,1,NA,2,003,I-5 N/B,SR-163 FREEWAY U/C,700,S,N,C,-,Y,SD,NA,5,NA,R,15.9,H,NA,R,Y,4,0,1,1,A,-,08,22107,NA,N,E,I,A,B,H,-,A,D,0,NA,NA,NA,NA,Y,NA,A,01,0,0,1,0,0,0,0,0,0,-,-,32.72454071044922,-117.15252685546876,SAN DIEGO,SAN DIEGO,-117.15254974365234,32.72442626953125
92152450,2023,2023-08-24,9645,2023-08-08,2235,022948,NA,2,3,7,3711,0,1,1,NA,2,010,I-8 W/B,SR-15,1500,E,N,A,-,Y,SD,NA,8,NA,NA,5.954,H,NA,L,Y,3,0,1,2,A,-,03,22350,NA,F,C,A,A,A,H,-,C,D,0,NA,NA,Y,NA,Y,Y,-,99,0,1,0,0,0,0,0,0,1,-,-,32.7789192199707,-117.1069564819336,SAN DIEGO,SAN DIEGO,-117.1069564819336,32.778804779052734
92152551,2023,2023-08-24,9645,2023-08-06,1608,023210,NA,7,2,7,3711,0,1,1,NA,2,003,I-5 S/B,PARK BOULEVARD O/C,845,N,N,A,-,Y,SD,NA,5,NA,R,16.009,H,NA,L,N,4,0,2,2,A,-,03,22350,NA,N,C,C,A,A,H,-,A,D,0,NA,NA,NA,NA,Y,NA,A,01,0,0,2,0,0,0,0,0,0,-,-,32.72394943237305,-117.15438842773438,SAN DIEGO,SAN DIEGO,-117.15441131591795,32.7241096496582
92152693,2023,2023-08-24,9680,2023-08-14,2355,016694,NA,1,3,9,3700,0,3,5,NA,2,004,LYONS VALLEY ROAD,JAPATUL ROAD,13200,W,N,A,-,N,NA,NA,NA,NA,NA,NA,NA,NA,NA,Y,3,0,1,1,A,-,08,22107,NA,N,F,A,A,A,H,-,D,D,0,NA,NA,NA,NA,Y,NA,A,01,0,1,0,0,0,0,0,0,0,-,-,32.74026107788086,-116.6863021850586,SAN DIEGO,UNINCORPORATED,-116.67530059814452,32.764461517333984
92157183,2023,2023-08-29,9645,2023-08-17,105,022426,NA,4,3,7,3711,0,1,3,NA,2,006,STATE ROUTE 94 WESTBOUND,EUCLID AVENUE,1600,W,N,A,-,Y,NA,NA,NA,NA,NA,NA,NA,NA,NA,Y,2,0,1,2,A,-,01,23152,A,N,C,C,A,A,H,-,D,D,0,NA,NA,NA,NA,Y,Y,A,01,1,0,0,0,0,0,0,0,0,-,-,NA,NA,SAN DIEGO,SAN DIEGO,-117.09014129638672,32.71797561645508
92158313,2023,2023-08-30,9650,2023-08-23,1749,021844,NA,3,2,9,3700,0,3,5,NA,2,006,HEALD LN,E FALLBROOK ST,528,N,N,A,-,N,NA,NA,NA,NA,NA,NA,NA,NA,NA,N,3,0,1,2,A,-,11,21954,A,N,G,B,D,A,H,-,A,D,0,Y,NA,NA,NA,Y,NA,N,60,0,1,0,0,1,0,0,0,0,-,-,33.377349853515625,-117.23551177978516,SAN DIEGO,UNINCORPORATED,-117.23545074462892,33.377994537353516
92158405,2023,2023-08-30,9650,2023-08-23,715,015600,NA,3,1,9,3700,0,1,3,NA,1,028,PALA TEMECULA RD,PALA MISSION RD,9504,N,N,A,-,N,NA,NA,NA,NA,NA,NA,NA,NA,NA,Y,4,0,2,2,A,-,08,22107,NA,N,A,C,A,A,H,-,A,D,0,NA,NA,NA,NA,Y,NA,A,01,0,0,2,0,0,0,0,0,0,-,-,33.38692855834961,-117.0856704711914,SAN DIEGO,UNINCORPORATED,-117.0852279663086,33.38903045654297
92158580,2023,2023-08-30,9650,2023-08-24,2010,021698,NA,4,2,9,3700,0,1,1,NA,2,001,I-5 S/B,ALISO VISTA POINT,528,N,N,A,-,Y,SD,NA,5,NA,R,63.67,H,NA,L,N,4,0,1,1,A,-,08,22107,NA,N,E,I,A,A,H,-,C,D,0,NA,NA,NA,NA,Y,NA,A,01,0,0,1,0,0,0,0,0,0,-,-,33.31589889526367,-117.48245239257813,SAN DIEGO,UNINCORPORATED,-117.48231506347656,33.31591033935547
92158871,2023,2023-08-30,9680,2023-08-20,1920,023255,NA,7,2,9,3700,0,1,3,NA,2,027,SR-125 S/B,LEMON AVE,1056,S,N,B,C,Y,SD,NA,125,NA,NA,14.523,H,NA,L,N,4,0,2,1,A,-,03,22350,NA,N,E,I,A,B,H,-,D,D,0,NA,NA,NA,NA,Y,NA,A,07,0,0,2,0,0,0,0,0,0,-,-,32.76511001586914,-117.00218963623048,SAN DIEGO,UNINCORPORATED,-117.00225067138672,32.765106201171875
92159470,2023,2023-08-31,9645,2023-08-20,1501,020265,NA,7,2,7,3711,0,1,3,NA,2,031,SR-125 S/B,H ST. U/C,1742,N,N,C,-,Y,NA,NA,NA,NA,NA,NA,NA,NA,NA,Y,4,0,1,1,A,-,03,22350,NA,N,F,A,A,B,H,-,A,D,0,NA,NA,NA,NA,Y,NA,A,07,0,0,1,0,0,0,0,0,0,-,-,32.66402816772461,-116.98406982421876,SAN DIEGO,SAN DIEGO,-116.9771728515625,32.6596794128418
92160105,2023,2023-08-31,9680,2023-08-20,2010,023113,NA,7,2,9,3700,0,1,1,NA,2,082,I-8 W/B,LAKE JENNINGS PARK RD,1056,W,N,C,-,Y,SD,NA,8,NA,R,21.629,H,NA,L,N,4,0,1,1,A,-,03,22350,NA,N,E,I,A,B,H,-,D,D,0,NA,NA,NA,NA,Y,NA,A,07,0,0,1,0,0,0,0,0,0,-,-,32.84292984008789,-116.88482666015624,SAN DIEGO,UNINCORPORATED,-116.88494110107422,32.8430290222168
92160665,2023,2023-09-01,9650,2023-08-19,400,021935,NA,6,3,6,3706,0,1,1,NA,2,023,I-15 S/B,DEL LAGO BLVD,537,N,N,B,-,Y,SD,NA,15,NA,M,27.383,H,NA,L,Y,2,0,2,1,A,-,01,23152,A,N,E,I,A,A,H,-,D,D,0,NA,NA,NA,NA,Y,Y,A,01,1,0,1,0,0,0,0,0,0,-,-,33.07516860961914,-117.0703582763672,SAN DIEGO,ESCONDIDO,-117.07047271728516,33.075157165527344
92162198,2023,2023-09-05,9645,2023-08-24,1700,022512,NA,4,2,7,3711,0,1,1,NA,2,005,INTERSTATE 5 NORTHBOUND TO INTERSTATE 8 EASTBOUND,PACIFIC HIGHWAY,15,N,N,A,-,Y,SD,NA,5,NA,R,19.715,H,NA,R,N,4,0,1,2,A,-,03,22350,NA,N,C,C,A,A,H,-,A,D,0,NA,NA,NA,NA,Y,NA,D,22,0,0,1,0,0,0,0,0,0,-,-,32.754920959472656,-117.20123291015624,SAN DIEGO,SAN DIEGO,-117.20138549804688,32.754783630371094
92162823,2023,2023-09-05,9645,2023-08-23,815,020515,NA,3,1,7,3711,0,1,3,NA,2,020,SR-15 N/B,I-8 E/B,845,S,N,A,-,Y,SD,NA,15,NA,R,5.961,H,NA,R,Y,3,0,1,3,A,-,03,22350,NA,N,B,2,A,A,H,-,A,D,0,NA,NA,Y,NA,Y,NA,C,02,0,1,0,0,0,0,0,0,1,-,-,32.77621078491211,-117.11165618896484,SAN DIEGO,SAN DIEGO,-117.11161041259766,32.77621078491211
92163267,2023,2023-09-06,9650,2023-08-24,1445,021844,NA,4,2,9,3700,0,3,5,NA,1,212,COLE GRADE RD,MARGARITA LN,0,NA,Y,A,-,N,NA,NA,NA,NA,NA,NA,NA,NA,NA,Y,2,0,4,2,A,-,09,21801,A,N,A,C,A,A,H,-,A,D,0,NA,NA,NA,NA,Y,NA,D,22,1,3,0,0,0,0,0,0,0,-,-,33.27458953857422,-117.02359008789063,SAN DIEGO,UNINCORPORATED,-117.02558135986328,33.27458572387695
92163395,2023,2023-09-06,9650,2023-08-27,1215,019426,NA,7,1,9,3700,0,3,5,NA,2,006,DE LUZ RD,MENSKI PL,0.2,S,N,A,-,N,NA,NA,NA,NA,NA,NA,NA,NA,NA,Y,3,0,1,1,A,-,03,22350,NA,N,F,A,A,A,H,-,A,D,0,NA,NA,Y,NA,Y,NA,C,02,0,1,0,0,0,0,0,0,1,-,-,33.41917037963867,-117.31942749023438,SAN DIEGO,UNINCORPORATED,NA,NA
92163878,2023,2023-09-06,9645,2023-08-29,745,015494,NA,2,1,7,3711,0,1,3,NA,2,023,STATE ROUTE 163 S/B,GENESEE AVENUE,1000,S,N,A,-,Y,SD,NA,163,NA,NA,5.405,H,NA,L,N,4,0,1,2,A,-,03,22350,NA,N,C,C,A,A,H,-,A,D,0,NA,NA,NA,NA,Y,NA,D,22,0,0,1,0,0,0,0,0,0,-,-,32.78614044189453,-117.16117095947266,SAN DIEGO,SAN DIEGO,-117.16122436523438,32.786155700683594
92164405,2023,2023-09-07,9645,2023-08-30,1645,022814,NA,3,2,7,3711,0,1,1,NA,2,003,I-5 SOUTHBOUND,SAMPSON STREET,275,S,N,A,-,Y,SD,NA,5,NA,R,13.706,H,NA,L,N,4,0,1,2,A,-,03,22350,NA,N,C,C,A,A,H,-,A,D,0,NA,NA,NA,NA,Y,NA,A,08,0,0,1,0,0,0,0,0,0,-,-,32.69797134399414,-117.1381378173828,SAN DIEGO,SAN DIEGO,-117.1381607055664,32.69794464111328
92164519,2023,2023-09-07,9680,2023-08-25,353,020401,NA,5,3,5,3705,0,1,1,NA,2,082,I-8 W/B,BROADWAY,791,W,N,A,-,Y,SD,NA,8,NA,R,18.254,H,NA,L,Y,4,0,1,2,A,-,03,22350,NA,N,C,2,A,A,H,-,D,D,0,NA,NA,NA,NA,Y,NA,A,07,0,0,1,0,0,0,0,0,0,-,-,32.80574035644531,-116.92138671875,SAN DIEGO,EL CAJON,-116.92139434814452,32.80574417114258
92164768,2023,2023-09-07,9680,2023-08-28,1700,021429,NA,1,2,9,3700,0,2,4,NA,1,010,WOODSIDE AVENUE,RIVERFORD ROAD,30,W,N,A,-,N,NA,NA,NA,NA,NA,NA,NA,NA,NA,Y,4,0,1,2,A,-,03,22350,NA,N,C,C,A,A,H,-,A,A,0,NA,NA,NA,NA,Y,NA,A,01,0,0,1,0,0,0,0,0,0,-,-,32.854190826416016,-116.94686126708984,SAN DIEGO,UNINCORPORATED,-116.94676208496094,32.854190826416016
92164798,2023,2023-09-07,9680,2023-08-26,1125,021584,NA,6,1,9,3700,0,1,3,NA,1,090,STATE ROUTE 67 (MAIN ST),13TH ST,195,W,N,A,-,Y,SD,NA,67,NA,NA,24.012,H,NA,R,Y,3,0,3,3,A,-,09,21801,A,N,D,2,A,A,H,-,A,D,0,NA,NA,NA,NA,Y,NA,A,01,0,3,0,0,0,0,0,0,0,-,-,33.03913116455078,-116.87400817871094,SAN DIEGO,UNINCORPORATED,-116.87392425537108,33.03901672363281
92164854,2023,2023-09-07,9645,2023-08-30,610,019054,NA,3,1,7,3711,0,1,1,NA,2,009,I-805 N/B,MARKET STREET,1000,S,N,A,-,Y,SD,NA,805,NA,NA,12.779,H,NA,R,N,4,0,1,2,A,-,07,21658,A,F,B,C,A,A,H,-,B,D,0,NA,NA,NA,NA,Y,NA,-,99,0,0,1,0,0,0,0,0,0,-,-,32.7094612121582,-117.09871673583984,SAN DIEGO,SAN DIEGO,-117.09864044189452,32.709510803222656
92165075,2023,2023-09-07,9650,2023-08-25,1645,022053,NA,5,2,9,3700,0,1,1,NA,2,022,I-15 NORTHBOUND,RAINBOW VALLEY BLVD,5280,S,N,A,-,Y,SD,NA,15,NA,R,53.101,H,NA,R,N,3,0,1,2,A,-,07,21658,A,N,B,C,A,A,H,-,A,D,0,NA,NA,Y,NA,Y,NA,-,-,0,1,0,0,0,0,0,0,1,-,-,33.41936111450195,-117.15528106689452,SAN DIEGO,UNINCORPORATED,-117.15520477294922,33.4193229675293
92167883,2023,2023-09-12,9650,2023-09-01,510,021935,NA,5,3,9,3700,0,1,1,NA,2,003,I-5 N/B,WIRE MOUNTAIN RD.,4858,N,N,A,-,Y,SD,NA,5,NA,R,55.747,H,NA,L,Y,3,0,3,2,A,-,03,22350,NA,N,C,C,A,A,H,-,D,D,0,NA,NA,NA,NA,Y,NA,D,22,0,1,2,0,0,0,0,0,0,-,-,33.22748947143555,-117.39788818359376,SAN DIEGO,UNINCORPORATED,-117.39789581298828,33.22748565673828
92168863,2023,2023-09-13,9650,2023-09-09,16,020747,NA,6,3,5,3701,0,1,1,NA,2,005,I-5 N/B,CANNON RD,2950,N,N,A,-,Y,SD,NA,5,NA,R,48.559,H,NA,R,Y,3,0,1,1,A,-,01,23152,A,N,E,I,A,A,H,-,D,D,0,NA,NA,NA,NA,Y,Y,A,01,0,1,0,0,0,0,0,0,0,-,-,33.142269134521484,-117.3330078125,SAN DIEGO,CARLSBAD,-117.33306884765624,33.14225769042969
92169415,2023,2023-09-13,9680,2023-09-03,235,022893,NA,7,3,9,3700,0,1,3,NA,1,052,SR-78,DEER CANYON DR,1056,E,N,B,C,Y,SD,NA,78,NA,NA,46.651,H,NA,R,Y,3,0,1,1,A,-,03,22350,NA,N,E,I,A,B,H,-,D,A,0,NA,NA,NA,NA,Y,NA,A,01,0,1,0,0,0,0,0,0,0,-,-,33.06618118286133,-116.72305297851563,SAN DIEGO,UNINCORPORATED,-116.72310638427734,33.06620407104492
92170424,2023,2023-09-14,9680,2023-09-01,400,016694,NA,5,3,9,3700,0,2,4,NA,1,013,WILDCAY CANYON RD,WILLOW RD,3168,N,N,A,-,N,NA,NA,NA,NA,NA,NA,NA,NA,NA,Y,3,0,1,1,A,-,01,23152,A,N,F,A,A,A,H,-,D,D,0,NA,NA,NA,NA,Y,Y,D,22,0,1,0,0,0,0,0,0,0,-,-,32.8809700012207,-116.90364074707033,SAN DIEGO,UNINCORPORATED,-116.90337371826172,32.88119888305664
92172329,2023,2023-09-18,9645,2023-09-06,750,017139,NA,3,1,7,3711,0,1,3,NA,2,023,SR-163 S/B,FRIARS RD O/C,2385,N,N,A,-,Y,SD,NA,163,NA,NA,4.696,H,NA,L,N,4,0,1,3,A,-,03,22350,NA,N,C,C,A,A,H,-,A,D,0,NA,NA,NA,NA,Y,NA,A,01,0,0,1,0,0,0,0,0,0,-,-,32.77614974975586,-117.16217041015624,SAN DIEGO,SAN DIEGO,-117.1621322631836,32.776161193847656
92172848,2023,2023-09-18,9645,2023-08-24,1611,023210,NA,4,2,7,3711,0,1,1,NA,2,007,I-5 N/B,DEL MAR HEIGHTS ROAD O/C,739,N,N,A,-,Y,SD,NA,5,NA,R,34.283,H,NA,R,Y,4,0,2,2,A,-,03,22350,NA,N,C,C,A,A,H,-,A,D,0,NA,NA,NA,NA,Y,NA,A,08,0,0,2,0,0,0,0,0,0,-,-,32.9521484375,-117.24408721923828,SAN DIEGO,SAN DIEGO,-117.24395751953124,32.95216751098633
9217509,2021,2021-03-10,3711,2021-01-25,1302,SD7953,NA,1,5,7,3711,0,0,0,NA,0,115,JUDICIAL DR,SYDNEY CT,318,N,N,A,-,N,NA,NA,NA,NA,NA,NA,NA,NA,NA,N,4,0,1,2,A,-,04,21703,NA,N,C,C,A,A,H,-,A,A,0,NA,NA,NA,NA,Y,NA,A,01,0,0,1,0,0,0,0,0,0,-,-,NA,NA,SAN DIEGO,SAN DIEGO,-117.20269775390624,32.871376037597656
92176049,2023,2023-09-21,9645,2023-09-09,45,023324,NA,6,3,7,3711,0,1,1,NA,2,010,I-8 E/B,QUALCOMM WAY,130,W,N,A,-,Y,SD,NA,8,NA,NA,3.87,H,NA,R,Y,3,0,1,2,A,-,08,22107,NA,N,C,E,A,A,H,-,D,D,0,NA,NA,NA,NA,Y,NA,D,22,0,1,0,0,0,0,0,0,0,-,-,32.769588470458984,-117.14024353027344,SAN DIEGO,SAN DIEGO,-117.14028167724608,32.76968002319336
92176297,2023,2023-09-21,9645,2023-09-11,745,020515,NA,1,1,7,3711,0,1,3,NA,2,006,SR-94 W/B TO KELTON RD,KELTON RD,15,E,N,A,-,Y,NA,NA,NA,NA,NA,NA,NA,NA,NA,N,4,0,1,2,A,-,03,22350,NA,F,C,C,A,A,H,-,A,A,0,NA,NA,NA,NA,Y,NA,-,99,0,0,1,0,0,0,0,0,0,-,-,32.724159240722656,-117.07655334472656,SAN DIEGO,SAN DIEGO,-117.07655334472656,32.724159240722656
9217661,2020,2021-02-18,3705,2020-12-16,1819,EC0361,NA,3,5,5,3705,0,0,0,NA,0,002,MAIN ST,JAMACHA,0,NA,Y,A,-,N,NA,NA,NA,NA,NA,NA,NA,NA,NA,Y,4,0,1,2,-,-,-,NA,B,N,D,G,A,A,H,-,C,A,0,NA,Y,NA,NA,Y,NA,L,04,0,0,1,0,0,0,1,0,0,-,-,NA,NA,SAN DIEGO,EL CAJON,-116.93575286865234,32.79541015625