CASE_ID,ACCIDENT_YEAR,PROC_DATE,JURIS,COLLISION_DATE,COLLISION_TIME,OFFICER_ID,REPORTING_DISTRICT,DAY_OF_WEEK,CHP_SHIFT,POPULATION,CNTY_CITY_LOC,SPECIAL_COND,BEAT_TYPE,CHP_BEAT_TYPE,CITY_DIVISION_LAPD,CHP_BEAT_CLASS,BEAT_NUMBER,PRIMARY_RD,SECONDARY_RD,DISTANCE,DIRECTION,INTERSECTION,WEATHER_1,WEATHER_2,STATE_HWY_IND,CALTRANS_COUNTY,CALTRANS_DISTRICT,STATE_ROUTE,ROUTE_SUFFIX,POSTMILE_PREFIX,POSTMILE,LOCATION_TYPE,RAMP_INTERSECTION,SIDE_OF_HWY,TOW_AWAY,COLLISION_SEVERITY,NUMBER_KILLED,NUMBER_INJURED,PARTY_COUNT,PRIMARY_COLL_FACTOR,PCF_CODE_OF_VIOL,PCF_VIOL_CATEGORY,PCF_VIOLATION,PCF_VIOL_SUBSECTION,HIT_AND_RUN,TYPE_OF_COLLISION,MVIW,PED_ACTION,ROAD_SURFACE,ROAD_COND_1,ROAD_COND_2,LIGHTING,CONTROL_DEVICE,CHP_ROAD_TYPE,PEDESTRIAN_ACCIDENT,BICYCLE_ACCIDENT,MOTORCYCLE_ACCIDENT,TRUCK_ACCIDENT,NOT_PRIVATE_PROPERTY,ALCOHOL_INVOLVED,STWD_VEHTYPE_AT_FAULT,CHP_VEHTYPE_AT_FAULT,COUNT_SEVERE_INJ,COUNT_VISIBLE_INJ,COUNT_COMPLAINT_PAIN,COUNT_PED_KILLED,COUNT_PED_INJURED,COUNT_BICYCLIST_KILLED,COUNT_BICYCLIST_INJURED,COUNT_MC_KILLED,COUNT_MC_INJURED,PRIMARY_RAMP,SECONDARY_RAMP,LATITUDE,LONGITUDE,COUNTY,CITY,POINT_X,POINT_Y
92293218,2024,2024-01-22,9645,2024-01-10,1524,020265,NA,3,2,9,3700,0,3,5,NA,2,018,BONITA RD. E/B,RANDY LN.,525,E,N,A,-,N,NA,NA,NA,NA,NA,NA,NA,NA,NA,N,3,0,2,2,A,-,09,21802,A,N,D,C,A,A,H,-,A,A,0,NA,NA,NA,NA,Y,NA,A,01,0,2,0,0,0,0,0,0,0,-,-,32.65317153930664,-117.04810333251952,SAN DIEGO,UNINCORPORATED,-117.0482177734375,32.65312957763672
92293333,2024,2024-01-22,9645,2024-01-07,1515,021231,NA,7,2,7,3711,0,1,3,NA,2,023,SR-163 S/B,WASHINGTON ST.,200,S,N,A,-,Y,SD,NA,163,NA,NA,2.721,H,NA,L,N,3,0,1,2,A,-,08,22107,NA,N,B,C,A,A,H,-,A,D,0,NA,NA,Y,NA,Y,NA,C,02,0,1,0,0,0,0,0,0,1,-,-,32.74998092651367,-117.15544128417967,SAN DIEGO,SAN DIEGO,-117.15545654296876,32.74998474121094
92296226,2024,2024-01-24,9645,2024-01-16,407,022426,NA,2,3,7,3711,0,1,3,NA,2,006,STATE ROUTE 94 WESTBOUND,30TH STREET,20,E,N,A,-,Y,SD,NA,94,NA,NA,2.695,H,NA,L,Y,3,0,4,2,A,-,08,22107,NA,F,D,2,A,A,H,-,C,D,0,NA,NA,NA,NA,Y,NA,A,01,0,2,2,0,0,0,0,0,0,-,-,32.71485900878906,-117.12605285644533,SAN DIEGO,SAN DIEGO,-117.12604522705078,32.71484375
92297004,2024,2024-01-25,9650,2024-01-18,1815,022911,NA,4,2,5,3712,0,1,3,NA,2,019,SR-78 E/B,LAS POSAS RD,150,W,N,A,-,Y,SD,NA,78,NA,NA,10.973,H,NA,R,Y,4,0,3,2,A,-,07,21658,A,N,B,C,A,A,H,-,C,D,0,NA,NA,NA,NA,Y,NA,A,01,0,0,3,0,0,0,0,0,0,-,-,33.1462516784668,-117.19390869140624,SAN DIEGO,SAN MARCOS,-117.19387817382813,33.146278381347656
92297118,2024,2024-01-25,9645,2024-01-18,1928,022839,NA,4,2,7,3711,0,1,1,NA,2,010,I-8 W/B TO FAIRMOUNT AVENUE,FAIRMOUNT AVENUE,205,W,N,A,-,Y,NA,NA,NA,NA,NA,NA,NA,NA,NA,N,4,0,1,2,A,-,07,21658,A,N,B,C,A,A,H,-,C,D,0,NA,NA,NA,NA,Y,NA,A,07,0,0,1,0,0,0,0,0,0,-,-,32.77777099609375,-117.10125732421876,SAN DIEGO,SAN DIEGO,-117.10125732421876,32.77777099609375
92297920,2024,2024-01-26,9650,2024-01-19,700,022480,NA,5,1,6,3706,0,1,1,NA,2,023,INTERSTATE 15 SOUTHBOUND,DEL LAGO BLVD,200,S,N,A,-,Y,SD,NA,15,NA,M,27.21,H,NA,L,Y,3,0,3,3,A,-,03,22350,NA,N,C,C,A,A,H,-,A,D,0,NA,NA,NA,NA,Y,NA,D,22,0,1,2,0,0,0,0,0,0,-,-,33.07265853881836,-117.07010650634766,SAN DIEGO,ESCONDIDO,-117.070068359375,33.07266616821289
92298031,2024,2024-01-26,9650,2024-01-18,1125,022625,NA,4,1,6,3706,0,1,1,NA,2,023,I-15 S/B,VALLEY PKY,2640,N,N,A,-,Y,SD,NA,15,NA,R,31.145,H,NA,L,N,4,0,1,2,A,-,07,21658,A,N,B,C,A,A,H,-,A,D,0,NA,NA,NA,Y,Y,NA,A,01,0,0,1,0,0,0,0,0,0,-,-,33.12194061279297,-117.10308837890624,SAN DIEGO,ESCONDIDO,-117.10298919677734,33.121978759765625
92298211,2024,2025-11-06,9645,2024-01-17,1530,020623,NA,3,2,7,3711,0,1,1,NA,2,015,I-805 S/B,CLAIREMONT MESA BLVD,1320,N,N,A,-,Y,SD,NA,805,NA,NA,22.824,H,NA,L,N,3,0,2,3,A,-,03,22350,NA,N,C,C,A,A,H,-,A,D,0,NA,NA,NA,NA,Y,NA,A,01,0,1,1,0,0,0,0,0,0,-,-,32.83692169189453,-117.1718521118164,SAN DIEGO,SAN DIEGO,-117.17180633544922,32.83694076538086
92299762,2024,2024-01-29,9680,2024-01-19,855,018356,NA,5,1,9,3700,0,3,5,NA,2,001,GREENFIELD DR,VERNON WAY,334,E,N,B,-,N,NA,NA,NA,NA,NA,NA,NA,NA,NA,N,4,0,1,2,A,-,03,22350,NA,N,B,C,A,A,H,-,A,D,0,NA,NA,NA,Y,Y,NA,A,01,0,0,1,0,0,0,0,0,0,-,-,32.81303024291992,-116.96417236328124,SAN DIEGO,UNINCORPORATED,-116.96421051025392,32.8129768371582
92300727,2024,2024-01-30,9650,2024-01-20,1250,022625,NA,6,1,9,3700,0,1,1,NA,2,023,I-15 N/B,SR-78,1056,N,N,C,-,Y,SD,NA,15,NA,R,31.743,H,NA,R,Y,4,0,2,2,A,-,03,22350,NA,N,D,C,A,B,H,-,A,D,0,NA,NA,NA,NA,Y,NA,A,01,0,0,2,0,0,0,0,0,0,-,-,33.13026809692383,-117.10523223876952,SAN DIEGO,UNINCORPORATED,-117.10511016845705,33.130271911621094
92300757,2024,2024-01-30,9645,2024-01-22,910,021097,NA,1,1,6,3702,0,1,1,NA,2,009,I-805 N/B,BONITA RD,380,S,N,C,-,Y,SD,NA,805,NA,NA,7.697,H,NA,R,N,4,0,1,3,A,-,03,22350,NA,N,D,C,A,B,H,-,A,D,0,NA,NA,NA,NA,Y,NA,A,07,0,0,1,0,0,0,0,0,0,-,-,32.647220611572266,-117.05996704101563,SAN DIEGO,CHULA VISTA,-117.05988311767578,32.647274017333984
92301016,2024,2024-01-30,9645,2024-01-22,1745,019241,NA,1,2,9,3700,0,3,5,NA,2,024,ALVA ROAD,RANCH BERNARDO ROAD,0,NA,Y,B,C,N,NA,NA,NA,NA,NA,NA,NA,NA,NA,N,4,0,1,2,A,-,10,21950,A,F,G,B,B,B,H,-,B,A,0,Y,NA,NA,NA,Y,NA,-,99,0,0,1,0,1,0,0,0,0,-,-,33.02191925048828,-117.10533905029295,SAN DIEGO,UNINCORPORATED,-117.10526275634766,33.021827697753906
92301055,2024,2024-01-30,9650,2024-01-22,1010,017828,NA,1,1,9,3700,0,1,1,NA,2,001,I-5 S/B,LAS PULGAS RD,8976,N,N,B,C,Y,SD,NA,5,NA,R,63.759,H,NA,L,Y,4,0,2,1,A,-,08,22107,NA,N,E,8,A,B,H,-,A,D,0,NA,NA,NA,NA,Y,NA,A,01,0,0,2,0,0,0,0,0,0,-,-,33.31732177734375,-117.48236846923828,SAN DIEGO,UNINCORPORATED,-117.48245239257813,33.31731414794922
92302014,2024,2024-01-31,9680,2024-01-22,627,020020,NA,1,1,4,3720,0,1,3,NA,2,027,SR-94 EASTBOUND,MASSACHUSETTS AVENUE,1584,E,N,B,C,Y,SD,NA,94,NA,NA,8.621,H,NA,R,Y,4,0,1,1,A,-,03,22350,NA,N,E,I,A,B,H,-,B,D,0,NA,NA,NA,NA,Y,NA,A,07,0,0,1,0,0,0,0,0,0,-,-,32.74494934082031,-117.03707885742188,SAN DIEGO,LEMON GROVE,-117.0370635986328,32.74485778808594
92302199,2024,2024-01-31,9680,2024-01-20,2155,023255,NA,6,2,9,3700,0,2,4,NA,1,020,AVOCADO BOULEVARD,CHALLENGE BOULEVARD,150,N,N,B,C,N,NA,NA,NA,NA,NA,NA,NA,NA,NA,Y,3,0,1,1,A,-,01,23152,A,N,E,I,A,B,H,-,D,D,0,NA,NA,NA,NA,Y,Y,A,01,0,1,0,0,0,0,0,0,0,-,-,32.75614929199219,-116.96185302734376,SAN DIEGO,UNINCORPORATED,-116.961669921875,32.75593185424805
92302780,2024,2024-02-01,9645,2024-01-28,1805,021651,NA,7,2,7,3711,0,1,1,NA,2,007,I-5 N/B,SORRENTO VALLEY RD. U/C,2500,S,N,A,-,Y,SD,NA,5,NA,R,30.057,H,NA,R,N,3,0,1,1,A,-,08,22107,NA,N,E,I,A,A,H,-,D,D,0,NA,NA,Y,NA,Y,NA,C,02,0,1,0,0,0,0,0,0,1,-,-,32.895511627197266,-117.2260971069336,SAN DIEGO,SAN DIEGO,-117.2262725830078,32.89555740356445
92304044,2024,2024-02-02,9645,2024-01-31,1535,022507,NA,3,2,7,3711,0,1,1,NA,2,001,I-5 (SOUTHBOUND),CAMINO DE LA PLAZA O/C,1100,N,N,A,-,Y,SD,NA,5,NA,R,0.514,H,NA,R,N,3,0,1,2,A,-,08,22107,NA,N,B,C,A,A,H,-,A,D,0,NA,NA,Y,NA,Y,NA,A,07,0,1,0,0,0,0,0,0,1,-,-,32.54618835449219,-117.0355987548828,SAN DIEGO,SAN DIEGO,-117.03541564941406,32.54639434814453
92305245,2024,2024-02-05,9650,2024-01-26,1555,022031,NA,5,2,5,3712,0,1,3,NA,2,019,SR-78 W/B,RANCHO SANTA FE RD,3280,E,N,A,-,Y,SD,NA,78,NA,NA,11.235,H,NA,L,N,4,0,2,2,A,-,03,22350,NA,N,C,C,A,A,H,-,A,D,0,NA,NA,NA,NA,Y,NA,A,01,0,0,2,0,0,0,0,0,0,-,-,33.14366912841797,-117.19064331054688,SAN DIEGO,SAN MARCOS,-117.19060516357422,33.143699645996094
92306028,2024,2024-02-05,9645,2024-01-13,537,017473,NA,6,3,7,3711,0,1,1,NA,2,007,I-5 N/B,CARMEL MOUNTAIN ROAD,500,S,N,A,-,Y,SD,NA,5,NA,R,31.744,H,NA,R,Y,3,0,1,1,A,-,01,23152,A,N,E,I,A,A,H,-,D,D,0,NA,NA,NA,NA,Y,Y,A,01,0,1,0,0,0,0,0,0,0,-,-,32.91733932495117,-117.23332977294922,SAN DIEGO,SAN DIEGO,-117.23342895507813,32.917240142822266
92309482,2024,2024-02-08,9680,2024-01-28,1020,020780,NA,7,1,5,3708,0,1,3,NA,2,027,SR-94 E/B,SPRING STREET,980,W,N,B,-,Y,SD,NA,94,NA,R,10.113,H,NA,R,N,4,0,1,2,A,-,08,22107,NA,N,B,C,A,A,H,-,A,D,0,NA,NA,NA,NA,Y,NA,-,-,0,0,1,0,0,0,0,0,0,-,-,32.75102996826172,-117.01368713378906,SAN DIEGO,LA MESA,-117.0136947631836,32.751033782958984
9231004,2020,2021-03-19,3710,2020-01-28,1355,OC1505,NA,2,5,6,3710,0,0,0,NA,0,009,MORSE ST,SOUTH COAST HWY,1035,E,N,A,-,N,NA,NA,NA,NA,NA,NA,NA,NA,NA,Y,4,0,1,2,A,-,08,22107,NA,N,C,E,A,A,H,-,A,D,0,NA,NA,NA,NA,Y,NA,A,01,0,0,1,0,0,0,0,0,0,-,-,NA,NA,SAN DIEGO,OCEANSIDE,-117.36209106445313,33.179988861083984
92310399,2024,2024-02-09,9645,2024-02-06,1558,020180,NA,2,2,7,3711,0,1,1,NA,2,011,I-805 S/B TO I-8 E/B,I-805,1267,E,N,B,-,Y,SD,NA,8,NA,NA,4.601,H,NA,R,Y,4,0,1,2,A,-,03,22350,NA,N,C,C,A,A,H,-,A,D,0,NA,NA,NA,NA,Y,NA,A,07,0,0,1,0,0,0,0,0,0,-,-,32.772621154785156,-117.12831115722656,SAN DIEGO,SAN DIEGO,-117.12843322753906,32.77280807495117
92316180,2024,2024-02-16,9645,2024-02-12,935,016156,NA,1,1,7,3711,0,1,1,NA,2,027,I-15 N/B,I-8 W/B,581,N,N,A,-,Y,SD,NA,15,NA,R,6.262,H,NA,R,Y,4,0,1,2,A,-,03,22350,NA,N,A,C,A,A,H,-,A,D,0,NA,NA,NA,NA,Y,NA,A,01,0,0,1,0,0,0,0,0,0,-,-,32.78042984008789,-117.11284637451172,SAN DIEGO,SAN DIEGO,-117.1128387451172,32.780433654785156
92316321,2024,2024-02-16,9645,2024-02-10,1010,022814,NA,6,1,7,3711,0,1,1,NA,2,001,I-5 SOUTHBOUND,CAMINO DE LA PLAZA,185,S,N,A,-,Y,NA,NA,NA,NA,NA,NA,NA,NA,NA,N,4,0,1,2,A,-,03,22350,NA,N,C,C,A,A,H,-,A,D,0,NA,NA,NA,NA,Y,NA,A,07,0,0,1,0,0,0,0,0,0,-,-,32.54338836669922,-117.03314208984376,SAN DIEGO,SAN DIEGO,-117.03258514404295,32.54380798339844
92317020,2024,2024-02-19,9680,2024-02-07,940,017460,NA,3,1,9,3700,0,1,1,NA,2,086,INTERSTATE-8 W/B,CANEBRAKE ROAD,1000,W,N,D,-,Y,SD,NA,8,NA,R,63.537,H,NA,L,Y,3,0,1,1,A,-,03,22350,NA,N,F,A,A,C,H,-,A,D,0,NA,NA,NA,NA,Y,NA,A,01,0,1,0,0,0,0,0,0,0,-,-,32.69987869262695,-116.32170104980467,SAN DIEGO,UNINCORPORATED,-116.32167053222656,32.69994354248047
92317354,2024,2024-02-19,9680,2024-02-08,640,020500,NA,4,1,9,3700,0,2,4,NA,1,095,SAN VICENTE RD,ARENA DR,45,W,N,B,C,N,NA,NA,NA,NA,NA,NA,NA,NA,NA,N,4,0,1,2,A,-,09,21802,A,N,B,C,A,B,H,-,A,A,0,NA,NA,NA,NA,Y,NA,A,01,0,0,1,0,0,0,0,0,0,-,-,33.0054817199707,-116.8223114013672,SAN DIEGO,UNINCORPORATED,-116.82223510742188,33.00535202026367
92317481,2024,2024-02-19,9680,2024-02-08,1525,016415,NA,4,2,9,3700,0,1,3,NA,2,016,SR-67 SOUTHBOUND,WINTER GARDENS BLVD O/C,909,S,N,B,C,Y,SD,NA,67,NA,R,4.676,H,NA,L,Y,4,0,1,3,A,-,07,21658,A,N,C,C,A,B,H,-,A,D,0,NA,NA,NA,NA,Y,NA,A,01,0,0,1,0,0,0,0,0,0,-,-,32.857540130615234,-116.93475341796876,SAN DIEGO,UNINCORPORATED,-116.93476104736328,32.85755920410156
9231772,2021,2021-04-23,3711,2021-03-31,1330,SD6193,NA,3,5,7,3711,0,0,0,NA,0,713,OTAY MESA RD,LA MEDIA RD,68,E,N,A,-,N,NA,NA,NA,NA,NA,NA,NA,NA,NA,N,4,0,1,3,A,-,03,22350,NA,N,C,C,A,A,H,-,A,A,0,NA,NA,NA,NA,Y,NA,D,22,0,0,1,0,0,0,0,0,0,-,-,NA,NA,SAN DIEGO,SAN DIEGO,-116.96221160888672,32.567691802978516
92318006,2024,2024-02-20,9680,2024-02-08,1815,023218,NA,4,2,9,3700,0,2,4,NA,1,010,WOODSIDE AVE,CHANNEL RD,10,W,N,A,-,N,NA,NA,NA,NA,NA,NA,NA,NA,NA,N,3,0,1,2,A,-,10,21950,A,N,G,B,B,A,H,-,C,A,0,Y,NA,NA,NA,Y,NA,D,22,0,1,0,0,1,0,0,0,0,-,-,32.85688018798828,-116.92556762695313,SAN DIEGO,UNINCORPORATED,-116.92545318603516,32.856815338134766
92319701,2024,2024-02-21,9680,2024-02-10,1910,023298,NA,6,2,9,3700,0,1,3,NA,1,023,SR-94 W/B,S. BARCELONA ST,10,W,N,A,-,Y,SD,NA,94,NA,R,12.311,H,NA,L,Y,3,0,2,2,A,-,01,23152,A,F,B,2,A,A,H,-,D,D,0,NA,NA,NA,NA,Y,Y,A,07,0,1,1,0,0,0,0,0,0,-,-,32.74470901489258,-116.9819564819336,SAN DIEGO,UNINCORPORATED,-116.9819564819336,32.74470138549805
92320467,2024,2024-02-22,9645,2024-02-12,808,023641,NA,1,1,7,3711,0,1,1,NA,2,010,I-8 W/B,TAYLOR ST,1000,W,N,A,-,Y,SD,NA,8,NA,R,0.745,H,NA,L,Y,4,0,6,4,A,-,03,22350,NA,N,C,C,A,A,H,-,A,D,0,NA,NA,NA,NA,Y,NA,A,01,0,0,6,0,0,0,0,0,0,-,-,32.76047897338867,-117.19165802001952,SAN DIEGO,SAN DIEGO,-117.19168090820313,32.76039505004883
92321725,2024,2024-02-23,9680,2024-02-12,305,022653,NA,1,3,9,3700,0,2,4,NA,1,014,WINTER GARDENS BLVD,FAIR LN,371,N,N,A,-,N,NA,NA,NA,NA,NA,NA,NA,NA,NA,Y,2,0,3,1,A,-,01,23152,A,N,F,0,A,A,H,-,C,D,0,NA,NA,NA,NA,Y,Y,A,07,3,0,0,0,0,0,0,0,0,-,-,32.84225082397461,-116.93306732177734,SAN DIEGO,UNINCORPORATED,-116.9332275390625,32.8408088684082
9232358,2021,2021-03-24,3711,2021-02-11,1640,SD7237,NA,4,5,7,3711,0,0,0,NA,0,123,INGRAHAM ST,DANA LANDING RD,0,NA,Y,A,-,N,NA,NA,NA,NA,NA,NA,NA,NA,NA,N,3,0,1,2,A,-,09,21453,C,N,D,G,A,A,H,-,A,A,0,NA,Y,NA,NA,Y,NA,L,04,0,1,0,0,0,0,1,0,0,-,-,NA,NA,SAN DIEGO,SAN DIEGO,-117.23371887207033,32.76731872558594
9232359,2021,2021-03-24,3711,2021-02-11,1654,SD6366,NA,4,5,7,3711,0,0,0,NA,0,722,HOLLISTER ST,LEON AV,186,S,N,A,-,N,NA,NA,NA,NA,NA,NA,NA,NA,NA,Y,4,0,1,2,A,-,03,22350,NA,N,B,C,A,A,H,-,B,D,0,NA,NA,NA,NA,Y,NA,A,01,0,0,1,0,0,0,0,0,0,-,-,NA,NA,SAN DIEGO,SAN DIEGO,-117.08406829833984,32.56589889526367
92323937,2024,2024-02-27,9650,2024-02-10,1305,022031,NA,6,1,9,3700,0,1,1,NA,2,001,I-5 S/B,LAS PULGAS RD,17900,N,N,A,-,Y,SD,NA,5,NA,R,65.577,H,NA,L,N,2,0,1,1,A,-,08,22107,NA,N,F,A,A,A,H,-,A,D,0,NA,NA,Y,NA,Y,NA,C,02,1,0,0,0,0,0,0,0,1,-,-,33.33613967895508,-117.50286102294922,SAN DIEGO,UNINCORPORATED,-117.50281524658205,33.336185455322266
92325100,2024,2024-02-28,9650,2024-02-18,540,022031,NA,7,3,5,3713,0,1,3,NA,2,017,SR-78 E/B,SYCAMORE AVE,2070,W,N,A,-,Y,SD,NA,78,NA,NA,8.671,H,NA,R,N,3,0,1,1,C,-,18,NA,NA,N,E,H,A,A,H,-,D,D,0,NA,NA,NA,NA,Y,NA,-,-,0,1,0,0,0,0,0,0,0,-,-,33.17008972167969,-117.22075653076172,SAN DIEGO,VISTA,-117.22076416015624,33.170074462890625
92326383,2024,2024-02-29,9680,2024-02-18,1753,023218,NA,7,2,9,3700,0,1,3,NA,2,016,SR-67 SB,SLAUGHTER HOUSE CANYON ROAD,3590,N,N,A,-,Y,SD,NA,67,NA,R,10.059,H,NA,L,Y,4,0,1,1,A,-,08,22107,NA,N,E,I,A,A,H,-,D,D,0,NA,NA,NA,NA,Y,NA,A,01,0,0,1,0,0,0,0,0,0,-,-,32.915260314941406,-116.94949340820313,SAN DIEGO,UNINCORPORATED,-116.94951629638672,32.91524887084961
92326854,2023,2024-02-29,9650,2023-10-22,2155,020343,NA,7,2,5,3701,0,1,1,NA,2,005,INTERSTATE 5 SOUTHBOUND,CANNON ROAD,732,S,N,A,-,Y,SD,NA,5,NA,R,47.836,H,NA,L,Y,1,1,2,2,A,-,01,23152,A,N,C,C,A,A,D,E,C,A,0,NA,NA,NA,NA,Y,Y,D,22,2,0,0,0,0,0,0,0,0,-,-,33.13256072998047,-117.3284912109375,SAN DIEGO,CARLSBAD,-117.32847595214844,33.132564544677734
92328435,2024,2024-03-04,9680,2024-02-22,1350,021077,NA,4,1,9,3700,0,1,3,NA,1,040,SR-94 W/B,MILLAR RANCH ROAD,375,E,N,A,-,Y,SD,NA,94,NA,NA,15.598,H,NA,L,Y,3,0,1,2,A,-,03,22350,NA,N,C,C,A,A,H,-,A,D,0,NA,NA,NA,Y,Y,NA,A,01,0,1,0,0,0,0,0,0,0,-,-,32.73072814941406,-116.93686676025392,SAN DIEGO,UNINCORPORATED,-116.93688201904295,32.730709075927734
92331591,2024,2024-03-06,9650,2024-02-24,2010,022892,NA,6,2,9,3700,0,1,1,NA,2,021,I-15 S/B,DEER SPRINGS RD,1778,S,N,A,-,Y,SD,NA,15,NA,R,36.295,H,NA,L,N,4,0,1,1,A,-,08,22107,NA,N,A,I,A,A,H,-,D,D,0,NA,NA,NA,NA,Y,NA,A,01,0,0,1,0,0,0,0,0,0,-,-,33.1927490234375,-117.12342071533205,SAN DIEGO,UNINCORPORATED,-117.12330627441406,33.19279861450195
92332731,2024,2024-03-07,9645,2024-03-01,650,015270,NA,5,1,7,3711,0,1,1,NA,2,015,I-805 NORTHBOUND,BALBOA AVE,3168,S,N,A,-,Y,SD,NA,805,NA,NA,21.01,H,NA,R,Y,4,0,1,3,A,-,07,21658,A,N,C,C,A,A,H,-,A,D,0,NA,NA,NA,NA,Y,NA,A,01,0,0,1,0,0,0,0,0,0,-,-,32.813720703125,-117.15709686279295,SAN DIEGO,SAN DIEGO,-117.15723419189452,32.81363296508789
92333659,2024,2024-03-08,9680,2024-03-01,1230,020780,NA,5,1,9,3700,0,3,5,NA,2,003,JAPATUL ROAD,ARABIAN AVENUE,2112,W,N,A,-,N,NA,NA,NA,NA,NA,NA,NA,NA,NA,Y,2,0,1,2,A,-,03,22350,NA,N,B,C,A,A,H,-,A,A,0,NA,NA,Y,Y,Y,NA,C,02,1,0,0,0,0,0,0,0,1,-,-,32.7913818359375,-116.73275756835938,SAN DIEGO,UNINCORPORATED,NA,NA
92335521,2024,2024-03-12,9650,2024-03-07,1950,021992,NA,4,2,9,3700,0,3,5,NA,2,070,SAN DIEGUITO ROAD,RANCHO DIEGUENO ROAD,0,NA,Y,C,-,N,NA,NA,NA,NA,NA,NA,NA,NA,NA,Y,4,0,1,2,D,-,00,NA,NA,N,D,C,A,B,H,-,C,A,0,NA,NA,NA,NA,Y,NA,-,-,0,0,1,0,0,0,0,0,0,-,-,32.98970031738281,-117.19660186767578,SAN DIEGO,UNINCORPORATED,-117.1965789794922,32.98958969116211
92335886,2024,2024-03-12,9680,2024-02-29,710,017401,NA,4,1,9,3700,0,2,4,NA,1,095,VISTA VICENTE DR,SAN VICENTE RD,0,NA,Y,B,-,N,NA,NA,NA,NA,NA,NA,NA,NA,NA,Y,3,0,2,2,A,-,09,21802,A,N,D,C,A,A,H,-,A,A,0,NA,NA,NA,NA,Y,NA,A,07,0,2,0,0,0,0,0,0,0,-,-,33.005531311035156,-116.81923675537108,SAN DIEGO,UNINCORPORATED,-116.81922149658205,33.005645751953125
92337740,2024,2024-03-14,9650,2024-03-08,1833,022884,NA,5,2,5,3701,0,1,1,NA,2,005,I-5 NB,TAMARACK AVE,2300,S,N,A,-,Y,SD,NA,5,NA,R,48.684,H,NA,R,N,4,0,1,2,A,-,03,22350,NA,M,C,C,A,A,H,-,C,D,0,NA,NA,NA,NA,Y,NA,A,01,0,0,1,0,0,0,0,0,0,-,-,33.1440315246582,-117.33335113525392,SAN DIEGO,CARLSBAD,-117.33341217041016,33.14402770996094
92338611,2024,2024-03-14,9645,2024-03-14,700,016766,NA,4,1,7,3711,0,1,1,NA,2,017,I-15 S/B,CARROLL CANYON ROAD,1056,S,N,B,-,Y,SD,NA,15,NA,M,14.806,H,NA,L,Y,4,0,1,2,A,-,03,22350,NA,N,C,C,A,A,H,-,A,D,0,NA,NA,Y,NA,Y,NA,C,02,0,0,1,0,0,0,0,0,1,-,-,32.900630950927734,-117.11676788330078,SAN DIEGO,SAN DIEGO,-117.1166763305664,32.900630950927734
92339505,2024,2024-03-15,9645,2024-03-04,1724,020265,NA,1,2,7,3711,0,1,3,NA,2,002,STATE ROUTE 905 E/B,SIEMPRE VIVA ROAD,250,W,N,A,-,Y,SD,NA,905,NA,R,11.233,H,NA,R,N,3,0,1,2,D,-,00,NA,NA,F,B,C,A,A,H,-,A,D,0,NA,NA,Y,NA,Y,NA,-,-,0,1,0,0,0,0,0,0,1,-,-,32.55691146850586,-116.94135284423828,SAN DIEGO,SAN DIEGO,-116.94132232666016,32.55693054199219
92339714,2024,2024-03-15,9645,2024-03-15,855,018393,NA,5,1,7,3711,0,1,1,NA,2,003,I-5 S/B FROM N. MISSION BAY DRIVE,N. MISSION BAY DRIVE,800,S,N,A,-,Y,SD,NA,5,NA,R,22.685,H,NA,L,Y,4,0,1,2,A,-,03,22350,NA,N,C,C,A,A,H,-,A,D,0,NA,NA,NA,NA,Y,NA,A,01,0,0,1,0,0,0,0,0,0,-,-,32.79642105102539,-117.20957183837892,SAN DIEGO,SAN DIEGO,-117.20947265625,32.79646301269531
92341100,2024,2024-03-18,9680,2024-03-11,1420,021584,NA,1,2,9,3700,0,1,3,NA,1,090,STATE ROUTE 67,DYE ROAD,240,N,N,A,-,Y,SD,NA,67,NA,NA,21.411,H,NA,R,Y,4,0,2,2,A,-,08,22107,NA,N,D,C,A,A,H,-,A,A,0,NA,NA,NA,NA,Y,NA,A,01,0,0,2,0,0,0,0,0,0,-,-,33.013790130615234,-116.90779113769533,SAN DIEGO,UNINCORPORATED,-116.90778350830078,33.0137825012207