CASE_ID,ACCIDENT_YEAR,PROC_DATE,JURIS,COLLISION_DATE,COLLISION_TIME,OFFICER_ID,REPORTING_DISTRICT,DAY_OF_WEEK,CHP_SHIFT,POPULATION,CNTY_CITY_LOC,SPECIAL_COND,BEAT_TYPE,CHP_BEAT_TYPE,CITY_DIVISION_LAPD,CHP_BEAT_CLASS,BEAT_NUMBER,PRIMARY_RD,SECONDARY_RD,DISTANCE,DIRECTION,INTERSECTION,WEATHER_1,WEATHER_2,STATE_HWY_IND,CALTRANS_COUNTY,CALTRANS_DISTRICT,STATE_ROUTE,ROUTE_SUFFIX,POSTMILE_PREFIX,POSTMILE,LOCATION_TYPE,RAMP_INTERSECTION,SIDE_OF_HWY,TOW_AWAY,COLLISION_SEVERITY,NUMBER_KILLED,NUMBER_INJURED,PARTY_COUNT,PRIMARY_COLL_FACTOR,PCF_CODE_OF_VIOL,PCF_VIOL_CATEGORY,PCF_VIOLATION,PCF_VIOL_SUBSECTION,HIT_AND_RUN,TYPE_OF_COLLISION,MVIW,PED_ACTION,ROAD_SURFACE,ROAD_COND_1,ROAD_COND_2,LIGHTING,CONTROL_DEVICE,CHP_ROAD_TYPE,PEDESTRIAN_ACCIDENT,BICYCLE_ACCIDENT,MOTORCYCLE_ACCIDENT,TRUCK_ACCIDENT,NOT_PRIVATE_PROPERTY,ALCOHOL_INVOLVED,STWD_VEHTYPE_AT_FAULT,CHP_VEHTYPE_AT_FAULT,COUNT_SEVERE_INJ,COUNT_VISIBLE_INJ,COUNT_COMPLAINT_PAIN,COUNT_PED_KILLED,COUNT_PED_INJURED,COUNT_BICYCLIST_KILLED,COUNT_BICYCLIST_INJURED,COUNT_MC_KILLED,COUNT_MC_INJURED,PRIMARY_RAMP,SECONDARY_RAMP,LATITUDE,LONGITUDE,COUNTY,CITY,POINT_X,POINT_Y
9270695,2021,2021-06-04,3702,2021-04-16,1547,CV1363,NA,5,5,6,3702,0,0,0,NA,0,024,MAIN ST,MELROSE,233,W,N,A,-,N,NA,NA,NA,NA,NA,NA,NA,NA,NA,N,4,0,1,2,A,-,03,22350,NA,N,D,C,A,A,H,-,A,D,0,NA,NA,Y,NA,Y,NA,C,03,0,0,1,0,0,0,0,0,1,-,-,NA,NA,SAN DIEGO,CHULA VISTA,-117.04087066650392,32.59479904174805
9270810,2021,2021-05-28,3711,2021-05-13,0825,SD5700,NA,4,5,7,3711,0,0,0,NA,0,521,15TH ST,IMPERIAL AV,0,NA,Y,B,-,N,NA,NA,NA,NA,NA,NA,NA,NA,NA,N,3,0,1,2,A,-,05,21650,1,N,A,G,A,A,H,-,A,D,0,NA,Y,NA,NA,Y,NA,L,04,0,1,0,0,0,0,1,0,0,-,-,NA,NA,SAN DIEGO,SAN DIEGO,-117.15035247802734,32.7062873840332
9270957,2021,2021-06-03,3711,2021-04-08,0925,SD5454,NA,4,5,7,3711,0,0,0,NA,0,824,52ND ST,MONROE AV,78,N,N,A,-,N,NA,NA,NA,NA,NA,NA,NA,NA,NA,N,3,0,1,2,A,-,11,21954,A,N,G,B,E,A,H,-,A,D,0,Y,NA,NA,NA,Y,NA,N,60,0,1,0,0,1,0,0,0,0,-,-,NA,NA,SAN DIEGO,SAN DIEGO,-117.08356475830078,32.75916290283203
9270998,2021,2021-06-16,3705,2021-05-14,1550,EC0383,NA,5,5,5,3705,0,0,0,NA,0,004,EAST WASHINGTON AV,ANZA ST,26,W,N,A,-,N,NA,NA,NA,NA,NA,NA,NA,NA,NA,Y,4,0,1,1,A,-,03,22350,NA,N,E,I,A,A,H,-,A,D,0,NA,NA,NA,NA,Y,NA,A,07,0,0,1,0,0,0,0,0,0,-,-,NA,NA,SAN DIEGO,EL CAJON,-116.94827270507813,32.78765106201172
9272016,2021,2021-06-04,3711,2021-05-12,1351,1509,NA,3,5,7,3711,0,0,0,NA,0,623,TAYLOR ST,RT 8,0,NA,Y,A,-,N,NA,NA,NA,NA,NA,NA,NA,NA,NA,N,4,0,1,2,A,-,04,21703,NA,M,C,C,A,A,H,-,A,A,0,NA,NA,NA,NA,Y,Y,-,NA,0,0,1,0,0,0,0,0,0,-,-,NA,NA,SAN DIEGO,SAN DIEGO,-117.19390869140624,32.76042556762695
9272025,2021,2021-06-07,3711,2021-05-24,2127,SD6986,NA,1,5,7,3711,0,0,0,NA,0,811,ADAMS AV,WILSON AV,0,NA,Y,A,-,N,NA,NA,NA,NA,NA,NA,NA,NA,NA,N,4,0,1,2,A,-,08,22107,NA,M,E,G,A,A,-,-,A,D,0,NA,Y,NA,NA,Y,NA,-,NA,0,0,1,0,0,0,1,0,0,-,-,NA,NA,SAN DIEGO,SAN DIEGO,-117.1162109375,32.763301849365234
9273423,2021,2021-06-23,3700,2021-05-27,0018,SH0817,NA,4,5,5,3712,0,0,0,NA,0,353,HARWICH DR,HAZEN DR,200,N,N,A,-,N,NA,NA,NA,NA,NA,NA,NA,NA,NA,Y,3,0,1,2,A,-,01,23152,A,N,E,I,A,A,H,-,C,D,0,NA,NA,NA,NA,Y,Y,A,07,0,1,0,0,0,0,0,0,0,-,-,NA,NA,SAN DIEGO,SAN MARCOS,-117.1345672607422,33.149681091308594
9273641,2021,2021-06-21,3703,2021-05-27,1700,1400,3,4,5,3,3703,0,0,0,NA,0,003,GLORIETTA BL,MONTEREY AV,221,N,N,A,-,N,NA,NA,NA,NA,NA,NA,NA,NA,NA,N,3,0,1,2,A,-,08,22103,NA,N,H,G,A,A,H,-,A,D,0,NA,Y,NA,NA,Y,NA,A,01,0,1,0,0,0,0,1,0,0,-,-,32.68265914916992,-117.17076873779295,SAN DIEGO,CORONADO,-117.17086791992188,32.682823181152344
9273695,2021,2021-06-23,3710,2021-05-31,1343,OC1489,NA,1,5,6,3710,0,0,0,NA,0,011,CANYON DR,FOSTER ST,250,S,N,A,-,N,NA,NA,NA,NA,NA,NA,NA,NA,NA,Y,4,0,1,2,A,-,08,22107,NA,N,D,C,A,A,H,-,A,D,0,NA,NA,NA,NA,Y,NA,A,01,0,0,1,0,0,0,0,0,0,-,-,NA,NA,SAN DIEGO,OCEANSIDE,-117.36112213134766,33.20252227783203
9273754,2021,2021-06-25,3708,2021-05-03,0643,LM1206,NA,1,5,5,3708,0,0,0,NA,0,002,JACKSON DR,MURRAY DR,0,NA,Y,A,-,N,NA,NA,NA,NA,NA,NA,NA,NA,NA,Y,4,0,2,2,A,-,12,21453,A,N,D,C,A,A,H,-,A,A,0,NA,NA,NA,NA,Y,NA,A,01,0,0,2,0,0,0,0,0,0,-,-,NA,NA,SAN DIEGO,LA MESA,-117.01335906982422,32.7761116027832
9273819,2021,2021-07-16,3700,2021-06-06,1405,SH3913,NA,7,5,5,3712,0,0,0,NA,0,359,WEST SAN MARCOS BL,BENT AV,0,NA,Y,A,-,N,NA,NA,NA,NA,NA,NA,NA,NA,NA,Y,4,0,2,2,A,-,09,21453,C,N,D,C,A,A,H,-,A,A,0,NA,NA,NA,NA,Y,NA,D,22,0,0,2,0,0,0,0,0,0,-,-,NA,NA,SAN DIEGO,SAN MARCOS,-117.18202972412108,33.136444091796875
9275604,2021,2021-06-15,3705,2021-04-26,1502,EC0328,NA,1,5,5,3705,0,0,0,NA,0,003,GREENFIELD,RT 8,0,NA,Y,A,-,Y,SD,11,8,-,R,18.944,R,4,W,Y,4,0,3,2,A,-,09,21806,A,N,D,C,A,A,H,-,A,A,0,NA,NA,NA,NA,Y,NA,A,01,0,0,3,0,0,0,0,0,0,-,-,NA,NA,SAN DIEGO,EL CAJON,-116.91544342041016,32.814369201660156
9276544,2021,2021-09-30,3711,2021-09-09,1620,SD7720,NA,4,5,7,3711,0,0,0,NA,0,712,EAST SAN YSIDRO BL,RT 805,0,NA,Y,A,-,Y,SD,11,805,-,-,0.934,R,4,S,N,4,0,1,2,A,-,08,22107,NA,N,B,C,A,A,H,-,A,A,0,NA,NA,NA,NA,Y,NA,A,08,0,0,1,0,0,0,0,0,0,-,SF,NA,NA,SAN DIEGO,SAN DIEGO,-117.042236328125,32.55575942993164
9276645,2021,2021-08-11,3711,2021-07-31,1705,SD7233,NA,6,5,7,3711,0,0,0,NA,0,614,ABBOTT ST,LONG BRANCH AVE,61,S,N,A,-,N,NA,NA,NA,NA,NA,NA,NA,NA,NA,N,4,0,1,2,A,-,11,21954,A,N,G,B,-,A,H,-,A,D,0,Y,NA,NA,NA,Y,NA,N,60,0,0,1,0,1,0,0,0,0,-,-,NA,NA,SAN DIEGO,SAN DIEGO,-117.24949645996094,32.75174331665039
9277146,2021,2021-06-16,3709,2021-05-09,0709,NC0526,NA,7,5,5,3709,0,0,0,NA,0,020,EAST 16TH ST,NATIONAL CITY BL,0,NA,Y,A,-,N,NA,NA,NA,NA,NA,NA,NA,NA,NA,Y,4,0,1,2,A,-,12,21453,A,F,D,C,A,A,H,-,A,A,0,NA,NA,NA,NA,Y,NA,A,01,0,0,1,0,0,0,0,0,0,-,-,NA,NA,SAN DIEGO,NATIONAL CITY,-117.1042022705078,32.66893768310547
9277596,2021,2021-06-16,3711,2021-05-24,0700,SD5600,NA,1,5,7,3711,0,0,0,NA,0,434,SUNNYSIDE AV,SAN FELIPE ST,41,N,N,A,-,N,NA,NA,NA,NA,NA,NA,NA,NA,NA,N,2,0,1,2,A,-,10,21954,B,N,G,B,D,A,H,-,A,A,0,Y,NA,NA,NA,Y,NA,A,01,1,0,0,0,1,0,0,0,0,-,-,NA,NA,SAN DIEGO,SAN DIEGO,-117.025390625,32.709327697753906
9278077,2021,2021-07-12,3705,2021-05-19,1909,EC0394,NA,3,5,5,3705,0,0,0,NA,0,003,JAMACHA RD,EAST MAIN ST,310,S,N,A,-,N,NA,NA,NA,NA,NA,NA,NA,NA,NA,Y,3,0,4,2,A,-,09,21804,A,N,D,C,A,A,H,-,A,D,0,NA,NA,NA,NA,Y,NA,A,07,0,1,3,0,0,0,0,0,0,-,-,NA,NA,SAN DIEGO,EL CAJON,-116.93569946289063,32.79456329345703
9278698,2021,2021-06-18,3711,2021-05-24,2019,SD8334,NA,1,5,7,3711,0,0,0,NA,0,437,ATLA VIEW DR,WOODMAN ST,2100,S,N,A,-,N,NA,NA,NA,NA,NA,NA,NA,NA,NA,N,4,0,2,2,B,-,22,NA,NA,M,C,C,A,A,H,-,C,D,0,NA,NA,NA,NA,Y,NA,-,NA,0,0,2,0,0,0,0,0,0,-,-,NA,NA,SAN DIEGO,SAN DIEGO,-117.04590606689452,32.67818832397461
9278749,2021,2021-06-17,3709,2021-04-24,2145,NC0513,NA,6,5,5,3709,0,0,0,NA,0,021,PARADISE VALLEY RD,PLAZA ENTRADA,0,NA,Y,A,-,N,NA,NA,NA,NA,NA,NA,NA,NA,NA,Y,4,0,4,2,A,-,12,21453,A,N,D,C,A,A,H,-,C,A,0,NA,NA,NA,NA,Y,NA,A,08,0,0,4,0,0,0,0,0,0,-,-,NA,NA,SAN DIEGO,NATIONAL CITY,-117.06699371337892,32.68897247314453
9278896,2021,2021-07-02,3711,2021-06-11,0122,SD6657,NA,5,5,7,3711,0,0,0,NA,0,321,MISSION GORGE RD,MISSION GORGE RD 6400,105,S,N,A,-,N,NA,NA,NA,NA,NA,NA,NA,NA,NA,Y,3,0,1,1,A,-,03,22350,NA,N,E,I,A,A,H,-,C,D,0,NA,NA,NA,NA,Y,Y,A,01,0,1,0,0,0,0,0,0,0,-,-,NA,NA,SAN DIEGO,SAN DIEGO,-117.10141754150392,32.78096389770508
92799762,2024,2024-07-26,9650,2024-07-25,1325,017828,NA,4,1,9,3700,0,1,1,NA,2,003,I-5 S/B,WIRE MOUNTAIN ROAD,400,N,N,A,-,Y,SD,NA,5,NA,R,54.865,H,NA,L,N,4,0,2,3,A,-,03,22350,NA,N,C,C,A,A,H,-,A,D,0,NA,NA,NA,NA,Y,NA,A,07,0,0,2,0,0,0,0,0,0,-,-,33.216800689697266,-117.39054870605467,SAN DIEGO,UNINCORPORATED,-117.390625,33.21678161621094
92799829,2024,2024-07-26,9680,2024-07-16,2005,022653,NA,2,2,9,3700,0,1,3,NA,2,028,SR-125 N/B TO AMAYA DRIVE,AMAYA DRIVE,900,W,N,A,-,Y,NA,NA,NA,NA,NA,NA,NA,NA,NA,Y,3,0,1,1,A,-,08,22107,NA,N,E,I,A,A,H,-,B,A,0,NA,NA,NA,NA,Y,NA,A,01,0,1,0,0,0,0,0,0,0,-,-,32.787540435791016,-117.00559997558594,SAN DIEGO,UNINCORPORATED,NA,NA
9280028,2021,2021-07-01,3711,2021-06-12,2105,SD7233,NA,6,5,7,3711,0,0,0,NA,0,313,ARMOUR ST,DELLWOOD ST,144,W,N,B,-,N,NA,NA,NA,NA,NA,NA,NA,NA,NA,Y,4,0,1,2,A,-,08,22107,NA,N,B,E,A,A,H,-,C,D,0,NA,NA,NA,NA,Y,Y,A,01,0,0,1,0,0,0,0,0,0,-,-,NA,NA,SAN DIEGO,SAN DIEGO,-117.15745544433594,32.82022476196289
9280032,2021,2021-07-01,3711,2021-06-06,2200,SD1429,NA,7,5,7,3711,0,0,0,NA,0,114,CLAIREMONT MESA BL,DIANE AV,0,NA,Y,A,-,N,NA,NA,NA,NA,NA,NA,NA,NA,NA,N,3,0,1,2,A,-,09,21801,A,N,B,C,A,A,H,-,C,A,0,NA,NA,NA,NA,Y,NA,-,NA,0,1,0,0,0,0,0,0,0,-,-,NA,NA,SAN DIEGO,SAN DIEGO,-117.18704986572266,32.83441162109375
92800937,2024,2024-07-29,9645,2024-07-18,1020,023628,NA,4,1,7,3711,0,1,1,NA,2,013,I-805 NB,SR-56,50,S,N,A,-,Y,SD,NA,52,NA,NA,3.893,H,NA,R,Y,4,0,1,2,A,-,03,22350,NA,N,C,2,A,A,H,-,A,D,0,NA,NA,NA,NA,Y,NA,A,01,0,0,1,0,0,0,0,0,0,-,-,32.84700012207031,-117.17610168457033,SAN DIEGO,SAN DIEGO,-117.17606353759766,32.84717559814453
9280621,2021,2021-07-15,3702,2021-06-15,2306,CV1309,NA,2,5,6,3702,0,0,0,NA,0,024,MAIN ST,MELROSE AV,0,NA,Y,A,-,N,NA,NA,NA,NA,NA,NA,NA,NA,NA,Y,3,0,2,3,A,-,01,23153,A,N,B,C,A,A,H,-,C,A,0,NA,NA,NA,NA,Y,Y,A,01,0,1,1,0,0,0,0,0,0,-,-,NA,NA,SAN DIEGO,CHULA VISTA,-117.04012298583984,32.59481430053711
9282407,2021,2021-08-21,3711,2021-06-18,1700,SD1323,NA,5,5,7,3711,0,0,0,NA,0,441,OCEANVIEW BL,SOUTH 35TH ST,250,W,N,A,-,N,NA,NA,NA,NA,NA,NA,NA,NA,NA,N,4,0,3,2,A,-,07,21658,A,N,D,C,A,A,H,-,A,D,0,NA,NA,NA,NA,Y,NA,A,01,0,0,3,0,0,0,0,0,0,-,-,NA,NA,SAN DIEGO,SAN DIEGO,-117.11952972412108,32.70124435424805
9282643,2021,2021-08-06,3711,2021-06-02,1158,SD5454,NA,3,5,7,3711,0,0,0,NA,0,841,ARAGON DR,UNIVERSITY AV,1100,S,N,A,-,N,NA,NA,NA,NA,NA,NA,NA,NA,NA,N,3,0,1,1,A,-,03,22350,NA,N,H,A,A,A,H,-,A,D,0,NA,NA,Y,NA,Y,NA,C,02,0,1,0,0,0,0,0,0,1,-,-,NA,NA,SAN DIEGO,SAN DIEGO,-117.05287170410156,32.752906799316406
9282655,2021,2021-08-06,3711,2021-06-15,1259,SD7588,NA,2,5,7,3711,0,0,0,NA,0,523,4TH AV,J ST,0,NA,N,A,-,N,NA,NA,NA,NA,NA,NA,NA,NA,NA,N,4,0,1,2,A,-,10,21950,A,M,G,B,B,A,H,-,A,-,0,Y,NA,NA,NA,Y,NA,-,99,0,0,1,0,1,0,0,0,0,-,-,NA,NA,SAN DIEGO,SAN DIEGO,-117.16105651855467,32.70941162109375
9282660,2021,2021-08-06,3711,2021-06-13,2205,SD1331,NA,7,5,7,3711,0,0,0,NA,0,528,INDIA ST,W HAWTHORN ST,0,NA,Y,A,-,N,NA,NA,NA,NA,NA,NA,NA,NA,NA,N,3,0,1,1,A,-,03,22350,NA,N,H,J,A,A,H,-,C,D,0,NA,NA,NA,NA,Y,NA,-,NA,0,1,0,0,0,0,0,0,0,-,-,NA,NA,SAN DIEGO,SAN DIEGO,-117.16944885253906,32.72642135620117
9282850,2021,2021-07-21,3709,2021-06-18,0144,NC0490,NA,5,5,5,3709,0,0,0,NA,0,023,HIGHLAND AV,EAST 30TH ST,0,NA,Y,A,-,N,NA,NA,NA,NA,NA,NA,NA,NA,NA,N,4,0,1,2,A,-,12,21453,A,N,D,C,A,A,H,-,C,A,0,NA,NA,NA,NA,Y,NA,-,-,0,0,1,0,0,0,0,0,0,-,-,NA,NA,SAN DIEGO,NATIONAL CITY,-117.0913314819336,32.65916442871094
9283225,2021,2021-07-23,3710,2021-05-30,2500,OC1503,NA,7,5,6,3710,0,0,0,NA,0,014,RT 76,FOUSSAT RD,100,W,N,A,-,Y,SD,11,76,-,M,2.55,H,-,E,Y,3,0,2,2,A,-,03,22350,NA,N,C,C,A,A,H,-,A,A,0,NA,NA,NA,NA,Y,NA,A,01,0,2,0,0,0,0,0,0,0,-,-,NA,NA,SAN DIEGO,OCEANSIDE,-117.34442138671876,33.21821975708008
9283470,2021,2021-07-12,3700,2021-02-15,1452,SH2659,NA,1,5,5,3712,0,0,0,NA,0,349,DOUBLE PEAK DR,LEDGE DR,260,S,N,A,-,N,NA,NA,NA,NA,NA,NA,NA,NA,NA,N,3,0,1,1,A,-,03,22350,NA,N,E,I,A,A,H,-,A,D,0,NA,Y,NA,NA,Y,NA,L,04,0,1,0,0,0,0,1,0,0,-,-,NA,NA,SAN DIEGO,SAN MARCOS,-117.17862701416016,33.110347747802734
9283701,2021,2021-07-29,3711,2021-06-05,2317,SD6210,NA,6,5,7,3711,0,0,0,NA,0,524,7TH ST,F ST,18,S,N,A,-,N,NA,NA,NA,NA,NA,NA,NA,NA,NA,N,2,0,1,1,A,-,17,21235,G,N,E,I,A,A,H,-,C,A,0,NA,NA,Y,NA,Y,Y,C,03,1,0,0,0,0,0,0,0,1,-,-,NA,NA,SAN DIEGO,SAN DIEGO,-117.15830993652344,32.71358108520508
9283729,2021,2021-08-02,3710,2021-06-27,1257,OC1453,NA,7,5,6,3710,0,0,0,NA,0,009,SOUTH COAST HWY,EATON ST,113,N,N,A,-,N,NA,NA,NA,NA,NA,NA,NA,NA,NA,N,3,0,1,1,A,-,03,22350,NA,N,H,-,A,A,H,-,A,-,0,NA,NA,Y,NA,Y,NA,C,02,0,1,0,0,0,0,0,0,1,-,-,NA,NA,SAN DIEGO,OCEANSIDE,-117.35853576660156,33.17086410522461
9283763,2021,2021-08-19,3711,2021-07-05,1855,SD1503,NA,1,5,7,3711,0,0,0,NA,0,621,HYATT ST,HYATT ST  7200,0,NA,Y,A,-,N,NA,NA,NA,NA,NA,NA,NA,NA,NA,N,4,0,1,2,A,-,03,22350,NA,M,D,E,A,A,H,-,A,D,0,NA,NA,NA,NA,Y,Y,A,01,0,0,1,0,0,0,0,0,0,-,-,NA,NA,SAN DIEGO,SAN DIEGO,-117.16793060302734,32.78779983520508
9283772,2021,2021-08-19,3711,2021-07-04,1823,SD8377,NA,7,5,7,3711,0,0,0,NA,0,526,W BEECH ST,1ST AV,0,NA,Y,A,-,N,NA,NA,NA,NA,NA,NA,NA,NA,NA,Y,3,0,2,2,A,-,12,21453,A,N,D,C,A,A,H,-,A,A,0,NA,NA,NA,NA,Y,NA,A,01,0,1,1,0,0,0,0,0,0,-,-,NA,NA,SAN DIEGO,SAN DIEGO,-117.16385650634766,32.72090530395508
9284762,2021,2021-07-22,3711,2021-07-04,0709,SD1583,NA,7,5,7,3711,0,0,0,NA,0,625,CONGRESS ST,TAYLOR ST,0,NA,Y,A,-,N,NA,NA,NA,NA,NA,NA,NA,NA,NA,Y,3,0,1,1,A,-,03,22350,NA,N,E,I,A,A,H,-,A,A,0,NA,NA,NA,NA,Y,NA,A,01,0,1,0,0,0,0,0,0,0,-,-,NA,NA,SAN DIEGO,SAN DIEGO,-117.19957733154295,32.7556266784668
9284786,2021,2021-07-23,3711,2021-07-03,1221,SD7991,NA,6,5,7,3711,0,0,0,NA,0,813,ILLINOIS ST,EL CAJON BL,0,NA,Y,A,-,N,NA,NA,NA,NA,NA,NA,NA,NA,NA,N,4,0,1,2,D,-,00,NA,NA,M,C,C,A,A,H,-,A,B,0,NA,NA,NA,NA,Y,NA,-,-,0,0,1,0,0,0,0,0,0,-,-,NA,NA,SAN DIEGO,SAN DIEGO,-117.12770080566406,32.7552375793457
9285506,2021,2021-07-29,3711,2021-06-10,1720,SD7216,NA,4,5,7,3711,0,0,0,NA,0,841,UNIVERSITY AV,UNIVERSITY AV 6700,0,NA,Y,-,-,N,NA,NA,NA,NA,NA,NA,NA,NA,NA,N,4,0,2,3,A,-,03,22350,NA,N,-,-,A,-,-,-,-,-,0,NA,NA,NA,NA,Y,NA,A,01,0,0,2,0,0,0,0,0,0,-,-,NA,NA,SAN DIEGO,SAN DIEGO,-117.16390228271484,32.74827194213867
9285817,2021,2021-07-06,3711,2021-06-17,0752,SD1328,NA,4,5,7,3711,0,0,0,NA,0,311,W CANYON AV,BRIAR CT,0,NA,Y,B,-,N,NA,NA,NA,NA,NA,NA,NA,NA,NA,Y,3,0,1,2,A,-,03,22350,NA,N,C,E,A,A,H,-,A,D,0,NA,NA,NA,NA,Y,Y,A,01,0,1,0,0,0,0,0,0,0,-,-,NA,NA,SAN DIEGO,SAN DIEGO,-117.11827087402344,32.80010223388672
9286579,2021,2021-07-26,3711,2021-07-13,1430,SD7017,NA,2,5,7,3711,0,0,0,NA,0,624,MONROE AV,MARYLAND,0,NA,Y,-,-,N,NA,NA,NA,NA,NA,NA,NA,NA,NA,N,3,0,2,2,B,-,22,NA,NA,N,-,-,A,-,-,-,-,-,0,NA,NA,NA,NA,Y,NA,A,01,0,1,1,0,0,0,0,0,0,-,-,NA,NA,SAN DIEGO,SAN DIEGO,-117.15126037597656,32.759029388427734
92868219,2024,2024-07-29,9650,2024-07-27,250,022965,NA,6,3,9,3700,0,1,1,NA,2,021,I-15 S/B,CAMINO DEL REY U/C,2000,N,N,A,-,Y,SD,NA,15,NA,R,42.208,H,NA,L,Y,3,0,1,1,C,-,18,NA,NA,N,E,I,A,A,H,-,D,D,0,NA,NA,NA,NA,Y,NA,-,-,0,1,0,0,0,0,0,0,0,-,-,33.27204132080078,-117.15677642822266,SAN DIEGO,UNINCORPORATED,-117.15673828125,33.27202606201172
9287429,2021,2021-07-23,3710,2021-07-01,0412,OC1467,NA,4,5,6,3710,0,0,0,NA,0,021,RT 76,RANCHO DEL ORO DR,0,NA,Y,A,-,Y,LA,7,138,-,-,46.24,H,-,W,Y,4,0,1,2,A,-,03,22350,NA,N,C,C,A,A,H,-,C,A,0,NA,NA,Y,NA,Y,NA,A,01,0,0,1,0,0,0,0,0,0,-,-,NA,NA,SAN DIEGO,OCEANSIDE,-118.08489990234376,34.58015441894531
9287440,2021,2021-07-29,3711,2021-07-01,0620,SD7648,NA,4,5,7,3711,0,0,0,NA,0,114,CLAIREMONT MESA BL,RT 805,0,NA,Y,A,-,Y,SD,11,805,-,-,22.482,R,4,S,Y,4,0,1,2,A,-,08,22107,NA,N,C,C,A,A,H,-,A,A,0,NA,NA,NA,NA,Y,NA,A,01,0,0,1,0,0,0,0,0,0,-,-,NA,NA,SAN DIEGO,SAN DIEGO,-117.1690673828125,32.83240509033203
92877756,2024,2024-07-29,9645,2024-07-20,2130,022252,NA,6,2,7,3711,0,1,3,NA,2,006,SR-94 WESTBOUND,47TH STREET,2000,W,N,A,-,Y,SD,NA,94,NA,NA,4.237,H,NA,L,N,3,0,1,1,A,-,08,22107,NA,N,E,I,A,A,H,-,C,D,0,NA,NA,NA,NA,Y,NA,A,01,0,1,0,0,0,0,0,0,0,-,-,32.71910858154297,-117.10025787353516,SAN DIEGO,SAN DIEGO,-117.10025787353516,32.719207763671875
92878159,2024,2024-07-30,9650,2024-07-07,49,023524,NA,7,3,9,3700,0,3,5,NA,2,070,DEL DIOS HIGHWAY,EL CAMINO DEL NORTE,1373,E,N,A,-,N,NA,NA,NA,NA,NA,NA,NA,NA,NA,N,2,0,3,1,A,-,01,23152,A,N,E,8,A,A,H,-,D,D,0,NA,NA,NA,NA,Y,Y,A,01,3,0,0,0,0,0,0,0,0,-,-,33.035701751708984,-117.17931365966795,SAN DIEGO,UNINCORPORATED,-117.17947387695313,33.03578567504883
9288042,2021,2021-08-05,3711,2021-06-17,1653,SD7395,NA,4,5,7,3711,0,0,0,NA,0,623,FASHION VALLEY RD,HOTEL CIR N,0,NA,Y,A,-,N,NA,NA,NA,NA,NA,NA,NA,NA,NA,N,4,0,2,2,B,-,22,NA,NA,N,C,C,A,A,H,-,A,A,0,NA,NA,NA,NA,Y,NA,A,01,0,0,2,0,0,0,0,0,0,-,-,NA,NA,SAN DIEGO,SAN DIEGO,-117.16918182373048,32.76108932495117
9289089,2021,2021-07-23,3700,2021-06-27,0545,NA,NA,7,5,5,3712,0,0,0,NA,0,349,SAN ELIJO RD,ECLIPSE DR,83,E,N,A,-,N,NA,NA,NA,NA,NA,NA,NA,NA,NA,Y,3,0,1,1,A,-,01,23152,A,N,E,I,A,A,H,-,B,A,0,NA,NA,NA,NA,Y,Y,-,NA,0,1,0,0,0,0,0,0,0,-,-,NA,NA,SAN DIEGO,SAN MARCOS,-117.18106842041016,33.10213851928711
9289354,2021,2021-07-28,3711,2021-06-17,2300,SD1329,NA,4,5,7,3711,0,0,0,NA,0,522,5TH AV,HARBOR DR,0,NA,Y,A,-,N,NA,NA,NA,NA,NA,NA,NA,NA,NA,N,4,0,1,2,A,-,03,22350,NA,M,C,C,A,A,H,-,C,A,0,NA,NA,NA,NA,Y,NA,A,01,0,0,1,0,0,0,0,0,0,-,-,NA,NA,SAN DIEGO,SAN DIEGO,-117.1605224609375,32.70693588256836
9289605,2021,2021-07-27,3711,2021-06-29,0950,SD6743,NA,2,5,7,3711,0,0,0,NA,0,725,DENNERY RD,DEL SOL BL,900,N,N,B,-,N,NA,NA,NA,NA,NA,NA,NA,NA,NA,Y,3,0,1,1,A,-,08,22107,NA,N,E,I,A,A,H,-,A,D,0,NA,NA,NA,NA,Y,NA,A,01,0,1,0,0,0,0,0,0,0,-,-,NA,NA,SAN DIEGO,SAN DIEGO,-117.03530120849608,32.5755500793457
9289614,2021,2021-07-27,3711,2021-06-25,0819,SD7593,NA,5,5,7,3711,0,0,0,NA,0,436,SKYLINE DR,SOUTH WOODMAN ST,63,W,N,A,-,N,NA,NA,NA,NA,NA,NA,NA,NA,NA,Y,4,0,1,3,A,-,01,23152,F,N,C,C,A,A,H,-,C,A,0,NA,NA,NA,NA,Y,NA,A,01,0,0,1,0,0,0,0,0,0,-,-,NA,NA,SAN DIEGO,SAN DIEGO,-117.05490112304688,32.701290130615234
92898453,2024,2024-07-30,9645,2024-07-21,1650,022765,NA,7,2,6,3702,0,1,1,NA,2,009,I-805 S/B TO TELEGRAPH CANYON RD. EAST,TELEGRAPH CANYON RD.,19,S,N,A,-,Y,NA,NA,NA,NA,NA,NA,NA,NA,NA,N,3,0,1,2,A,-,03,22350,NA,F,C,C,A,A,H,-,A,D,0,NA,NA,NA,NA,Y,NA,-,99,0,1,0,0,0,0,0,0,0,-,-,32.62871170043945,-117.04515838623048,SAN DIEGO,CHULA VISTA,-117.04386901855467,32.628971099853516
9293117,2021,2021-08-26,3711,2021-07-08,0158,SD1239,NA,4,5,7,3711,0,0,0,NA,0,525,W BROADWAY ST,UNION ST,0,NA,Y,A,-,N,NA,NA,NA,NA,NA,NA,NA,NA,NA,N,3,0,1,2,A,-,03,22350,NA,M,G,B,E,A,H,-,C,A,0,Y,NA,NA,NA,Y,Y,-,NA,0,1,0,0,1,0,0,0,0,-,-,NA,NA,SAN DIEGO,SAN DIEGO,-117.16561889648438,32.71564865112305
9293715,2021,2021-08-02,3705,2021-05-04,0335,EC0414,NA,2,5,5,3705,0,0,0,NA,0,003,JAMACHA RD,GUSTAVO ST,70,S,N,A,-,N,NA,NA,NA,NA,NA,NA,NA,NA,NA,Y,3,0,1,1,A,-,07,21658,A,N,E,I,A,A,H,-,C,D,0,NA,NA,NA,NA,Y,NA,D,22,0,1,0,0,0,0,0,0,0,-,-,NA,NA,SAN DIEGO,EL CAJON,-116.92787170410156,32.78215026855469