CASE_ID,ACCIDENT_YEAR,PROC_DATE,JURIS,COLLISION_DATE,COLLISION_TIME,OFFICER_ID,REPORTING_DISTRICT,DAY_OF_WEEK,CHP_SHIFT,POPULATION,CNTY_CITY_LOC,SPECIAL_COND,BEAT_TYPE,CHP_BEAT_TYPE,CITY_DIVISION_LAPD,CHP_BEAT_CLASS,BEAT_NUMBER,PRIMARY_RD,SECONDARY_RD,DISTANCE,DIRECTION,INTERSECTION,WEATHER_1,WEATHER_2,STATE_HWY_IND,CALTRANS_COUNTY,CALTRANS_DISTRICT,STATE_ROUTE,ROUTE_SUFFIX,POSTMILE_PREFIX,POSTMILE,LOCATION_TYPE,RAMP_INTERSECTION,SIDE_OF_HWY,TOW_AWAY,COLLISION_SEVERITY,NUMBER_KILLED,NUMBER_INJURED,PARTY_COUNT,PRIMARY_COLL_FACTOR,PCF_CODE_OF_VIOL,PCF_VIOL_CATEGORY,PCF_VIOLATION,PCF_VIOL_SUBSECTION,HIT_AND_RUN,TYPE_OF_COLLISION,MVIW,PED_ACTION,ROAD_SURFACE,ROAD_COND_1,ROAD_COND_2,LIGHTING,CONTROL_DEVICE,CHP_ROAD_TYPE,PEDESTRIAN_ACCIDENT,BICYCLE_ACCIDENT,MOTORCYCLE_ACCIDENT,TRUCK_ACCIDENT,NOT_PRIVATE_PROPERTY,ALCOHOL_INVOLVED,STWD_VEHTYPE_AT_FAULT,CHP_VEHTYPE_AT_FAULT,COUNT_SEVERE_INJ,COUNT_VISIBLE_INJ,COUNT_COMPLAINT_PAIN,COUNT_PED_KILLED,COUNT_PED_INJURED,COUNT_BICYCLIST_KILLED,COUNT_BICYCLIST_INJURED,COUNT_MC_KILLED,COUNT_MC_INJURED,PRIMARY_RAMP,SECONDARY_RAMP,LATITUDE,LONGITUDE,COUNTY,CITY,POINT_X,POINT_Y
9464287,2023,2023-04-25,3711,2023-03-22,746,SD7759,NA,3,5,7,3711,0,0,0,NA,0,825,ADAMS AV,BIONA DR,0,NA,Y,A,B,N,NA,NA,NA,NA,NA,NA,NA,NA,NA,Y,1,1,1,2,A,-,09,21802,A,N,D,C,A,B,H,-,A,A,0,NA,NA,NA,NA,Y,NA,A,07,0,0,1,0,0,0,0,0,0,-,-,NA,NA,SAN DIEGO,SAN DIEGO,-117.10426330566406,32.763221740722656
94645175,2025,2025-04-10,9680,2025-04-09,1740,021839,NA,3,2,9,3700,0,1,1,NA,2,081,I-8 E/B,N 1ST ST,10,W,N,A,-,Y,SD,NA,8,NA,NA,16.839,H,NA,R,N,3,0,1,2,A,-,03,22350,NA,N,C,C,A,A,H,-,A,D,0,NA,NA,NA,NA,Y,NA,D,22,0,1,0,0,0,0,0,0,0,-,-,32.80295181274414,-116.94473266601563,SAN DIEGO,UNINCORPORATED,-116.94473266601563,32.80296325683594
94648503,2025,2025-04-14,9645,2025-04-08,410,023659,NA,2,3,5,3709,0,1,1,NA,2,009,INTERSTATE 805,IMPERIAL AVE,5650,S,N,A,-,Y,SD,NA,805,NA,NA,11.251,H,NA,R,N,4,0,1,2,A,-,08,22107,NA,F,B,C,A,A,H,-,C,D,0,NA,NA,NA,NA,Y,NA,-,99,0,0,1,0,0,0,0,0,0,-,-,32.688560485839844,-117.09352111816406,SAN DIEGO,NATIONAL CITY,-117.09354400634766,32.68854522705078
94651730,2025,2025-04-16,9650,2025-04-09,2250,021992,NA,3,3,6,3706,0,1,1,NA,2,023,I-15 S/B,N. NUTMEG ST.,189,S,N,A,-,Y,SD,NA,15,NA,R,34.188,H,NA,L,N,3,0,1,1,A,-,08,22107,NA,N,E,I,A,A,H,-,C,D,0,NA,NA,NA,NA,Y,NA,A,01,0,1,0,0,0,0,0,0,0,-,-,33.164981842041016,-117.10761260986328,SAN DIEGO,ESCONDIDO,-117.10742950439452,33.16505813598633
94653391,2025,2025-04-17,9650,2025-04-12,1957,022892,NA,6,2,6,3710,0,1,1,NA,2,005,I-5 N/B,CALIFORNIA ST,834,S,N,A,-,Y,SD,NA,5,NA,R,51.686,H,NA,R,Y,4,0,1,2,A,-,03,22350,NA,N,C,C,A,A,H,-,C,D,0,NA,NA,NA,NA,Y,NA,A,07,0,0,1,0,0,0,0,0,0,-,-,33.182861328125,-117.35594177246094,SAN DIEGO,OCEANSIDE,-117.35595703125,33.1828498840332
9465459,2022,2023-01-30,3711,2022-12-06,2105,SD1642,NA,2,5,7,3711,0,0,0,NA,0,126,VILLA LA JOLLA DR,LA JOLLA VILLAGE DR,0,NA,Y,A,-,N,NA,NA,NA,NA,NA,NA,NA,NA,NA,Y,3,0,1,1,A,-,03,22350,NA,N,F,A,A,A,G,-,C,D,0,NA,NA,Y,NA,Y,NA,C,02,0,1,0,0,0,0,0,0,1,-,-,NA,NA,SAN DIEGO,SAN DIEGO,-117.23390197753906,32.87178039550781
94655431,2025,2025-04-18,9680,2025-04-10,1426,023088,NA,4,2,5,3705,0,1,1,NA,2,082,INTERSTATE 8 WESTBOUND,N. MOLLISON AVENUE,590,W,N,A,-,Y,SD,NA,8,NA,NA,16.356,H,NA,L,Y,4,0,4,3,A,-,03,22350,NA,N,C,C,A,A,H,-,A,A,0,NA,NA,NA,NA,Y,NA,A,08,0,0,4,0,0,0,0,0,0,-,-,32.803218841552734,-116.95304107666016,SAN DIEGO,EL CAJON,-116.95304107666016,32.803157806396484
94655813,2025,2025-04-21,9650,2025-04-09,2100,021500,NA,3,2,5,3713,0,1,3,NA,2,017,SR-78,VISTA VILLAGE DR,55,E,N,A,-,Y,SD,NA,78,NA,NA,6.23,H,NA,R,Y,4,0,1,2,D,-,00,NA,NA,N,B,D,A,A,H,-,D,D,0,NA,NA,NA,NA,Y,NA,-,-,0,0,1,0,0,0,0,0,0,-,-,33.194881439208984,-117.24965667724608,SAN DIEGO,VISTA,-117.24972534179688,33.194698333740234
94656283,2025,2025-04-21,9680,2025-04-12,515,022893,NA,6,3,9,3700,0,2,4,NA,2,072,MONTEZUMA VALLEY RD,RANCHO CHIMNEY ROCK RD,3696,E,N,A,-,N,NA,NA,NA,NA,NA,NA,NA,NA,NA,Y,4,0,1,1,A,-,08,22107,NA,N,E,I,A,A,H,-,D,D,0,NA,NA,NA,NA,Y,NA,A,01,0,0,1,0,0,0,0,0,0,-,-,33.210601806640625,-116.49150848388672,SAN DIEGO,UNINCORPORATED,-116.49177551269533,33.21052551269531
94656420,2025,2025-04-21,9645,2025-04-11,1918,024012,NA,5,2,7,3711,0,1,1,NA,2,003,I-5 N/B,WASHINGTON STREET,280,N,N,A,-,Y,SD,NA,5,NA,R,18.703,H,NA,R,Y,4,0,3,2,A,-,01,23152,A,N,C,C,A,A,H,-,C,D,0,NA,NA,NA,NA,Y,Y,D,22,0,0,3,0,0,0,0,0,0,-,-,32.74538040161133,-117.1884307861328,SAN DIEGO,SAN DIEGO,-117.18843841552734,32.74536895751953
94656864,2025,2025-04-21,9645,2025-04-11,1620,024012,NA,5,2,7,3711,0,1,1,NA,2,003,I-5 N/B,28TH STREET,30,S,N,A,-,Y,SD,NA,5,NA,R,13.294,H,NA,R,N,4,0,2,2,A,-,01,23152,A,N,C,C,A,A,H,-,A,D,0,NA,NA,NA,NA,Y,Y,D,22,0,0,2,0,0,0,0,0,0,-,-,32.694679260253906,-117.1323471069336,SAN DIEGO,SAN DIEGO,-117.13236236572266,32.69464111328125
9465825,2022,2023-01-24,3711,2022-12-13,2028,SD1193,NA,2,5,7,3711,0,0,0,NA,0,438,REO DR,REO PL,285,S,N,A,-,N,NA,NA,NA,NA,NA,NA,NA,NA,NA,Y,4,0,2,1,A,-,03,22350,NA,N,E,I,A,A,A,-,E,D,0,NA,NA,NA,NA,Y,NA,A,01,0,0,2,0,0,0,0,0,0,-,-,NA,NA,SAN DIEGO,SAN DIEGO,-117.0605697631836,32.669219970703125
94659863,2025,2025-04-23,9680,2025-04-13,230,022653,NA,7,3,5,3781,0,1,3,NA,2,015,SR-52 E/B,FANITA DR,528,W,N,A,-,Y,SD,NA,52,NA,NA,14.935,H,NA,R,Y,4,0,1,1,A,-,01,23152,A,N,E,I,A,A,H,-,C,D,0,NA,NA,NA,NA,Y,Y,D,22,0,0,1,0,0,0,0,0,0,-,-,32.8366813659668,-117.00376129150392,SAN DIEGO,SANTEE,-117.00376129150392,32.83661651611328
94660503,2025,2025-04-23,9680,2025-04-21,1100,019555,NA,1,1,9,3700,0,2,4,NA,1,012,MAPLEVIEW STREET,VINE STREET,0,NA,Y,A,-,N,NA,NA,NA,NA,NA,NA,NA,NA,NA,N,2,0,1,2,A,-,09,21802,A,N,D,C,A,A,H,-,A,A,0,NA,NA,NA,NA,Y,NA,-,99,1,0,0,0,0,0,0,0,0,-,-,32.8631706237793,-116.92156982421876,SAN DIEGO,UNINCORPORATED,-116.9215087890625,32.86310577392578
94664071,2025,2025-04-25,9680,2025-04-15,1715,022554,NA,2,2,9,3700,0,1,3,NA,1,024,SR-94 (CAMPO RD),MARLENA WAY (PRIVATE),0,NA,Y,B,-,Y,SD,NA,94,NA,NA,17.314,H,NA,R,Y,4,0,2,2,A,-,09,21804,A,N,A,C,A,A,H,-,A,D,0,NA,NA,NA,NA,Y,NA,A,01,0,0,2,0,0,0,0,0,0,-,-,32.72700881958008,-116.91033935546876,SAN DIEGO,UNINCORPORATED,-116.91030883789063,32.72697830200195
94666012,2025,2025-04-28,9645,2025-04-16,140,023413,NA,3,3,6,3702,0,1,3,NA,2,031,SR-125 NB TO SR-54 WB,SR-54,1093,S,N,A,-,Y,SD,NA,125,NA,NA,8.697,H,NA,R,N,3,0,1,1,A,-,01,23152,A,M,E,I,A,A,H,-,C,D,0,NA,NA,NA,NA,Y,Y,D,22,0,1,0,0,0,0,0,0,0,-,-,32.689579010009766,-117.01399230957033,SAN DIEGO,CHULA VISTA,-117.01397705078124,32.68959045410156
94666402,2025,2025-04-28,9650,2025-04-20,1820,023426,NA,7,2,9,3700,0,3,5,NA,2,211,CHAMPAGNE BLVD,DEER SPRINGS RD,1901,N,N,A,-,N,NA,NA,NA,NA,NA,NA,NA,NA,NA,Y,4,0,1,1,A,-,08,22107,NA,N,F,I,A,A,H,-,A,D,0,NA,NA,NA,NA,Y,Y,A,01,0,0,1,0,0,0,0,0,0,-,-,33.20248031616211,-117.1279067993164,SAN DIEGO,UNINCORPORATED,-117.12775421142578,33.20206069946289
94666643,2025,2025-04-28,9645,2025-04-18,1005,024355,NA,5,1,9,3700,0,3,5,NA,2,018,BONITA ROAD E/B,ANDORRA WAY,0,NA,Y,A,-,N,NA,NA,NA,NA,NA,NA,NA,NA,NA,N,4,0,1,2,A,-,09,21802,A,N,D,C,A,A,H,-,A,A,0,NA,NA,NA,NA,Y,NA,A,01,0,0,1,0,0,0,0,0,0,-,-,32.6485595703125,-117.05461883544922,SAN DIEGO,UNINCORPORATED,-117.05467987060548,32.648651123046875
94668293,2024,2025-04-29,9645,2024-05-30,256,022948,NA,4,3,7,3711,0,1,1,NA,2,010,INTERSTATE 8 WESTBOUND,HOTEL CIRCLE N,1654,W,N,A,-,Y,SD,NA,8,NA,NA,1.932,H,NA,L,Y,1,1,0,1,A,-,03,22350,NA,N,E,8,A,A,H,-,C,D,0,NA,NA,NA,Y,Y,NA,F,26,0,0,0,0,0,0,0,0,0,-,-,32.76036071777344,-117.17188262939452,SAN DIEGO,SAN DIEGO,-117.17181396484376,32.76015853881836
94670648,2025,2025-04-30,9645,2025-04-26,315,022980,NA,6,3,7,3711,0,1,3,NA,2,023,SR-163 SOUTHBOUND TO GENESEE AVENUE,GENESEE AVENUE,205,N,N,B,-,Y,NA,NA,NA,NA,NA,NA,NA,NA,NA,Y,4,0,2,1,A,-,03,22350,NA,N,E,I,A,A,H,-,A,D,0,NA,NA,NA,NA,Y,NA,A,01,0,0,2,0,0,0,0,0,0,-,-,32.79201889038086,-117.1602020263672,SAN DIEGO,SAN DIEGO,-117.15899658203124,32.792198181152344
94672271,2025,2025-05-01,9680,2025-04-21,1035,015972,NA,1,1,9,3700,0,2,4,NA,1,031,SUNRISE HIGHWAY,OLD HIGHWAY 80,6336,N,N,A,-,N,NA,NA,NA,NA,NA,NA,NA,NA,NA,Y,3,0,2,1,A,-,08,22107,NA,N,F,A,A,A,H,-,A,D,0,NA,NA,NA,Y,Y,NA,F,26,0,1,1,0,0,0,0,0,0,-,-,32.82469940185547,-116.50112915039063,SAN DIEGO,UNINCORPORATED,NA,NA
94673170,2025,2025-05-02,9645,2025-04-26,1205,024170,NA,6,1,7,3711,0,3,5,NA,2,018,OTAY LAKES ROAD,NORTH POINT TRAILHEAD,230,N,N,B,-,N,NA,NA,NA,NA,NA,NA,NA,NA,NA,Y,3,0,1,1,A,-,03,22350,NA,N,F,A,A,B,H,-,A,D,0,NA,NA,Y,NA,Y,NA,C,02,0,1,0,0,0,0,0,0,1,-,-,32.63507080078125,-116.92150115966795,SAN DIEGO,SAN DIEGO,-116.92072,32.634751
94673512,2025,2025-05-02,9680,2025-04-05,405,023436,NA,6,3,9,3700,0,2,4,NA,1,020,FUERTE DRIVE,PANCHOY DR,10,W,N,A,-,N,NA,NA,NA,NA,NA,NA,NA,NA,NA,Y,3,0,3,2,A,-,01,23152,A,N,A,C,A,A,H,-,D,D,0,NA,NA,NA,NA,Y,Y,A,01,0,2,1,0,0,0,0,0,0,-,-,32.76443099975586,-116.96215057373048,SAN DIEGO,UNINCORPORATED,-116.96234893798828,32.764434814453125
94674771,2025,2025-05-05,9645,2025-04-22,1822,024371,NA,2,2,7,3711,0,1,3,NA,2,023,SR-163 S/B TO FRIARS RD,FRIARS RD.,310,N,N,A,-,Y,SD,NA,163,NA,NA,4.445,H,NA,L,N,4,0,1,2,A,-,01,23152,A,N,C,C,A,A,H,-,A,D,0,NA,NA,NA,NA,Y,Y,A,07,0,0,1,0,0,0,0,0,0,-,-,32.77262878417969,-117.16134643554688,SAN DIEGO,SAN DIEGO,-117.1612548828125,32.772621154785156
9467530,2023,2023-02-16,3711,2023-01-13,1500,SD7952,NA,5,5,7,3711,0,0,0,NA,0,725,DENNERY RD,ISLAND BREEZE LN,0,NA,Y,A,-,N,NA,NA,NA,NA,NA,NA,NA,NA,NA,Y,4,0,1,1,A,-,08,22107,NA,N,A,I,A,A,H,-,A,D,0,NA,NA,NA,NA,Y,NA,A,01,0,0,1,0,0,0,0,0,0,-,-,NA,NA,SAN DIEGO,SAN DIEGO,-117.02728271484376,32.58871078491211
94675416,2025,2025-05-05,9645,2025-04-18,1900,023901,NA,5,2,7,3711,0,1,3,NA,2,025,STATE ROUTE-163 SOUTHBOUND,WASHINGTON STREET,9.8,N,N,A,-,Y,SD,NA,163,NA,NA,2.759,H,NA,L,Y,3,0,1,2,A,-,01,23152,A,N,B,2,A,A,H,-,A,D,0,NA,NA,NA,NA,Y,Y,D,22,0,1,0,0,0,0,0,0,0,-,-,32.75053024291992,-117.15537261962892,SAN DIEGO,SAN DIEGO,-117.1553955078125,32.750526428222656
9467596,2023,2023-02-24,3711,2023-01-02,1043,SD1809,NA,1,5,7,3711,0,0,0,NA,0,436,69TH ST,ELVADO WY,500,E,N,A,B,N,NA,NA,NA,NA,NA,NA,NA,NA,NA,N,3,0,1,1,A,-,08,22107,NA,N,H,J,A,A,H,-,-,D,0,NA,Y,NA,NA,Y,NA,L,04,0,1,0,0,0,0,1,0,0,-,-,NA,NA,SAN DIEGO,SAN DIEGO,-117.0485610961914,32.70552062988281
9467974,2022,2023-01-13,3711,2022-12-16,0010,SD7818,NA,5,5,7,3711,0,0,0,NA,0,813,EL CAJON BL,RT 805,0,NA,Y,A,-,Y,SD,11,805,-,-,16.298,R,4,S,N,2,0,2,2,A,-,12,21453,A,N,D,C,A,A,H,-,C,A,0,NA,NA,NA,NA,Y,NA,A,07,1,1,0,0,0,0,0,0,0,-,SO,NA,NA,SAN DIEGO,SAN DIEGO,-117.12451934814452,32.753562927246094
94684035,2025,2025-05-12,9645,2025-05-03,1026,023324,NA,6,1,7,3711,0,1,1,NA,2,001,INTERSTATE 5 S/B,CAMINO DE LA PLAZA,25,N,N,B,-,Y,SD,NA,5,NA,R,0.319,H,NA,L,N,4,0,1,2,D,-,00,NA,NA,N,B,C,A,A,H,-,A,D,0,NA,NA,NA,NA,Y,NA,-,-,0,0,1,0,0,0,0,0,0,-,-,32.54441833496094,-117.03289031982422,SAN DIEGO,SAN DIEGO,-117.03287506103516,32.54443359375
94685283,2025,2025-05-13,9645,2025-04-24,1555,020992,NA,4,2,7,3711,0,1,1,NA,2,007,I-5 NORTHBOUND,DEL MAR HEIGHTS ROAD,750,N,N,A,-,Y,SD,NA,5,NA,R,35.508,H,NA,R,N,3,0,1,3,A,-,07,21658,A,N,D,C,A,A,H,-,A,D,0,NA,NA,Y,NA,Y,NA,A,07,0,1,0,0,0,0,0,0,1,-,-,32.9693489074707,-117.24906158447266,SAN DIEGO,SAN DIEGO,-117.24898529052734,32.9693717956543
94686786,2025,2025-05-14,9650,2025-05-09,1745,023084,NA,5,2,9,3700,0,2,4,NA,1,027,VALLEY CENTER ROAD,VESPER ROAD,555,S,N,A,-,N,NA,NA,NA,NA,NA,NA,NA,NA,NA,N,2,0,2,2,A,-,01,23152,A,N,A,I,A,A,H,-,A,D,0,NA,NA,NA,NA,Y,Y,A,01,2,0,0,0,0,0,0,0,0,-,-,33.23004913330078,-117.01905059814452,SAN DIEGO,UNINCORPORATED,-117.01923370361328,33.230350494384766
94691745,2025,2025-05-19,9650,2025-05-03,2230,022992,NA,6,3,9,3700,0,3,5,NA,2,191,OSBORNE STREET,BAUTISTA AVENUE,60,W,N,B,C,N,NA,NA,NA,NA,NA,NA,NA,NA,NA,Y,4,0,1,1,A,-,01,23152,A,N,E,I,A,B,H,-,D,D,0,NA,NA,NA,NA,Y,Y,A,01,0,0,1,0,0,0,0,0,0,-,-,33.23775100708008,-117.24519348144533,SAN DIEGO,UNINCORPORATED,-117.24510192871094,33.23767852783203
94691819,2025,2025-05-19,9645,2025-05-13,1130,018987,NA,2,1,7,3711,0,1,3,NA,2,016,SR-52 EASTBOUND,SANTO RD,7920,E,N,A,-,Y,SD,NA,52,NA,NA,10.239,H,NA,R,N,3,0,1,2,A,-,03,22350,NA,N,C,C,A,A,H,-,A,D,0,NA,NA,NA,NA,Y,NA,A,07,0,1,0,0,0,0,0,0,0,-,-,32.849700927734375,-117.07391357421876,SAN DIEGO,SAN DIEGO,-117.07394409179688,32.849735260009766
94692444,2025,2025-05-19,9680,2025-04-30,1455,024159,NA,3,2,9,3700,1,3,5,NA,2,002,KENWOOD DR,BANCROFT DR,8,E,N,A,-,N,NA,NA,NA,NA,NA,NA,NA,NA,NA,N,4,0,1,1,A,-,08,22107,NA,N,H,A,A,A,H,-,A,A,0,NA,NA,NA,NA,Y,NA,H,13,0,0,1,0,0,0,0,0,0,-,-,32.7446403503418,-117.00340270996094,SAN DIEGO,UNINCORPORATED,-117.00348663330078,32.74454879760742
94693915,2025,2025-05-20,9645,2025-05-12,230,023659,NA,1,3,7,3711,0,1,3,NA,2,023,STATE ROUTE 163 SOUTHBOUND TO GENESEE AVENUE,GENESEE AVENUE,375,N,N,A,-,Y,NA,NA,NA,NA,NA,NA,NA,NA,NA,Y,3,0,1,1,A,-,01,23152,A,N,E,I,A,A,H,-,D,D,0,NA,NA,NA,NA,Y,Y,A,01,0,1,0,0,0,0,0,0,0,-,-,32.7923698425293,-117.16021728515624,SAN DIEGO,SAN DIEGO,-117.15883636474608,32.79264450073242
9469986,2023,2024-08-21,3711,2023-09-03,916,SD7815,NA,7,5,7,3711,0,0,0,NA,0,517,28TH ST,TREAT ST,0,NA,Y,B,-,N,NA,NA,NA,NA,NA,NA,NA,NA,NA,Y,4,0,2,4,A,-,00,20002,A,N,C,C,A,A,H,-,A,D,0,NA,NA,NA,NA,Y,Y,A,01,0,0,2,0,0,0,0,0,0,-,-,NA,NA,SAN DIEGO,SAN DIEGO,-117.13377380371094,32.714351654052734
9469990,2023,2024-04-26,3711,2023-09-04,1640,SD5679,NA,1,5,7,3711,0,0,0,NA,0,121,WEST MISSION BAY DR,MISSION BL 3200,265,E,N,A,-,N,NA,NA,NA,NA,NA,NA,NA,NA,NA,N,4,0,1,2,A,-,08,22107,NA,N,B,G,A,A,H,-,A,D,0,NA,Y,NA,NA,Y,NA,L,04,0,0,1,0,0,0,1,0,0,-,-,NA,NA,SAN DIEGO,SAN DIEGO,-117.25027465820313,32.772056579589844
94702084,2025,2025-05-27,9650,2025-05-22,1440,019979,NA,4,2,6,3710,0,1,1,NA,2,005,I-5 S/B,HARBOR DR,10,S,N,A,-,Y,SD,NA,5,NA,R,54.391,H,NA,L,N,4,0,3,2,A,-,03,22350,NA,N,C,C,A,A,H,-,A,D,0,NA,NA,NA,NA,Y,NA,A,01,0,0,3,0,0,0,0,0,0,-,-,33.21030044555664,-117.38729095458984,SAN DIEGO,OCEANSIDE,-117.3873291015625,33.21028137207031
94702482,2025,2025-05-28,9680,2025-05-14,640,023233,NA,3,1,9,3700,0,1,3,NA,1,022,STATE ROUTE 54 (JAMACHA ROAD),FURY LANE,157,W,N,A,-,Y,SD,NA,54,NA,T,11.5,H,NA,R,N,4,0,1,2,A,-,03,22350,NA,N,C,C,A,A,D,E,A,D,0,NA,NA,NA,NA,Y,NA,A,01,0,0,1,0,0,0,0,0,0,-,-,32.742820739746094,-116.93491363525392,SAN DIEGO,UNINCORPORATED,-116.93484497070313,32.742706298828125
9470347,2023,2023-09-19,3711,2023-08-31,1358,SD1557,NA,4,5,7,3711,0,0,0,NA,0,313,BALADES CT,VIEWRIDGE AV,0,NA,Y,A,-,N,NA,NA,NA,NA,NA,NA,NA,NA,NA,N,4,0,1,2,A,-,07,21658,A,N,D,C,A,A,H,-,A,D,0,NA,NA,NA,NA,Y,NA,A,01,0,0,1,0,0,0,0,0,0,-,-,NA,NA,SAN DIEGO,SAN DIEGO,NA,NA
9470594,2023,2023-10-16,3700,2023-08-26,2004,SH0817,NA,6,5,5,3712,0,0,0,NA,0,351,W BORDEN RD,COMET CIRCLE,760,W,N,A,-,N,NA,NA,NA,NA,NA,NA,NA,NA,NA,Y,3,0,1,1,A,-,01,23152,A,N,E,I,A,A,H,-,D,D,0,NA,NA,NA,NA,Y,Y,D,22,0,1,0,0,0,0,0,0,0,-,-,NA,NA,SAN DIEGO,SAN MARCOS,-117.17750549316406,33.15509796142578
9470620,2023,2023-10-24,3711,2023-09-29,1428,SD1702,NA,5,5,7,3711,0,0,0,NA,0,623,ULRIC ST,FRIARS RD,263,N,N,A,-,N,NA,NA,NA,NA,NA,NA,NA,NA,NA,Y,3,0,1,2,A,-,08,22107,NA,N,D,C,A,A,H,-,A,A,0,NA,NA,Y,NA,Y,NA,A,01,0,1,0,0,0,0,0,0,1,-,-,NA,NA,SAN DIEGO,SAN DIEGO,-117.16294097900392,32.77088928222656
9470719,2023,2023-10-20,3705,2023-08-21,1823,EC0441,NA,1,5,5,3705,0,0,0,NA,0,001,WEST MAIN ST,RT 8,0,NA,Y,A,-,Y,SD,11,8,-,-,14.734,R,4,E,N,4,0,1,2,A,-,04,21703,NA,N,C,C,A,A,H,-,A,D,0,NA,NA,NA,NA,Y,NA,A,08,0,0,1,0,0,0,0,0,0,-,-,NA,NA,SAN DIEGO,EL CAJON,-116.97682189941406,32.79677963256836
94709481,2025,2025-06-02,9645,2025-05-16,1400,022512,NA,5,2,6,3702,0,1,3,NA,2,008,STATE ROUTE 54 EASTBOUND,REO DRIVE,2333,W,N,A,-,Y,SD,NA,54,NA,NA,2.506,H,NA,R,Y,4,0,1,3,A,-,03,22350,NA,N,C,C,A,A,H,-,A,D,0,NA,NA,NA,NA,Y,NA,D,22,0,0,1,0,0,0,0,0,0,-,-,32.66228103637695,-117.06482696533205,SAN DIEGO,CHULA VISTA,-117.06486511230467,32.66234588623047
94709735,2025,2025-06-02,9680,2025-05-20,1447,023255,NA,2,2,5,3705,0,1,1,NA,2,082,I-8 E/B FROM N 2ND STREET,N 2ND STREET,5,E,N,A,-,Y,SD,NA,8,NA,NA,17.371,H,NA,R,Y,4,0,2,2,A,-,12,21453,A,N,D,C,A,A,H,-,A,A,0,NA,NA,NA,NA,Y,NA,D,22,0,0,2,0,0,0,0,0,0,-,-,32.802711486816406,-116.93560028076172,SAN DIEGO,EL CAJON,-116.93560028076172,32.802955627441406
94712417,2025,2025-06-04,9645,2025-05-14,1720,022196,NA,3,2,7,3711,0,1,3,NA,2,025,SR-15 SOUTHBOUND,BALBOA AVENUE,500,N,N,A,-,Y,SD,NA,15,NA,R,9.546,H,NA,L,N,4,0,1,2,A,-,03,22350,NA,N,B,C,A,A,H,-,A,D,0,NA,NA,Y,NA,Y,NA,C,02,0,0,1,0,0,0,0,0,1,-,-,32.82728958129883,-117.11766052246094,SAN DIEGO,SAN DIEGO,-117.11772918701172,32.82727813720703
94713166,2025,2025-06-04,9645,2025-05-22,740,021617,NA,4,1,7,3711,0,1,1,NA,2,001,I-5 N/B,MILE OF CARS WAY,1160,S,N,A,-,Y,SD,NA,5,NA,NA,9.831,H,NA,R,N,2,0,1,2,A,-,03,22350,NA,N,C,C,A,A,H,-,A,A,0,NA,NA,Y,NA,Y,NA,C,02,1,0,0,0,0,0,0,0,1,-,-,32.65702819824219,-117.10662078857422,SAN DIEGO,SAN DIEGO,-117.10659790039063,32.65703582763672
94713457,2025,2025-06-04,9680,2025-05-23,630,023556,T617,5,1,9,3700,0,2,4,NA,1,013,WILDCAT CANYON ROAD,AKUUNYAA WAY,15,W,N,B,E,N,NA,NA,NA,NA,NA,NA,NA,NA,NA,Y,4,0,2,2,A,-,03,22350,NA,N,C,C,A,A,H,-,A,D,0,NA,NA,NA,NA,Y,NA,A,01,0,0,2,0,0,0,0,0,0,-,-,32.94567108154297,-116.8468780517578,SAN DIEGO,UNINCORPORATED,-116.84681701660156,32.94570541381836
94714474,2025,2025-06-05,9680,2025-05-23,5,023917,NA,5,3,9,3700,0,3,5,NA,2,003,VIEJAS GRADE RD,CONEJOS VALLEY RD,695,E,N,A,-,N,NA,NA,NA,NA,NA,NA,NA,NA,NA,Y,3,0,2,1,A,-,01,23152,A,N,F,A,A,A,H,-,D,D,0,NA,NA,NA,NA,Y,Y,A,07,0,2,0,0,0,0,0,0,0,-,-,32.863948822021484,-116.69241333007813,SAN DIEGO,UNINCORPORATED,-116.69268035888672,32.86384582519531
94716278,2025,2025-06-06,9645,2025-06-01,345,022099,NA,7,3,7,3711,0,1,1,NA,2,011,INTERSTATE 805 S/B,RIO SAN DIEGO ROAD,35,S,N,B,-,Y,SD,NA,805,NA,NA,17.97,H,NA,L,Y,3,0,1,1,A,-,01,23152,A,N,E,8,A,A,H,-,C,D,0,NA,NA,NA,NA,Y,Y,A,08,0,1,0,0,0,0,0,0,0,-,-,32.775779724121094,-117.13511657714844,SAN DIEGO,SAN DIEGO,-117.13492584228516,32.775882720947266