CASE_ID,ACCIDENT_YEAR,PROC_DATE,JURIS,COLLISION_DATE,COLLISION_TIME,OFFICER_ID,REPORTING_DISTRICT,DAY_OF_WEEK,CHP_SHIFT,POPULATION,CNTY_CITY_LOC,SPECIAL_COND,BEAT_TYPE,CHP_BEAT_TYPE,CITY_DIVISION_LAPD,CHP_BEAT_CLASS,BEAT_NUMBER,PRIMARY_RD,SECONDARY_RD,DISTANCE,DIRECTION,INTERSECTION,WEATHER_1,WEATHER_2,STATE_HWY_IND,CALTRANS_COUNTY,CALTRANS_DISTRICT,STATE_ROUTE,ROUTE_SUFFIX,POSTMILE_PREFIX,POSTMILE,LOCATION_TYPE,RAMP_INTERSECTION,SIDE_OF_HWY,TOW_AWAY,COLLISION_SEVERITY,NUMBER_KILLED,NUMBER_INJURED,PARTY_COUNT,PRIMARY_COLL_FACTOR,PCF_CODE_OF_VIOL,PCF_VIOL_CATEGORY,PCF_VIOLATION,PCF_VIOL_SUBSECTION,HIT_AND_RUN,TYPE_OF_COLLISION,MVIW,PED_ACTION,ROAD_SURFACE,ROAD_COND_1,ROAD_COND_2,LIGHTING,CONTROL_DEVICE,CHP_ROAD_TYPE,PEDESTRIAN_ACCIDENT,BICYCLE_ACCIDENT,MOTORCYCLE_ACCIDENT,TRUCK_ACCIDENT,NOT_PRIVATE_PROPERTY,ALCOHOL_INVOLVED,STWD_VEHTYPE_AT_FAULT,CHP_VEHTYPE_AT_FAULT,COUNT_SEVERE_INJ,COUNT_VISIBLE_INJ,COUNT_COMPLAINT_PAIN,COUNT_PED_KILLED,COUNT_PED_INJURED,COUNT_BICYCLIST_KILLED,COUNT_BICYCLIST_INJURED,COUNT_MC_KILLED,COUNT_MC_INJURED,PRIMARY_RAMP,SECONDARY_RAMP,LATITUDE,LONGITUDE,COUNTY,CITY,POINT_X,POINT_Y
9499160,2022,2022-10-21,3711,2022-10-14,0611,SD8447,NA,5,5,7,3711,0,0,0,NA,0,722,KATELLA ST,RAVENA ST,0,NA,Y,A,-,N,NA,NA,NA,NA,NA,NA,NA,NA,NA,N,4,0,1,2,A,-,08,22107,NA,N,D,E,A,A,H,-,A,D,0,NA,NA,NA,NA,Y,NA,A,01,0,0,1,0,0,0,0,0,0,-,-,NA,NA,SAN DIEGO,SAN DIEGO,-117.08022308349608,32.56126022338867
94992637,2025,2025-12-30,9680,2025-07-28,1808,023240,NA,1,2,9,3700,0,1,1,NA,2,082,I-8 EASTBOUND,LAKE JENNINGS PARK RD,3696,W,N,A,-,Y,SD,NA,8,NA,R,21.053,H,NA,R,N,4,0,1,1,A,-,08,22107,NA,N,E,I,A,A,H,-,A,D,0,NA,NA,NA,NA,Y,NA,A,07,0,0,1,0,0,0,0,0,0,-,-,32.83654022216797,-116.89131927490234,SAN DIEGO,UNINCORPORATED,-116.8913803100586,32.836585998535156
94992686,2025,2025-12-31,9650,2025-12-09,800,017952,NA,2,1,9,3700,0,2,4,NA,1,027,VALLEY CENTER RD,LILAC RD,2112,E,N,A,-,N,NA,NA,NA,NA,NA,NA,NA,NA,NA,Y,2,0,1,2,A,-,09,21804,A,N,D,C,A,A,H,-,A,D,0,NA,NA,NA,NA,Y,NA,A,01,1,0,0,0,0,0,0,0,0,-,-,33.22737121582031,-117.03745269775392,SAN DIEGO,UNINCORPORATED,-117.03353118896484,33.217437744140625
94996177,2025,2026-01-02,9645,2025-12-19,1745,024081,NA,5,2,7,3711,0,1,1,NA,2,010,I-8 WESTBOUND TO SR-163 SOUTHBOUND,SR-163 SOUTHBOUND,1373,E,N,A,-,Y,SD,NA,8,NA,NA,2.553,H,NA,L,Y,4,0,4,3,A,-,03,22350,NA,N,C,C,A,A,H,-,C,D,0,NA,NA,NA,NA,Y,NA,A,01,0,0,4,0,0,0,0,0,0,-,-,32.763671875,-117.16168975830078,SAN DIEGO,SAN DIEGO,-117.16161346435548,32.763519287109375
94998776,2025,2026-01-05,9645,2025-12-21,855,024776,NA,7,1,7,3711,0,1,1,NA,2,021,SR-15 NB FROM MAIN ST,I-5,332,S,N,A,-,Y,SD,NA,15,NA,NA,0.48,H,NA,R,N,4,0,1,2,A,-,03,22350,NA,N,C,C,A,A,H,-,A,A,0,NA,NA,NA,NA,Y,NA,A,07,0,0,1,0,0,0,0,0,0,-,-,32.691898345947266,-117.12210083007813,SAN DIEGO,SAN DIEGO,-117.12232208251952,32.6920280456543
9499941,2022,2022-10-04,3711,2022-09-20,1509,SD1704,NA,2,5,7,3711,0,0,0,NA,0,613,CHATSWORTH BL,OLIPHANT ST,0,NA,Y,A,-,N,NA,NA,NA,NA,NA,NA,NA,NA,NA,N,2,0,1,2,A,-,06,21755,A,N,D,C,A,A,H,-,A,D,0,NA,NA,Y,NA,Y,NA,C,02,1,0,0,0,0,0,0,0,1,-,-,NA,NA,SAN DIEGO,SAN DIEGO,-117.23232269287108,32.735313415527344
95002744,2025,2026-01-07,9645,2025-12-26,1955,017499,NA,5,2,7,3711,0,1,3,NA,2,006,SR-94 EASTBOUND,EUCLID AVE.,20,W,N,C,-,Y,SD,NA,94,NA,NA,5.119,H,NA,R,Y,4,0,1,1,A,-,03,22350,NA,N,E,I,A,B,H,-,C,D,0,NA,NA,NA,NA,Y,NA,A,01,0,0,1,0,0,0,0,0,0,-,-,32.717769622802734,-117.08531951904295,SAN DIEGO,SAN DIEGO,-117.08533477783205,32.71785354614258
95003007,2025,2026-01-07,9645,2025-10-30,1600,024812,NA,4,2,7,3711,0,1,1,NA,2,015,I-805 SOUTHBOUND,BALBOA AVENUE,1501,S,N,A,-,Y,SD,NA,805,NA,NA,21.357,H,NA,L,Y,2,0,2,2,A,-,08,22107,NA,F,B,C,A,A,H,-,A,D,0,NA,NA,NA,NA,Y,NA,A,01,1,1,0,0,0,0,0,0,0,-,-,32.81782913208008,-117.16046905517578,SAN DIEGO,SAN DIEGO,-117.1603775024414,32.81787109375
9500383,2022,2022-10-12,3711,2022-09-29,2015,SD1078,NA,4,5,7,3711,0,0,0,NA,0,613,MIDWAY DR,DUKE ST,70,E,N,A,-,N,NA,NA,NA,NA,NA,NA,NA,NA,NA,Y,4,0,2,2,A,-,08,22100,B,N,D,C,A,A,H,-,C,D,0,NA,NA,NA,NA,Y,NA,A,01,0,0,2,0,0,0,0,0,0,-,-,NA,NA,SAN DIEGO,SAN DIEGO,-117.21770477294922,32.75371170043945
9500564,2022,2022-10-07,3710,2022-09-18,0052,OC1519,NA,7,5,6,3710,0,0,0,NA,0,033,COLLEGE BL,MESA DR,0,NA,Y,A,-,N,NA,NA,NA,NA,NA,NA,NA,NA,NA,Y,4,0,1,2,A,-,01,23152,A,N,C,C,A,A,H,-,C,A,0,NA,NA,NA,NA,Y,Y,A,01,0,0,1,0,0,0,0,0,0,-,-,NA,NA,SAN DIEGO,OCEANSIDE,-117.29257965087892,33.2252082824707
95008158,2025,2026-01-12,9650,2025-12-31,2341,023161,NA,3,3,6,3706,0,1,1,NA,2,023,I-15 N/B,ROCK SPRINGS RD,986,S,N,C,-,Y,SD,NA,15,NA,R,31.949,H,NA,R,N,4,0,1,1,A,-,01,23152,A,N,A,I,A,B,H,-,C,D,0,NA,NA,NA,NA,Y,Y,A,01,0,0,1,0,0,0,0,0,0,-,-,33.13317108154297,-117.10517120361328,SAN DIEGO,ESCONDIDO,-117.10504150390624,33.13317108154297
95011662,2025,2026-01-13,9645,2025-12-23,1515,023038,NA,2,2,7,3711,0,1,1,NA,2,010,I-8 W/B,I-805,1954,W,N,B,-,Y,SD,NA,8,NA,NA,3.979,H,NA,L,N,3,0,1,2,A,-,03,22350,NA,N,C,C,A,A,H,-,A,D,0,NA,NA,NA,NA,Y,NA,A,01,0,1,0,0,0,0,0,0,0,-,-,32.77048110961914,-117.1385498046875,SAN DIEGO,SAN DIEGO,-117.13850402832033,32.770347595214844
9502514,2022,2022-09-21,3711,2022-09-05,1614,SD1256,NA,1,5,7,3711,0,0,0,NA,0,435,S MEADOWBROOK DR,MEADOWBROOK PL,0,NA,Y,A,-,N,NA,NA,NA,NA,NA,NA,NA,NA,NA,N,4,0,1,2,A,-,07,21658,A,M,B,C,A,A,H,-,A,D,0,NA,NA,NA,NA,Y,Y,-,NA,0,0,1,0,0,0,0,0,0,-,-,NA,NA,SAN DIEGO,SAN DIEGO,-117.03072357177734,32.70256042480469
95026867,2025,2026-01-23,9680,2025-04-12,220,024143,NA,6,3,9,3700,0,3,5,NA,2,004,SKYLINE TRUCK TRAIL,CASTLE PEAK LANE,485,E,N,A,-,N,NA,NA,NA,NA,NA,NA,NA,NA,NA,Y,1,1,0,1,A,-,01,23152,G,N,F,I,A,A,H,-,D,D,0,NA,NA,NA,NA,Y,Y,A,07,0,0,0,0,0,0,0,0,0,-,-,32.7334098815918,-116.82453918457033,SAN DIEGO,UNINCORPORATED,-116.82461547851563,32.7335090637207
95035885,2025,2026-01-29,9645,2025-12-15,1640,024759,NA,1,2,7,3711,0,1,3,NA,2,023,SR-163 SOUTHBOUND,FRIARS ROAD,1690,N,N,A,-,Y,SD,NA,163,NA,NA,4.698,H,NA,L,N,4,0,1,3,A,-,01,23152,A,N,B,C,A,A,H,-,C,D,0,NA,NA,NA,NA,Y,Y,M,47,0,0,1,0,0,0,0,0,0,-,-,32.776180267333984,-117.16216278076172,SAN DIEGO,SAN DIEGO,-117.16213989257813,32.77618408203125
95035903,2025,2026-01-29,9645,2025-12-12,2355,022676,NA,5,3,7,3711,0,1,3,NA,2,012,SR-52 E/B FROM LA JOLLA PKWY,I-5,195,W,N,E,-,Y,SD,NA,52,NA,NA,0.262,H,NA,R,Y,3,0,1,1,A,-,01,23152,A,N,E,I,A,A,H,-,C,D,0,NA,NA,NA,NA,Y,Y,A,01,0,1,0,0,0,0,0,0,0,-,-,32.837650299072266,-117.2355499267578,SAN DIEGO,SAN DIEGO,-117.2353515625,32.83780288696289
95035941,2025,2026-01-29,9645,2025-12-21,2104,024658,NA,7,2,7,3711,0,1,1,NA,2,005,I-5 S/B,I-8,200,S,N,A,-,Y,SD,NA,5,NA,R,19.962,H,NA,L,N,2,0,1,1,A,-,01,23152,A,N,E,I,A,A,H,-,D,D,0,NA,NA,NA,NA,Y,Y,A,01,1,0,0,0,0,0,0,0,0,-,-,32.757568359375,-117.20348358154295,SAN DIEGO,SAN DIEGO,-117.20359802246094,32.75754165649414
9503771,2022,2022-11-04,3711,2022-09-19,1834,SD1155,NA,1,5,7,3711,0,0,0,NA,0,931,MIRAMAR RD,EASTGATE MALL,0,NA,Y,A,-,N,NA,NA,NA,NA,NA,NA,NA,NA,NA,N,3,0,2,2,A,-,03,22350,NA,N,D,C,A,A,H,-,-,A,0,NA,NA,NA,Y,Y,NA,F,26,0,2,0,0,0,0,0,0,0,-,-,NA,NA,SAN DIEGO,SAN DIEGO,-117.18631744384766,32.87685775756836
9504076,2022,2022-10-20,3711,2022-08-12,1654,SD6000,NA,5,5,7,3711,0,0,0,NA,0,441,1500 SOUTH 47TH ST,PROLONGATION OF THE SB RT-805 OFF RAMP,10,S,N,A,-,Y,SD,11,805,-,-,11.548,R,4,S,Y,1,1,0,1,A,-,07,21658,A,N,E,I,A,A,H,-,A,D,0,NA,NA,NA,NA,Y,NA,A,01,0,0,0,0,0,0,0,0,0,-,-,NA,NA,SAN DIEGO,SAN DIEGO,-117.09508514404295,32.692630767822266
95041008,2025,2026-02-03,9645,2025-12-08,1356,023866,NA,1,1,7,3711,0,3,5,NA,2,024,DOVE CANYON RD SOUTHBOUND,BERNARDO CENTER DRIVE,22,N,N,A,-,N,NA,NA,NA,NA,NA,NA,NA,NA,NA,N,4,0,2,2,A,-,03,22350,NA,N,C,C,A,A,H,-,A,A,0,NA,NA,NA,NA,Y,NA,A,01,0,0,2,0,0,0,0,0,0,-,-,33.002201080322266,-117.10598754882813,SAN DIEGO,SAN DIEGO,-117.10602569580078,33.00202941894531
9504199,2022,2022-09-26,3711,2022-07-03,1630,SD6009,NA,7,5,7,3711,0,0,0,NA,0,121,MISSION BL,MISSION BL 2800,0,NA,N,A,-,N,NA,NA,NA,NA,NA,NA,NA,NA,NA,N,3,0,1,2,A,-,09,21804,A,M,D,B,A,-,-,-,-,D,0,NA,Y,NA,NA,Y,Y,-,NA,0,1,0,0,0,0,1,0,0,-,-,NA,NA,SAN DIEGO,SAN DIEGO,-117.23729705810548,33.25777053833008
95045671,2025,2026-02-09,9645,2025-12-15,1704,023653,NA,1,2,7,3711,0,1,1,NA,2,003,I-5 S/B,WASHINGTON ST.,1531,S,N,A,-,Y,NA,NA,NA,NA,NA,NA,NA,NA,NA,N,2,0,2,2,A,-,03,22350,NA,N,C,C,A,A,H,-,A,D,0,NA,NA,NA,NA,Y,NA,A,01,1,0,1,0,0,0,0,0,0,-,-,32.73823165893555,-117.18013763427734,SAN DIEGO,SAN DIEGO,-117.17881011962892,32.73973083496094
95050939,2025,2026-02-10,9680,2025-11-05,1850,020165,NA,3,2,9,3700,0,1,3,NA,2,016,SR-67 S/B,FLETCHER PARKWAY (UNDERCROSSING),0.3,N,N,B,-,Y,SD,NA,67,NA,R,0.595,H,NA,L,N,3,0,1,4,D,-,00,NA,NA,N,C,C,A,A,H,-,B,D,0,NA,NA,NA,NA,Y,NA,-,-,0,1,0,0,0,0,0,0,0,-,-,32.811668395996094,-116.9621124267578,SAN DIEGO,UNINCORPORATED,-116.96202087402344,32.811668395996094
9506821,2022,2022-10-14,3711,2022-09-27,1632,SD1651,NA,2,5,7,3711,0,0,0,NA,0,627,6TH,UNIVERSITY AV,0,NA,Y,A,-,N,NA,NA,NA,NA,NA,NA,NA,NA,NA,N,3,0,2,2,A,-,12,21453,A,N,D,C,A,A,H,-,A,A,0,NA,NA,NA,NA,Y,NA,A,01,0,1,1,0,0,0,0,0,0,-,-,NA,NA,SAN DIEGO,SAN DIEGO,-117.15953063964844,32.74832534790039
9507276,2022,2022-11-02,3711,2022-10-13,1638,SD7873,NA,4,5,7,3711,0,0,0,NA,0,512,NATIONAL AV,1000 S 31ST STREET,0,NA,N,B,-,N,NA,NA,NA,NA,NA,NA,NA,NA,NA,N,3,0,1,2,A,-,09,21804,A,N,D,C,A,A,H,-,A,D,0,NA,NA,Y,NA,Y,NA,A,01,0,1,0,0,0,0,0,0,1,-,-,NA,NA,SAN DIEGO,SAN DIEGO,-117.12733459472656,32.69597244262695
9507507,2022,2022-10-03,3711,2022-09-24,1518,SD4310,NA,6,5,7,3711,0,0,0,NA,0,621,ULRIC ST,BURROUGHS ST,22,S,N,A,-,N,NA,NA,NA,NA,NA,NA,NA,NA,NA,N,4,0,1,2,A,-,08,22100,A,N,B,C,A,A,G,-,A,A,0,NA,NA,NA,NA,Y,NA,A,07,0,0,1,0,0,0,0,0,0,-,-,NA,NA,SAN DIEGO,SAN DIEGO,-117.16940307617188,32.784122467041016
9507815,2022,2022-10-05,3711,2022-09-27,1527,SD1549,NA,2,5,7,3711,0,0,0,NA,0,611,CUSHING RD,DEWEY RD,16,N,N,A,-,N,NA,NA,NA,NA,NA,NA,NA,NA,NA,Y,3,0,1,1,A,-,12,22450,A,N,E,I,A,A,H,-,A,D,0,NA,NA,NA,NA,Y,NA,A,01,0,1,0,0,0,0,0,0,0,-,-,NA,NA,SAN DIEGO,SAN DIEGO,-117.21176147460938,32.73732376098633
9507818,2022,2022-10-05,3711,2022-09-27,0735,SD8404,NA,2,5,7,3711,0,0,0,NA,0,627,UNIVERSITY AV,7TH AV,0,NA,Y,A,-,N,NA,NA,NA,NA,NA,NA,NA,NA,NA,N,3,0,1,2,A,-,08,22107,NA,N,B,G,A,A,H,-,A,D,0,NA,Y,NA,NA,Y,NA,A,01,0,1,0,0,0,0,1,0,0,-,-,NA,NA,SAN DIEGO,SAN DIEGO,-117.15837097167967,32.748382568359375
9508363,2022,2022-11-04,3711,2022-10-18,1510,SD1752,NA,2,5,7,3711,0,0,0,NA,0,831,EUCLID AV,EL CAJON BL,100,S,N,A,-,N,NA,NA,NA,NA,NA,NA,NA,NA,NA,N,4,0,1,3,A,-,21,22106,NA,N,C,D,A,A,H,-,A,A,0,NA,NA,NA,NA,Y,NA,A,01,0,0,1,0,0,0,0,0,0,-,-,NA,NA,SAN DIEGO,SAN DIEGO,-117.09220886230467,32.755767822265625
9508381,2022,2022-10-27,3711,2022-09-03,0050,SD8404,NA,6,5,7,3711,0,0,0,NA,0,624,WASHINGTON ST,CLEVELAND AV,0,NA,Y,B,-,N,NA,NA,NA,NA,NA,NA,NA,NA,NA,N,3,0,2,2,D,-,00,NA,NA,N,-,C,A,A,H,-,C,A,0,NA,NA,NA,NA,Y,NA,-,-,0,1,1,0,0,0,0,0,0,-,-,NA,NA,SAN DIEGO,SAN DIEGO,-117.14933013916016,32.75222396850586
95084227,2025,2026-03-05,9680,2025-11-04,905,023426,NA,2,1,9,3700,0,2,4,NA,1,026,JAMACHA RD,FURY LANE,0,NA,Y,A,-,N,NA,NA,NA,NA,NA,NA,NA,NA,NA,Y,4,0,1,2,A,-,03,22350,NA,N,C,C,A,A,H,-,A,A,0,NA,NA,Y,NA,Y,NA,C,02,0,0,1,0,0,0,0,0,1,-,-,32.74296951293945,-116.93434143066406,SAN DIEGO,UNINCORPORATED,-116.9343719482422,32.743080139160156
9508866,2022,2022-11-14,3709,2022-10-20,0013,NC0415,NA,4,5,5,3709,0,0,0,NA,0,024,NATIONAL CITY BL,30TH ST,174,S,N,B,-,N,NA,NA,NA,NA,NA,NA,NA,NA,NA,Y,3,0,1,3,A,-,01,23152,A,N,B,E,A,A,H,-,C,D,0,NA,NA,NA,NA,Y,Y,A,07,0,1,0,0,0,0,0,0,0,-,-,NA,NA,SAN DIEGO,NATIONAL CITY,-117.09940338134766,32.656639099121094
9510397,2022,2022-12-28,3711,2022-11-22,1738,SD1741,NA,2,5,7,3711,0,0,0,NA,0,441,IMPERIAL AV,MARKETPLACE AV,0,NA,Y,A,-,N,NA,NA,NA,NA,NA,NA,NA,NA,NA,N,4,0,1,2,A,-,09,21801,A,N,D,C,A,A,H,-,C,D,0,NA,NA,NA,NA,Y,NA,A,01,0,0,1,0,0,0,0,0,0,-,-,NA,NA,SAN DIEGO,SAN DIEGO,-117.0994110107422,32.70412063598633
9510495,2022,2023-01-27,3711,2022-12-08,1729,SD1041,NA,4,5,7,3711,0,0,0,NA,0,243,MIRAMAR RD,CARROLL RD,0,NA,Y,A,-,N,NA,NA,NA,NA,NA,NA,NA,NA,NA,Y,4,0,1,2,B,-,22,NA,NA,N,D,C,A,A,H,-,B,D,0,NA,NA,NA,NA,Y,NA,A,01,0,0,1,0,0,0,0,0,0,-,-,NA,NA,SAN DIEGO,SAN DIEGO,-117.15619659423828,32.88200378417969
9510498,2022,2023-01-27,3711,2022-12-08,1526,SD1611,NA,4,5,7,3711,0,0,0,NA,0,313,CONVOY ST,OTHELLO AV,9,N,N,A,-,N,NA,NA,NA,NA,NA,NA,NA,NA,NA,N,4,0,1,2,A,-,10,21950,A,N,G,B,B,A,H,-,A,A,0,Y,NA,NA,NA,Y,NA,A,01,0,0,1,0,1,0,0,0,0,-,-,NA,NA,SAN DIEGO,SAN DIEGO,-117.15476989746094,32.81716537475586
9511220,2022,2023-02-01,3711,2022-12-22,0730,SD7194,NA,4,5,7,3711,0,0,0,NA,0,115,CAMPUS POINT DR,GENESSE AV,0,NA,Y,A,-,N,NA,NA,NA,NA,NA,NA,NA,NA,NA,N,2,0,1,2,A,-,10,21950,A,N,G,B,B,A,H,-,A,A,0,Y,NA,NA,NA,Y,NA,A,01,1,0,0,0,1,0,0,0,0,-,-,NA,NA,SAN DIEGO,SAN DIEGO,-117.22029113769533,32.882049560546875
9511438,2022,2022-12-22,3710,2022-09-02,1555,OC1201,NA,5,5,6,3710,0,0,0,NA,0,030,OCEANSIDE BL,TEMPLE HEIGHTS,424,W,N,A,-,N,NA,NA,NA,NA,NA,NA,NA,NA,NA,N,4,0,1,2,A,-,05,21650,NA,N,D,G,A,A,H,-,A,A,0,NA,Y,NA,NA,Y,NA,L,04,0,0,1,0,0,0,1,0,0,-,-,NA,NA,SAN DIEGO,OCEANSIDE,-117.27161407470705,33.215904235839844
9514133,2023,2023-02-27,3710,2023-01-28,2322,OC1284,NA,6,5,6,3710,0,0,0,NA,0,006,NORTH COAST HWY,RT 76,0,NA,Y,A,-,N,NA,NA,NA,NA,NA,NA,NA,NA,NA,Y,4,0,1,2,A,-,01,23153,A,N,A,C,A,A,H,-,C,A,0,NA,NA,NA,NA,Y,Y,A,01,0,0,1,0,0,0,0,0,0,-,-,NA,NA,SAN DIEGO,OCEANSIDE,-117.38420104980467,33.201637268066406
9514980,2023,2024-02-13,3711,2023-08-18,1100,SD5498,NA,5,5,7,3711,0,0,0,NA,0,321,FRIARS RD,RANCHO MISSION RD,75,E,N,A,-,N,NA,NA,NA,NA,NA,NA,NA,NA,NA,N,3,0,1,1,A,-,05,21650,NA,N,F,J,A,A,G,-,A,D,0,NA,Y,NA,NA,Y,NA,L,04,0,1,0,0,0,0,1,0,0,-,-,NA,NA,SAN DIEGO,SAN DIEGO,-117.10853576660156,32.78944396972656
9515045,2024,2024-03-12,3711,2024-01-12,1810,SD1704,NA,5,5,7,3711,0,0,0,NA,0,327,MONTEZUMA RD,RESERVOIR DR,0,NA,Y,A,-,N,NA,NA,NA,NA,NA,NA,NA,NA,NA,Y,4,0,1,2,A,-,03,22350,NA,N,C,C,A,A,H,-,C,D,0,NA,NA,NA,NA,Y,NA,A,01,0,0,1,0,0,0,0,0,0,-,-,NA,NA,SAN DIEGO,SAN DIEGO,-117.0565185546875,32.76900863647461
9515050,2024,2024-03-11,3711,2024-01-05,1030,SD6969,NA,5,5,7,3711,0,0,0,NA,0,931,SORRENTO VALLEY PARKWAY,VISTA SORRENTO PKWY,0,NA,Y,A,-,N,NA,NA,NA,NA,NA,NA,NA,NA,NA,Y,3,0,2,2,A,-,12,21453,A,N,D,C,A,A,H,-,A,A,0,NA,NA,NA,NA,Y,NA,A,01,0,1,1,0,0,0,0,0,0,-,-,NA,NA,SAN DIEGO,SAN DIEGO,-117.2213897705078,32.902469635009766
9515705,2022,2022-12-20,3711,2022-11-16,1515,SD1590,NA,3,5,7,3711,0,0,0,NA,0,122,DONALDSON DR,GARNET AV,0,NA,Y,A,-,N,NA,NA,NA,NA,NA,NA,NA,NA,NA,N,3,0,1,2,A,-,05,21650,1,N,D,G,A,A,H,-,A,D,0,NA,Y,NA,NA,Y,NA,-,NA,0,1,0,0,0,0,1,0,0,-,-,NA,NA,SAN DIEGO,SAN DIEGO,-117.22620391845705,32.803306579589844
9515710,2022,2022-12-22,3711,2022-11-15,1717,SD7639,NA,2,5,7,3711,0,0,0,NA,0,438,ALLEGHANY ST,RACHAEL AV,240,E,N,A,-,N,NA,NA,NA,NA,NA,NA,NA,NA,NA,N,3,0,1,2,A,-,11,21954,A,N,G,B,D,A,H,-,C,D,0,Y,NA,NA,NA,Y,NA,N,60,0,1,0,0,1,0,0,0,0,-,-,NA,NA,SAN DIEGO,SAN DIEGO,-117.07074737548828,32.678321838378906
9515829,2022,2023-01-17,3711,2022-11-06,0830,SD1756,NA,7,5,7,3711,0,0,0,NA,0,931,MIRAMAR RD,COMMERCE AV,0,NA,Y,A,F,N,NA,NA,NA,NA,NA,NA,NA,NA,NA,Y,4,0,1,2,A,-,12,21453,A,N,D,C,A,A,H,-,A,A,0,NA,NA,NA,NA,Y,NA,-,NA,0,0,1,0,0,0,0,0,0,-,-,NA,NA,SAN DIEGO,SAN DIEGO,-117.16831207275392,32.87824249267578
9516689,2022,2022-12-13,3702,2022-10-16,1530,CV1391,NA,7,5,6,3702,0,0,0,NA,0,024,4TH AV,ANITA ST,0,NA,Y,A,-,N,NA,NA,NA,NA,NA,NA,NA,NA,NA,Y,3,0,3,2,A,-,12,21453,A,N,D,C,A,A,H,-,A,A,0,NA,NA,NA,NA,Y,NA,A,01,0,1,2,0,0,0,0,0,0,-,-,NA,NA,SAN DIEGO,CHULA VISTA,-117.0690689086914,32.59845733642578
9519130,2022,2023-02-13,3705,2022-12-09,1117,EC0407,NA,5,5,5,3705,0,0,0,NA,0,002,N MOLLISON AV,RT 8 EAST,165,S,N,A,-,N,NA,NA,NA,NA,NA,NA,NA,NA,NA,Y,4,0,3,2,A,-,09,21801,A,N,D,C,A,A,H,-,A,D,0,NA,NA,NA,NA,Y,NA,A,01,0,0,3,0,0,0,0,0,0,-,-,NA,NA,SAN DIEGO,EL CAJON,-116.9509735107422,32.80268096923828
9519629,2023,2023-02-17,3710,2023-01-22,1550,OC1533,NA,7,5,6,3710,0,0,0,NA,0,020,NORTH RIVER RD,HOLLY LN,5,W,N,A,-,N,NA,NA,NA,NA,NA,NA,NA,NA,NA,Y,2,0,1,2,A,-,03,22350,NA,F,D,C,A,A,H,-,A,A,0,NA,NA,Y,NA,Y,Y,-,99,1,0,0,0,0,0,0,0,1,-,-,NA,NA,SAN DIEGO,OCEANSIDE,-117.2451400756836,33.263519287109375
9519673,2023,2023-02-21,3711,2023-01-25,823,SD5654,NA,3,5,7,3711,0,0,0,NA,0,624,MEADE AV,ALABAMA ST,42,W,N,A,-,N,NA,NA,NA,NA,NA,NA,NA,NA,NA,N,3,0,1,2,A,-,03,22350,NA,N,D,B,B,A,H,-,A,D,0,Y,NA,NA,NA,Y,NA,A,01,0,1,0,0,1,0,0,0,0,-,-,NA,NA,SAN DIEGO,SAN DIEGO,-117.14268493652344,32.75722885131836
9519975,2022,2023-02-13,3710,2022-11-17,0822,OC1531,NA,4,5,6,3710,0,0,0,NA,0,016,MISSION AV,DOUGLAS DR,221,E,N,A,-,N,NA,NA,NA,NA,NA,NA,NA,NA,NA,N,4,0,1,2,A,-,03,22350,NA,N,C,C,A,A,H,-,A,A,0,NA,NA,NA,NA,Y,NA,A,01,0,0,1,0,0,0,0,0,0,-,-,NA,NA,SAN DIEGO,OCEANSIDE,-117.32537078857422,33.228004455566406
9520355,2022,2023-02-02,3700,2022-09-20,0915,SH2659,NA,2,5,5,3712,0,0,0,NA,0,359,WEST SAN MARCOS BL,VIA VERA CRUZ,15,E,N,A,-,N,NA,NA,NA,NA,NA,NA,NA,NA,NA,Y,1,1,0,2,A,-,08,22107,NA,N,D,G,A,A,D,-,A,A,0,NA,Y,NA,NA,Y,NA,A,01,0,0,0,0,0,1,0,0,0,-,-,NA,NA,SAN DIEGO,SAN MARCOS,-117.18791961669922,33.13486099243164
9523025,2022,2023-01-18,3711,2022-12-06,1800,SD1664,NA,2,5,7,3711,0,0,0,NA,0,934,VALLEY CENTRE DR,KILROY DRWY,270,W,N,A,-,N,NA,NA,NA,NA,NA,NA,NA,NA,NA,N,4,0,1,2,A,-,17,21208,B,M,D,G,A,A,H,-,C,D,0,NA,Y,NA,NA,Y,NA,L,04,0,0,1,0,0,0,1,0,0,-,-,NA,NA,SAN DIEGO,SAN DIEGO,-117.23242950439452,32.93764114379883
9523031,2022,2023-01-18,3711,2022-12-11,1810,SD7380,NA,7,5,7,3711,0,0,0,NA,0,832,ORANGE AV,VAN DYKE AV,170,E,N,B,C,N,NA,NA,NA,NA,NA,NA,NA,NA,NA,N,4,0,1,2,A,-,11,21950,B,F,D,B,D,B,H,-,C,D,0,Y,NA,NA,NA,Y,NA,N,60,0,0,1,0,1,0,0,0,0,-,-,NA,NA,SAN DIEGO,SAN DIEGO,-117.10263061523438,32.753173828125
9523053,2022,2023-01-30,3711,2022-12-08,2314,SD1196,NA,4,5,7,3711,0,0,0,NA,0,529,B ST,7TH AV,0,NA,Y,-,-,N,NA,NA,NA,NA,NA,NA,NA,NA,NA,N,4,0,1,2,D,-,00,NA,NA,M,G,B,E,-,-,-,A,D,0,Y,NA,NA,NA,Y,NA,-,-,0,0,1,0,1,0,0,0,0,-,-,NA,NA,SAN DIEGO,SAN DIEGO,-117.1583251953125,32.71780014038086