CASE_ID,ACCIDENT_YEAR,PROC_DATE,JURIS,COLLISION_DATE,COLLISION_TIME,OFFICER_ID,REPORTING_DISTRICT,DAY_OF_WEEK,CHP_SHIFT,POPULATION,CNTY_CITY_LOC,SPECIAL_COND,BEAT_TYPE,CHP_BEAT_TYPE,CITY_DIVISION_LAPD,CHP_BEAT_CLASS,BEAT_NUMBER,PRIMARY_RD,SECONDARY_RD,DISTANCE,DIRECTION,INTERSECTION,WEATHER_1,WEATHER_2,STATE_HWY_IND,CALTRANS_COUNTY,CALTRANS_DISTRICT,STATE_ROUTE,ROUTE_SUFFIX,POSTMILE_PREFIX,POSTMILE,LOCATION_TYPE,RAMP_INTERSECTION,SIDE_OF_HWY,TOW_AWAY,COLLISION_SEVERITY,NUMBER_KILLED,NUMBER_INJURED,PARTY_COUNT,PRIMARY_COLL_FACTOR,PCF_CODE_OF_VIOL,PCF_VIOL_CATEGORY,PCF_VIOLATION,PCF_VIOL_SUBSECTION,HIT_AND_RUN,TYPE_OF_COLLISION,MVIW,PED_ACTION,ROAD_SURFACE,ROAD_COND_1,ROAD_COND_2,LIGHTING,CONTROL_DEVICE,CHP_ROAD_TYPE,PEDESTRIAN_ACCIDENT,BICYCLE_ACCIDENT,MOTORCYCLE_ACCIDENT,TRUCK_ACCIDENT,NOT_PRIVATE_PROPERTY,ALCOHOL_INVOLVED,STWD_VEHTYPE_AT_FAULT,CHP_VEHTYPE_AT_FAULT,COUNT_SEVERE_INJ,COUNT_VISIBLE_INJ,COUNT_COMPLAINT_PAIN,COUNT_PED_KILLED,COUNT_PED_INJURED,COUNT_BICYCLIST_KILLED,COUNT_BICYCLIST_INJURED,COUNT_MC_KILLED,COUNT_MC_INJURED,PRIMARY_RAMP,SECONDARY_RAMP,LATITUDE,LONGITUDE,COUNTY,CITY,POINT_X,POINT_Y
9651517,2023,2024-03-07,3711,2023-12-16,1513,SD1530,NA,6,5,7,3711,0,0,0,NA,0,124,NAUTILUS ST,VIA VALVERDE,500,E,N,A,-,N,NA,NA,NA,NA,NA,NA,NA,NA,NA,Y,3,0,1,1,C,-,18,NA,NA,N,E,J,A,A,G,-,A,D,0,NA,NA,NA,NA,Y,NA,-,-,0,1,0,0,0,0,0,0,0,-,-,NA,NA,SAN DIEGO,SAN DIEGO,-117.25894165039063,32.832218170166016
9651559,2023,2024-01-22,3702,2023-11-03,240,CV1315,NA,5,5,6,3702,0,0,0,NA,0,024,SEQUOIA ST,BRANDYWINE AV,100,W,N,A,-,N,NA,NA,NA,NA,NA,NA,NA,NA,NA,Y,3,0,1,2,A,-,03,22350,NA,N,C,E,A,A,H,-,A,D,0,NA,NA,NA,NA,Y,NA,A,01,0,1,0,0,0,0,0,0,0,-,-,NA,NA,SAN DIEGO,CHULA VISTA,-117.02965545654295,32.601993560791016
9652128,2023,2024-01-30,3705,2023-11-13,1623,EC0447,NA,1,5,5,3705,0,0,0,NA,0,004,S SUNSHINE AV,CHASE AV,712,N,N,A,-,N,NA,NA,NA,NA,NA,NA,NA,NA,NA,N,4,0,1,2,A,-,09,21804,A,N,B,C,A,A,H,-,B,D,0,NA,NA,NA,NA,Y,NA,A,01,0,0,1,0,0,0,0,0,0,-,-,NA,NA,SAN DIEGO,EL CAJON,-116.9645767211914,32.7823486328125
9653453,2023,2024-02-23,3711,2023-12-21,15,SD8672,NA,4,5,7,3711,0,0,0,NA,0,621,LINDA VISTA RD,WHEATLEY ST,569,N,N,A,-,N,NA,NA,NA,NA,NA,NA,NA,NA,NA,Y,3,0,1,1,A,-,08,22107,NA,N,E,I,A,A,H,-,C,D,0,NA,NA,NA,NA,Y,Y,A,01,0,1,0,0,0,0,0,0,0,-,-,NA,NA,SAN DIEGO,SAN DIEGO,-117.161865234375,32.795921325683594
9654225,2024,2024-01-31,3711,2024-01-09,1904,SD1546,NA,2,5,7,3711,0,0,0,NA,0,122,GARNET AVE,NOYES ST,0,NA,Y,A,-,N,NA,NA,NA,NA,NA,NA,NA,NA,NA,Y,4,0,2,2,A,-,09,21802,B,N,D,C,A,-,H,-,D,D,0,NA,NA,NA,NA,Y,NA,A,07,0,0,2,0,0,0,0,0,0,-,-,NA,NA,SAN DIEGO,SAN DIEGO,-117.231689453125,32.801815032958984
9654365,2023,2024-01-09,3705,2023-10-24,810,EC0371,NA,2,5,5,3705,0,0,0,NA,0,002,N 1ST ST,PEACH AV,0,NA,Y,A,-,N,NA,NA,NA,NA,NA,NA,NA,NA,NA,Y,4,0,2,2,A,-,12,22450,A,N,D,C,A,A,H,-,A,A,0,NA,NA,NA,NA,Y,NA,A,08,0,0,2,0,0,0,0,0,0,-,-,NA,NA,SAN DIEGO,EL CAJON,-116.9446029663086,32.80637741088867
9654917,2024,2024-07-24,3711,2024-01-01,2031,SD1903,NA,1,5,7,3711,0,0,0,NA,0,442,NATIONAL AV,S 35TH ST,15,S,N,A,-,N,NA,NA,NA,NA,NA,NA,NA,NA,NA,N,3,0,1,2,A,-,10,21950,A,N,H,G,A,A,H,-,C,A,0,NA,Y,NA,NA,Y,NA,A,01,0,1,0,0,0,0,1,0,0,-,-,NA,NA,SAN DIEGO,SAN DIEGO,-117.11888885498048,32.69599914550781
9654931,2024,2024-03-29,3711,2024-01-01,518,SD1772,NA,1,5,7,3711,0,0,0,NA,0,521,11TH ST,G ST,0,NA,Y,A,-,N,NA,NA,NA,NA,NA,NA,NA,NA,NA,N,4,0,1,2,A,-,05,21651,B,N,A,C,A,A,H,-,B,A,0,NA,NA,NA,NA,Y,NA,A,01,0,0,1,0,0,0,0,0,0,-,-,NA,NA,SAN DIEGO,SAN DIEGO,-117.15469360351563,32.71259689331055
9655731,2023,2024-03-01,3700,2023-12-25,1444,SH3319,NA,1,5,5,3712,0,0,0,NA,0,350,TWIN OAKS VALLEY RD,RT 78,57,N,N,A,-,Y,SD,11,78,-,-,12.788,R,4,E,Y,4,0,3,2,A,-,03,22350,NA,N,C,C,A,A,H,-,A,A,0,NA,NA,NA,NA,Y,NA,A,01,0,0,3,0,0,0,0,0,0,-,EF,NA,NA,SAN DIEGO,SAN MARCOS,-117.16584777832033,33.13692092895508
9656020,2023,2024-01-10,3703,2023-12-05,1125,1270,3,2,5,3,3703,0,0,0,NA,0,003,SILVER STRAND BL,FIDDLERS COVE 3200,1863,S,N,A,-,Y,SD,11,75,-,-,15.67,H,-,N,N,4,0,1,1,A,-,03,22350,NA,N,H,C,A,A,H,-,A,D,0,NA,NA,Y,NA,Y,NA,C,03,0,0,1,0,0,0,0,0,1,-,-,32.663841247558594,-117.1586685180664,SAN DIEGO,CORONADO,-117.1481704711914,32.6478271484375
9656130,2023,2024-02-13,3711,2023-12-11,1130,SD1664,NA,1,5,7,3711,0,0,0,NA,0,931,PACIFIC CENTER BL,PACIFIC HEIGHTS BL,240,E,N,A,-,N,NA,NA,NA,NA,NA,NA,NA,NA,NA,Y,4,0,1,2,A,-,09,21804,NA,N,D,C,A,A,H,-,A,D,0,NA,NA,NA,NA,Y,NA,A,01,0,0,1,0,0,0,0,0,0,-,-,NA,NA,SAN DIEGO,SAN DIEGO,-117.19422149658205,32.90407943725586
9656142,2023,2024-01-31,3710,2023-12-10,1945,OC1543,NA,7,5,6,3710,0,0,0,NA,0,006,COAST HWY,RT 76,118,N,N,A,-,N,NA,NA,NA,NA,NA,NA,NA,NA,NA,Y,4,0,1,2,A,-,03,22350,NA,N,C,C,A,A,H,-,C,A,0,NA,NA,NA,NA,Y,NA,A,01,0,0,1,0,0,0,0,0,0,-,-,NA,NA,SAN DIEGO,OCEANSIDE,-117.3842544555664,33.201961517333984
9656262,2023,2024-02-21,3700,2023-11-17,1726,SH4262,NA,5,5,5,3712,0,0,0,NA,0,355,RANCHO SANTA FE RD,RT 78,0,NA,Y,B,-,Y,SD,11,78,-,-,10.451,R,4,E,N,4,0,1,2,A,-,05,21650,1,N,D,G,A,A,H,-,C,A,0,NA,Y,NA,NA,Y,NA,L,04,0,0,1,0,0,0,1,0,0,-,EF,NA,NA,SAN DIEGO,SAN MARCOS,-117.20025634765624,33.15166473388672
9656775,2024,2024-03-18,3711,2024-01-08,1330,SD5939,NA,1,5,7,3711,0,0,0,NA,0,613,MIDWAY DR,MIDWAY DR 3600,0,NA,Y,A,-,N,NA,NA,NA,NA,NA,NA,NA,NA,NA,Y,3,0,1,2,A,-,09,21804,A,N,D,C,A,A,H,-,A,D,0,NA,NA,NA,Y,Y,NA,F,26,0,1,0,0,0,0,0,0,0,-,-,NA,NA,SAN DIEGO,SAN DIEGO,-117.04972076416016,33.13434600830078
9658137,2024,2024-03-30,3711,2024-01-19,1529,SD1155,NA,5,5,7,3711,0,0,0,NA,0,937,CAMINO DEL SUR,GARRETSON RD,0,NA,Y,A,-,N,NA,NA,NA,NA,NA,NA,NA,NA,NA,N,3,0,1,2,A,-,03,22350,NA,M,D,G,A,A,H,-,A,A,0,NA,Y,NA,NA,Y,NA,-,NA,0,1,0,0,0,0,1,0,0,-,-,NA,NA,SAN DIEGO,SAN DIEGO,-117.1265106201172,33.021610260009766
9658169,2024,2024-03-04,3711,2024-01-25,605,SD1709,NA,4,5,7,3711,0,0,0,NA,0,823,58TH ST,UNIVERSITY AV,174,S,N,A,-,N,NA,NA,NA,NA,NA,NA,NA,NA,NA,N,4,0,1,2,A,-,10,21950,A,M,G,B,C,A,H,-,C,D,0,Y,NA,NA,NA,Y,NA,-,99,0,0,1,0,1,0,0,0,0,-,-,NA,NA,SAN DIEGO,SAN DIEGO,-117.0724868774414,32.7487907409668
9658177,2024,2024-03-08,3711,2024-01-25,819,SD1958,NA,4,5,7,3711,0,0,0,NA,0,826,TROJAN AV,WINONA AV,0,NA,Y,A,-,N,NA,NA,NA,NA,NA,NA,NA,NA,NA,Y,4,0,1,2,A,-,09,21804,A,N,D,C,A,A,H,-,A,D,0,NA,NA,NA,NA,Y,NA,A,01,0,0,1,0,0,0,0,0,0,-,-,NA,NA,SAN DIEGO,SAN DIEGO,-117.08792114257813,32.75492477416992
9659367,2024,2024-03-07,3705,2024-01-11,1551,EC0279,NA,4,5,5,3705,0,0,0,NA,0,001,CUYAMACA ST,FRIENDSHIP DR,0,NA,Y,A,-,N,NA,NA,NA,NA,NA,NA,NA,NA,NA,Y,3,0,1,2,A,-,09,21802,A,N,D,C,A,A,H,-,A,A,0,NA,NA,NA,NA,Y,NA,A,08,0,1,0,0,0,0,0,0,0,-,-,NA,NA,SAN DIEGO,EL CAJON,-116.98220825195313,32.82427978515625
9659373,2024,2024-03-07,3700,2024-01-19,1601,SH0817,NA,5,5,5,3712,0,0,0,NA,0,357,MISSION RD,WOODLAND PKWY,575,W,N,A,-,N,NA,NA,NA,NA,NA,NA,NA,NA,NA,N,4,0,2,2,A,-,03,22350,NA,N,C,C,A,A,H,-,A,A,0,NA,NA,NA,NA,Y,NA,A,01,0,0,2,0,0,0,0,0,0,-,-,NA,NA,SAN DIEGO,SAN MARCOS,-117.14070892333984,33.142398834228516
9660703,2023,2024-02-26,3710,2023-12-13,1503,OC1504,NA,3,5,6,3710,0,0,0,NA,0,028,COLLEGE BL,AVENIDA DE LA PLATA,22,S,N,A,-,N,NA,NA,NA,NA,NA,NA,NA,NA,NA,N,3,0,1,2,A,-,09,21453,B,N,F,C,A,A,H,-,A,A,0,NA,NA,Y,NA,Y,NA,A,01,0,1,0,0,0,0,0,0,1,-,-,NA,NA,SAN DIEGO,OCEANSIDE,-117.28681182861328,33.212955474853516
9661776,2024,2024-05-01,3702,2024-03-11,820,CV1254,NA,1,5,6,3702,0,0,0,NA,0,023,EAST ORANGE AV,RT 805,88,E,N,A,-,N,NA,NA,NA,NA,NA,NA,NA,NA,NA,Y,3,0,3,3,A,-,03,22350,NA,N,C,C,A,A,H,-,A,A,0,NA,NA,NA,NA,Y,NA,A,07,0,1,2,0,0,0,0,0,0,-,TO,NA,NA,SAN DIEGO,CHULA VISTA,-117.03639221191406,32.605831146240234
9661805,2024,2024-03-15,3710,2024-02-18,1434,OC1311,NA,7,5,6,3710,0,0,0,NA,0,032,RT 76,RANCHO DEL ORO,0,NA,Y,A,-,Y,SD,11,76,-,R,4.211,I,6,E,N,4,0,1,2,A,-,09,21453,B,N,A,B,B,A,H,-,A,A,0,Y,NA,NA,NA,Y,NA,A,07,0,0,1,0,1,0,0,0,0,-,-,NA,NA,SAN DIEGO,OCEANSIDE,-117.31830596923828,33.227787017822266
9662416,2024,2024-04-03,3711,2024-01-27,2348,SD7450,NA,6,5,7,3711,0,0,0,NA,0,529,6TH AV,QUINCE DR,0,NA,Y,A,-,N,NA,NA,NA,NA,NA,NA,NA,NA,NA,N,4,0,3,2,A,-,-,NA,NA,N,D,C,A,A,H,-,C,A,0,NA,NA,NA,NA,Y,NA,A,01,0,0,3,0,0,0,0,0,0,-,-,NA,NA,SAN DIEGO,SAN DIEGO,-117.15940856933594,32.73661804199219
9664348,2024,2024-03-15,3705,2024-01-25,919,EC0431,NA,4,5,5,3705,0,0,0,NA,0,004,EAST MAIN ST,N 1ST ST,0,NA,Y,A,-,N,NA,NA,NA,NA,NA,NA,NA,NA,NA,Y,4,0,2,2,A,-,12,21453,NA,N,D,C,A,A,H,-,A,D,0,NA,NA,NA,NA,Y,NA,A,01,0,0,2,0,0,0,0,0,0,-,-,NA,NA,SAN DIEGO,EL CAJON,-116.9446029663086,32.79493713378906
9664583,2024,2024-04-25,3700,2024-02-12,1810,SH3606,NA,1,5,5,3712,0,0,0,NA,0,350,TIGER WY,SAN MARCOS BL,12,N,N,A,-,N,NA,NA,NA,NA,NA,NA,NA,NA,NA,N,4,0,1,2,A,-,11,21950,B,N,G,B,B,A,H,-,C,A,0,Y,NA,NA,NA,Y,Y,N,60,0,0,1,0,1,0,0,0,0,-,-,NA,NA,SAN DIEGO,SAN MARCOS,-117.1672134399414,33.14044189453125
9665699,2024,2024-05-28,3711,2024-03-13,859,SD8503,NA,3,5,7,3711,0,0,0,NA,0,526,4TH AV,CEDAR ST,8,N,N,A,-,N,NA,NA,NA,NA,NA,NA,NA,NA,NA,Y,4,0,2,2,A,-,12,21453,A,N,D,C,A,A,H,-,A,A,0,NA,NA,NA,NA,Y,Y,A,01,0,0,2,0,0,0,0,0,0,-,-,NA,NA,SAN DIEGO,SAN DIEGO,-117.1611099243164,32.72199249267578
9665719,2024,2024-05-23,3711,2024-03-13,1845,SD1907,NA,3,5,7,3711,0,0,0,NA,0,233,OVIEDO ST,BLACK MOUNTAIN RD,697,E,N,A,-,N,NA,NA,NA,NA,NA,NA,NA,NA,NA,N,4,0,1,2,A,-,09,21801,A,N,D,B,A,A,H,-,A,D,0,NA,NA,NA,NA,Y,NA,A,01,0,0,1,0,0,0,0,0,0,-,-,NA,NA,SAN DIEGO,SAN DIEGO,-117.1271743774414,32.96909713745117
9665720,2024,2024-05-21,3711,2024-03-09,411,SD1762,NA,6,5,7,3711,0,0,0,NA,0,437,MANZANA WY,MANZANA WY 2206,0,NA,Y,A,-,N,NA,NA,NA,NA,NA,NA,NA,NA,NA,N,4,0,1,2,A,-,08,22107,NA,N,F,E,A,A,H,-,C,D,0,NA,NA,NA,NA,Y,NA,A,01,0,0,1,0,0,0,0,0,0,-,-,NA,NA,SAN DIEGO,SAN DIEGO,NA,NA
9667029,2024,2024-03-12,3702,2024-01-30,915,CV1303,NA,2,5,6,3702,0,0,0,NA,0,021,INDUSTRIAL BL,L ST,169,S,N,A,-,N,NA,NA,NA,NA,NA,NA,NA,NA,NA,Y,3,0,2,2,A,-,05,21651,A,N,D,C,A,A,H,-,A,D,0,NA,NA,NA,NA,Y,NA,A,01,0,1,1,0,0,0,0,0,0,-,-,NA,NA,SAN DIEGO,CHULA VISTA,-117.08997344970705,32.615028381347656
9667035,2024,2024-03-11,3702,2024-01-24,1103,CV1303,NA,3,5,6,3702,0,0,0,NA,0,021,MAIN ST,JACQUA ST,30,W,N,A,-,N,NA,NA,NA,NA,NA,NA,NA,NA,NA,Y,4,0,2,3,A,-,08,22107,NA,N,D,C,A,A,H,-,A,D,0,NA,NA,NA,NA,Y,NA,A,01,0,0,2,0,0,0,0,0,0,-,-,NA,NA,SAN DIEGO,CHULA VISTA,-117.08039855957033,32.594810485839844
9667134,2024,2024-07-25,3702,2024-01-21,1756,CV1491,NA,7,5,6,3702,0,0,0,NA,0,021,NAPLES ST,MADISON AV,25,W,N,B,-,N,NA,NA,NA,NA,NA,NA,NA,NA,NA,N,3,0,1,2,A,-,12,22450,A,F,H,G,A,B,H,-,D,D,0,NA,Y,NA,NA,Y,Y,A,01,0,1,0,0,0,0,1,0,0,-,-,NA,NA,SAN DIEGO,CHULA VISTA,-117.08246612548828,32.609920501708984
9667305,2024,2024-05-03,3711,2024-02-10,2335,SD8861,NA,6,5,7,3711,0,0,0,NA,0,521,G ST,9TH AV,84,E,N,A,-,N,NA,NA,NA,NA,NA,NA,NA,NA,NA,Y,3,0,1,3,A,-,08,22107,NA,N,B,E,A,A,H,-,C,D,0,NA,NA,NA,NA,Y,Y,A,01,0,1,0,0,0,0,0,0,0,-,-,NA,NA,SAN DIEGO,SAN DIEGO,-117.15621948242188,32.712589263916016
9667316,2024,2024-05-02,3711,2024-02-09,2315,SD7643,NA,5,5,7,3711,0,0,0,NA,0,323,MADRA AV,DWANE AV,131,S,N,B,-,N,NA,NA,NA,NA,NA,NA,NA,NA,NA,Y,3,0,1,2,A,-,07,21658,A,N,C,E,A,B,H,-,C,D,0,NA,NA,NA,NA,Y,Y,A,01,0,1,0,0,0,0,0,0,0,-,-,NA,NA,SAN DIEGO,SAN DIEGO,-117.05421447753906,32.78584671020508
9667548,2024,2024-02-29,3711,2024-01-28,2014,SD7839,NA,7,5,7,3711,0,0,0,NA,0,451,54TH ST,PIROTTE DR,126,N,N,A,-,N,NA,NA,NA,NA,NA,NA,NA,NA,NA,Y,2,0,1,1,A,-,03,22350,NA,N,E,I,A,A,H,-,D,D,0,NA,NA,Y,NA,Y,NA,C,02,1,0,0,0,0,0,0,0,1,-,-,NA,NA,SAN DIEGO,SAN DIEGO,-117.0805206298828,32.72883987426758
9667576,2024,2024-04-15,3703,2024-02-12,859,1326,1,1,5,3,3703,0,0,0,NA,0,001,E AV,3RD ST,102,S,N,A,-,N,NA,NA,NA,NA,NA,NA,NA,NA,NA,N,4,0,1,1,A,-,01,23152,NA,N,E,I,A,A,H,-,A,D,0,NA,NA,NA,NA,Y,Y,A,81,0,0,1,0,0,0,0,0,0,-,-,32.69649124145508,-117.17620849609376,SAN DIEGO,CORONADO,-117.17643737792967,32.69660949707031
9667780,2023,2024-03-05,3711,2023-12-30,2245,SD7454,NA,6,5,7,3711,0,0,0,NA,0,523,J ST,5TH AV,32,E,N,F,-,N,NA,NA,NA,NA,NA,NA,NA,NA,NA,N,3,0,1,2,D,-,00,NA,NA,N,B,G,A,A,-,-,C,-,0,NA,Y,NA,NA,Y,NA,-,-,0,1,0,0,0,0,1,0,0,-,-,NA,NA,SAN DIEGO,SAN DIEGO,-117.16001892089844,32.709407806396484
9667861,2024,2024-05-01,3711,2024-02-17,1125,SD1333,NA,6,5,7,3711,0,0,0,NA,0,124,HILLSIDE DR,HILL CT,0,NA,N,B,-,N,NA,NA,NA,NA,NA,NA,NA,NA,NA,Y,3,0,1,3,A,-,03,22350,NA,N,C,C,A,A,H,-,A,D,0,NA,NA,NA,NA,Y,NA,A,01,0,1,0,0,0,0,0,0,0,-,-,NA,NA,SAN DIEGO,SAN DIEGO,NA,NA
9667880,2024,2024-05-04,3710,2024-02-18,1706,OC1558,NA,7,5,6,3710,0,0,0,NA,0,009,VISTA WY,S FREEMAN ST,0,NA,Y,A,-,N,NA,NA,NA,NA,NA,NA,NA,NA,NA,N,4,0,2,3,A,-,08,22107,NA,N,D,C,A,A,H,-,A,D,0,NA,NA,NA,NA,Y,Y,A,01,0,0,2,0,0,0,0,0,0,-,-,NA,NA,SAN DIEGO,OCEANSIDE,-117.35877990722656,33.172550201416016
9668377,2024,2024-04-30,3711,2024-02-19,1457,SD7277,NA,1,5,7,3711,0,0,0,NA,0,838,39TH ST,ORANGE AV,93,S,N,A,-,N,NA,NA,NA,NA,NA,NA,NA,NA,NA,N,4,0,1,2,A,-,08,22100,A,N,C,C,A,A,H,-,A,A,0,NA,NA,NA,NA,Y,NA,A,01,0,0,1,0,0,0,0,0,0,-,-,NA,NA,SAN DIEGO,SAN DIEGO,-117.1106414794922,32.752986907958984
9668384,2024,2024-04-30,3711,2024-02-21,2113,SD1955,NA,3,5,7,3711,0,0,0,NA,0,233,CARMEL MOUNTAIN RD,PASEO MONTALBAN,0,NA,Y,A,-,N,NA,NA,NA,NA,NA,NA,NA,NA,NA,N,3,0,1,2,A,-,10,21950,A,M,G,B,B,A,H,-,C,A,0,Y,NA,NA,NA,Y,NA,A,01,0,1,0,0,1,0,0,0,0,-,-,NA,NA,SAN DIEGO,SAN DIEGO,-117.11799621582033,32.962310791015625
9668387,2024,2024-04-30,3711,2024-02-21,930,SD1928,NA,3,5,7,3711,0,0,0,NA,0,524,A ST,10TH AV,0,NA,Y,B,-,N,NA,NA,NA,NA,NA,NA,NA,NA,NA,N,4,0,2,2,A,-,08,22107,NA,N,B,C,A,B,H,-,A,A,0,NA,NA,NA,NA,Y,NA,A,01,0,0,2,0,0,0,0,0,0,-,-,NA,NA,SAN DIEGO,SAN DIEGO,-117.15561676025392,32.7188606262207
9669176,2024,2024-06-25,3711,2024-03-17,1800,SD1617,NA,7,5,7,3711,0,0,0,NA,0,111,MOUNT ALIFAN DR,MOUNT AGUILAR,0,NA,Y,A,-,N,NA,NA,NA,NA,NA,NA,NA,NA,NA,N,4,0,1,2,A,-,-,NA,NA,N,B,C,A,A,H,-,A,A,0,NA,NA,NA,NA,Y,NA,A,01,0,0,1,0,0,0,0,0,0,-,-,NA,NA,SAN DIEGO,SAN DIEGO,-117.17765045166016,32.818050384521484
9669825,2024,2024-09-24,3700,2024-02-16,1615,SH0313,NA,5,5,3,3783,0,0,0,NA,0,274,SAN ANDRES DR,LAS BANDERAS DR,484,W,N,A,-,N,NA,NA,NA,NA,NA,NA,NA,NA,NA,Y,4,0,1,2,A,-,03,22350,NA,N,C,E,A,A,H,-,A,D,0,NA,NA,NA,NA,Y,NA,A,01,0,0,1,0,0,0,0,0,0,-,-,NA,NA,SAN DIEGO,SOLANA BEACH,-117.2528839111328,32.99363708496094
9670282,2024,2024-05-23,3702,2024-03-19,1249,CV1265,NA,2,5,6,3702,0,0,0,NA,0,012,BROADWAY,H ST,0,NA,Y,A,-,N,NA,NA,NA,NA,NA,NA,NA,NA,NA,Y,4,0,1,2,A,-,12,21453,A,N,D,C,A,A,H,-,A,A,0,NA,NA,NA,NA,Y,NA,A,07,0,0,1,0,0,0,0,0,0,-,-,NA,NA,SAN DIEGO,CHULA VISTA,-117.08946228027344,32.630958557128906
9670534,2024,2024-04-26,3702,2024-02-20,1427,CV1469,NA,2,5,6,3702,0,0,0,NA,0,041,TELEGRAPH CANYON RD,PASEO LADERA,11,W,N,C,-,N,NA,NA,NA,NA,NA,NA,NA,NA,NA,N,4,0,1,2,A,-,03,22350,NA,N,C,C,A,B,H,-,A,A,0,NA,NA,NA,NA,Y,NA,A,01,0,0,1,0,0,0,0,0,0,-,-,NA,NA,SAN DIEGO,CHULA VISTA,-117.02064514160156,32.623470306396484
9671544,2024,2024-03-01,3710,2024-01-30,700,OC1535,NA,2,5,6,3710,0,0,0,NA,0,032,VIA RANCHO RD,IVEY RANCH RD,0,NA,Y,-,-,N,NA,NA,NA,NA,NA,NA,NA,NA,NA,N,4,0,1,2,A,-,10,21950,A,N,G,B,B,A,H,-,B,D,0,Y,NA,NA,NA,Y,NA,A,01,0,0,1,0,1,0,0,0,0,-,-,NA,NA,SAN DIEGO,OCEANSIDE,-117.30947875976563,33.22028732299805
9671771,2024,2024-05-02,3711,2024-02-12,1355,SD6276,NA,1,5,7,3711,0,0,0,NA,0,232,RANCHO CARMEL DR,SHOAL CREEK DRIVE,0,NA,Y,A,-,N,NA,NA,NA,NA,NA,NA,NA,NA,NA,N,3,0,1,2,A,-,12,21453,A,N,A,C,A,A,H,-,A,A,0,NA,NA,NA,NA,Y,NA,A,01,0,1,0,0,0,0,0,0,0,-,-,NA,NA,SAN DIEGO,SAN DIEGO,-117.08563232421876,32.9716796875
9671903,2024,2024-03-25,3702,2024-01-01,1518,CV1278,NA,1,5,6,3702,0,0,0,NA,0,041,HERITAGE RD,OLYMPIC PKWY,0,NA,Y,A,-,N,NA,NA,NA,NA,NA,NA,NA,NA,NA,Y,4,0,1,2,A,-,12,21453,A,N,D,C,A,A,H,-,A,D,0,NA,NA,NA,NA,Y,NA,A,01,0,0,1,0,0,0,0,0,0,-,-,NA,NA,SAN DIEGO,CHULA VISTA,-117.00212860107422,32.617008209228516
9672169,2024,2024-04-16,3711,2024-02-14,1420,SD1993,NA,3,5,7,3711,0,0,0,NA,0,313,KEARNY VILLA RD,KEARNY VILLA RD 5553,51,N,N,A,-,N,NA,NA,NA,NA,NA,NA,NA,NA,NA,Y,4,0,1,2,A,-,21,22106,NA,N,D,C,A,A,H,-,A,D,0,NA,NA,NA,NA,Y,NA,A,01,0,0,1,0,0,0,0,0,0,-,-,NA,NA,SAN DIEGO,SAN DIEGO,-117.14019775390624,32.83074951171875
9672310,2024,2024-03-29,3710,2024-01-25,1245,OC1458,NA,4,5,6,3710,0,0,0,NA,0,022,RT 76,GUAJOME LAKE RD,772,E,N,A,-,Y,SD,11,76,-,R,7.32,H,-,W,Y,4,0,3,3,A,-,03,22350,NA,F,C,C,A,A,H,-,A,A,0,NA,NA,NA,NA,Y,NA,A,01,0,0,3,0,0,0,0,0,0,-,-,NA,NA,SAN DIEGO,OCEANSIDE,-117.27204895019533,33.249237060546875
9672349,2024,2024-05-03,3711,2024-02-14,1010,SDD6999,NA,3,5,7,3711,0,0,0,NA,0,934,CARMEL MOUNTAIN RD,VEREDA MAR DE CORAZON,0,NA,Y,A,-,N,NA,NA,NA,NA,NA,NA,NA,NA,NA,Y,4,0,2,2,A,-,03,22350,NA,N,C,C,A,A,H,-,A,A,0,NA,NA,NA,NA,Y,NA,A,01,0,0,2,0,0,0,0,0,0,-,-,NA,NA,SAN DIEGO,SAN DIEGO,-117.21424102783205,32.921749114990234
9672351,2024,2024-07-25,3711,2024-02-18,1639,SD1673,NA,7,5,7,3711,0,0,0,NA,0,614,SUNSET CLIFFS BL,DEL MONTE AV,0,NA,Y,A,-,N,NA,NA,NA,NA,NA,NA,NA,NA,NA,N,3,0,1,2,B,-,22,NA,NA,N,A,G,A,A,H,-,A,D,0,NA,Y,NA,NA,Y,NA,L,04,0,1,0,0,0,0,1,0,0,-,-,NA,NA,SAN DIEGO,SAN DIEGO,-117.24979400634766,32.74220657348633
9672969,2024,2024-04-16,3711,2024-02-23,152,SD1074,NA,5,5,7,3711,0,0,0,NA,0,522,F ST,5TH ST,0,E,N,A,-,N,NA,NA,NA,NA,NA,NA,NA,NA,NA,Y,4,0,1,2,A,-,08,22107,NA,N,B,C,A,A,H,-,C,A,0,NA,NA,NA,NA,Y,Y,A,01,0,0,1,0,0,0,0,0,0,-,-,NA,NA,SAN DIEGO,SAN DIEGO,-117.16014862060548,32.713623046875
9672974,2024,2024-06-27,3711,2024-02-20,1338,SD1664,NA,2,5,7,3711,0,0,0,NA,0,931,MIRA MESA ROAD,SCRANTON RD,120,W,N,B,F,N,NA,NA,NA,NA,NA,NA,NA,NA,NA,Y,3,0,1,2,A,-,03,22350,NA,N,C,C,A,B,H,-,A,A,0,NA,NA,NA,NA,Y,NA,A,01,0,1,0,0,0,0,0,0,0,-,-,NA,NA,SAN DIEGO,SAN DIEGO,-117.20201873779295,32.89253616333008
9673027,2024,2024-05-07,3711,2024-02-26,1630,SD8861,NA,1,5,7,3711,0,0,0,NA,0,527,PACIFIC HWY,W HAWTHORN ST,101,S,N,B,-,N,NA,NA,NA,NA,NA,NA,NA,NA,NA,N,4,0,1,2,A,-,08,22107,NA,N,B,C,A,A,H,-,A,D,0,NA,NA,NA,NA,Y,NA,A,01,0,0,1,0,0,0,0,0,0,-,-,NA,NA,SAN DIEGO,SAN DIEGO,-117.17188262939452,32.725311279296875