CASE_ID,ACCIDENT_YEAR,PROC_DATE,JURIS,COLLISION_DATE,COLLISION_TIME,OFFICER_ID,REPORTING_DISTRICT,DAY_OF_WEEK,CHP_SHIFT,POPULATION,CNTY_CITY_LOC,SPECIAL_COND,BEAT_TYPE,CHP_BEAT_TYPE,CITY_DIVISION_LAPD,CHP_BEAT_CLASS,BEAT_NUMBER,PRIMARY_RD,SECONDARY_RD,DISTANCE,DIRECTION,INTERSECTION,WEATHER_1,WEATHER_2,STATE_HWY_IND,CALTRANS_COUNTY,CALTRANS_DISTRICT,STATE_ROUTE,ROUTE_SUFFIX,POSTMILE_PREFIX,POSTMILE,LOCATION_TYPE,RAMP_INTERSECTION,SIDE_OF_HWY,TOW_AWAY,COLLISION_SEVERITY,NUMBER_KILLED,NUMBER_INJURED,PARTY_COUNT,PRIMARY_COLL_FACTOR,PCF_CODE_OF_VIOL,PCF_VIOL_CATEGORY,PCF_VIOLATION,PCF_VIOL_SUBSECTION,HIT_AND_RUN,TYPE_OF_COLLISION,MVIW,PED_ACTION,ROAD_SURFACE,ROAD_COND_1,ROAD_COND_2,LIGHTING,CONTROL_DEVICE,CHP_ROAD_TYPE,PEDESTRIAN_ACCIDENT,BICYCLE_ACCIDENT,MOTORCYCLE_ACCIDENT,TRUCK_ACCIDENT,NOT_PRIVATE_PROPERTY,ALCOHOL_INVOLVED,STWD_VEHTYPE_AT_FAULT,CHP_VEHTYPE_AT_FAULT,COUNT_SEVERE_INJ,COUNT_VISIBLE_INJ,COUNT_COMPLAINT_PAIN,COUNT_PED_KILLED,COUNT_PED_INJURED,COUNT_BICYCLIST_KILLED,COUNT_BICYCLIST_INJURED,COUNT_MC_KILLED,COUNT_MC_INJURED,PRIMARY_RAMP,SECONDARY_RAMP,LATITUDE,LONGITUDE,COUNTY,CITY,POINT_X,POINT_Y
7213425,2016,2016-03-21,3702,2016-01-31,0805,CV1069,NA,7,5,6,3702,0,0,0,NA,0,031,EAST H ST,TIERRA DEL REY,1056,W,N,C,-,N,NA,NA,NA,NA,NA,NA,NA,NA,NA,Y,4,0,2,2,A,-,12,21453,A,N,D,C,A,B,H,-,A,A,0,NA,NA,NA,NA,Y,NA,A,01,0,0,2,0,0,0,0,0,0,-,-,NA,NA,SAN DIEGO,CHULA VISTA,-117.0240381,32.63594365
8000937,2016,2016-03-30,3711,2016-03-09,1452,7201,NA,3,5,7,3711,0,0,0,NA,0,823,UNIVERSITY AV,60TH ST,0,NA,Y,A,-,N,NA,NA,NA,NA,NA,NA,NA,NA,NA,Y,4,0,1,2,A,-,08,22107,NA,N,D,C,A,A,H,-,A,A,0,NA,NA,NA,NA,Y,NA,A,01,0,0,1,0,0,0,0,0,0,-,-,NA,NA,SAN DIEGO,SAN DIEGO,-117.0669001,32.75235012
8000957,2016,2016-03-30,3711,2016-03-21,1530,7379,NA,1,5,7,3711,0,0,0,NA,0,613,VOLTAIRE ST,WABASKA DR,0,NA,Y,A,-,N,NA,NA,NA,NA,NA,NA,NA,NA,NA,N,3,0,1,1,B,-,22,NA,NA,N,H,-,A,A,H,-,A,A,0,NA,Y,NA,NA,Y,NA,-,-,0,1,0,0,0,0,1,0,0,-,-,NA,NA,SAN DIEGO,SAN DIEGO,-117.23297005,32.74256007
8003130,2016,2016-03-25,3711,2016-03-15,1440,5804,SD,2,5,7,3711,0,0,0,NA,0,327,COLLEGE AV,COLLEGE AV 4935,0,NA,N,A,-,N,NA,NA,NA,NA,NA,NA,NA,NA,NA,N,4,0,1,2,A,-,21,22106,NA,N,E,B,F,A,H,-,A,D,0,Y,NA,NA,NA,Y,NA,-,NA,0,0,1,0,1,0,0,0,0,-,-,NA,NA,SAN DIEGO,SAN DIEGO,-117.06782073,32.76741723
8003144,2016,2016-03-28,3711,2016-03-14,1758,6671,NA,1,5,7,3711,0,0,0,NA,0,123,QUIVIRA RD,QUIVIRA WY,450,N,N,A,-,N,NA,NA,NA,NA,NA,NA,NA,NA,NA,Y,3,0,1,1,A,-,03,22350,A,N,E,I,A,A,H,-,A,D,0,NA,NA,NA,NA,Y,Y,-,NA,0,1,0,0,0,0,0,0,0,-,-,NA,NA,SAN DIEGO,SAN DIEGO,-117.24116533,32.76591981
8003178,2016,2016-03-25,3711,2016-03-16,2130,8181,NA,3,5,7,3711,0,0,0,NA,0,315,FRIARS RD,MISSION CENTER RD,0,NA,Y,A,-,N,NA,NA,NA,NA,NA,NA,NA,NA,NA,Y,4,0,1,1,A,-,08,22107,NA,N,E,I,A,A,H,-,C,A,0,NA,NA,NA,NA,Y,NA,A,01,0,0,1,0,0,0,0,0,0,-,-,NA,NA,SAN DIEGO,SAN DIEGO,-117.15386008,32.77464006
8003695,2016,2016-03-30,3710,2016-03-11,1859,OC0652,NA,5,5,6,3710,0,0,0,NA,0,031,SUNSET DR,SKY HAVEN DR,143,S,N,C,-,N,NA,NA,NA,NA,NA,NA,NA,NA,NA,Y,3,0,2,2,A,-,05,21460,A,N,A,C,A,B,H,-,C,D,0,NA,NA,NA,NA,Y,NA,A,01,0,1,1,0,0,0,0,0,0,-,-,NA,NA,SAN DIEGO,OCEANSIDE,-117.27788088,33.18339202
8007573,2016,2016-04-05,3706,2016-03-19,1256,486,ESCON,6,5,6,3706,0,0,0,NA,0,042,VALLEY PKWY,N FIG ST,0,NA,Y,A,-,N,NA,NA,NA,NA,NA,NA,NA,NA,NA,Y,4,0,3,3,A,-,12,21453,A,N,D,C,A,A,H,-,A,A,0,NA,NA,NA,NA,Y,NA,A,01,0,0,3,0,0,0,0,0,0,-,-,NA,NA,SAN DIEGO,ESCONDIDO,-117.07392002,33.12729008
8007847,2016,2016-04-08,3701,2016-03-15,1647,5471,1,2,5,5,3701,0,0,0,NA,0,001,CARLSBAD BL,OAK AV,5,S,N,A,-,N,NA,NA,NA,NA,NA,NA,NA,NA,NA,N,3,0,1,2,A,-,10,21950,A,N,G,B,B,A,H,-,A,A,0,Y,NA,NA,NA,Y,NA,A,07,0,1,0,0,1,0,0,0,0,-,-,NA,NA,SAN DIEGO,CARLSBAD,-117.3507619,33.15674639
8007863,2016,2016-04-08,3701,2016-03-24,1445,5291,123,4,5,5,3701,0,0,0,NA,0,008,LA COSTA AV,CAMINO DE LOS COCHES,300,E,N,A,-,N,NA,NA,NA,NA,NA,NA,NA,NA,NA,N,3,0,2,2,A,-,09,21801,A,N,D,G,A,A,H,-,A,D,0,NA,Y,Y,NA,Y,NA,L,04,0,1,1,0,0,0,1,0,1,-,-,33.08111,-117.22964,SAN DIEGO,CARLSBAD,-117.22963307,33.08099746
8010831,2016,2016-04-06,3703,2016-03-17,1450,1137,NA,4,5,3,3703,0,0,0,NA,0,001,ORANGE AV,4TH ST,0,NA,Y,A,-,N,NA,NA,NA,NA,NA,NA,NA,NA,NA,Y,4,0,1,2,A,-,12,21453,A,N,D,C,A,A,H,-,A,A,0,NA,NA,Y,NA,Y,NA,A,07,0,0,1,0,0,0,0,0,1,-,-,NA,NA,SAN DIEGO,CORONADO,-117.17490007,32.69450006
8011395,2016,2016-04-08,3711,2016-03-25,1525,6880,NA,5,5,7,3711,0,0,0,NA,0,446,IMPERIAL AV,47TH ST,200,W,N,A,-,N,NA,NA,NA,NA,NA,NA,NA,NA,NA,N,4,0,1,2,A,-,04,21703,NA,N,C,C,A,A,H,-,A,A,0,NA,NA,NA,NA,Y,NA,A,01,0,0,1,0,0,0,0,0,0,-,-,NA,NA,SAN DIEGO,SAN DIEGO,-117.09434795,32.70415
8011416,2016,2016-04-08,3711,2016-03-27,0226,7081,NA,7,5,7,3711,0,0,0,NA,0,725,OCEAN VIEW HILLS PKWY,DENNERY RD 600,300,E,N,A,-,N,NA,NA,NA,NA,NA,NA,NA,NA,NA,Y,4,0,1,1,A,-,08,22107,NA,N,B,I,A,A,H,-,C,A,0,NA,NA,NA,NA,Y,Y,-,-,0,0,1,0,0,0,0,0,0,-,-,NA,NA,SAN DIEGO,SAN DIEGO,-117.03124344,32.58374687
8011421,2016,2016-04-11,3711,2016-03-28,1059,5734,NA,1,5,7,3711,0,0,0,NA,0,242,MIRA MESA BL,MONTONGO,0,NA,Y,B,-,N,NA,NA,NA,NA,NA,NA,NA,NA,NA,N,4,0,2,2,A,-,08,22107,NA,N,D,C,A,A,H,-,A,D,0,NA,NA,NA,NA,Y,NA,A,01,0,0,2,0,0,0,0,0,0,-,-,NA,NA,SAN DIEGO,SAN DIEGO,-117.15224006,32.91198004
8012083,2016,2016-04-05,3705,2016-03-21,1221,EC5258,NA,1,5,5,3705,0,0,0,NA,0,009,1ST ST,BUCKSKIN,29,S,N,A,-,N,NA,NA,NA,NA,NA,NA,NA,NA,NA,N,4,0,2,2,A,-,03,22350,NA,N,C,C,A,A,H,-,A,D,0,NA,NA,NA,NA,Y,NA,A,01,0,0,2,0,0,0,0,0,0,-,-,NA,NA,SAN DIEGO,EL CAJON,-116.9446,32.78863058
8012155,2016,2016-04-05,3705,2016-03-10,2237,EC0297,NA,4,5,5,3705,0,0,0,NA,0,007,WALTER WY,MAIN ST,31,N,N,A,-,N,NA,NA,NA,NA,NA,NA,NA,NA,NA,Y,4,0,1,2,A,-,01,23152,A,M,C,C,A,A,H,-,C,A,0,NA,NA,NA,NA,Y,Y,A,01,0,0,1,0,0,0,0,0,0,-,-,NA,NA,SAN DIEGO,EL CAJON,-116.93458977,32.7964949
8013135,2016,2016-04-12,3701,2016-04-04,1030,5198,11,1,5,5,3701,0,0,0,NA,0,003,MARRON RD,EL CAMINIO REAL,280,E,N,A,-,N,NA,NA,NA,NA,NA,NA,NA,NA,NA,Y,4,0,1,2,A,-,09,21804,A,N,-,C,A,A,H,-,A,D,0,NA,NA,NA,NA,Y,NA,A,01,0,0,1,0,0,0,0,0,0,-,-,NA,NA,SAN DIEGO,CARLSBAD,-117.32575738,33.17773764
8013159,2016,2016-04-12,3701,2016-04-03,1301,5301,32,7,5,5,3701,0,0,0,NA,0,003,TAMARACK AV,PALISADES DR,0,NA,Y,A,-,N,NA,NA,NA,NA,NA,NA,NA,NA,NA,Y,4,0,1,2,A,-,09,21802,A,N,D,C,A,A,H,-,A,A,0,NA,NA,Y,NA,Y,NA,-,-,0,0,1,0,0,0,0,0,1,-,-,33.15312,-117.31391,SAN DIEGO,CARLSBAD,-117.31392012,33.15290003
8014788,2016,2016-05-24,3711,2016-04-16,1449,4656,SANDI,6,5,7,3711,0,0,0,NA,0,521,BROADWAY,14TH ST,0,NA,Y,A,-,N,NA,NA,NA,NA,NA,NA,NA,NA,NA,N,3,0,2,3,A,-,10,21950,A,N,G,B,B,A,H,-,A,A,0,Y,NA,NA,NA,Y,NA,J,48,0,2,0,0,2,0,0,0,0,-,-,NA,NA,SAN DIEGO,SAN DIEGO,-117.15194001,32.7157601
8014845,2016,2016-04-07,3711,2016-03-27,1927,7314,NA,7,5,7,3711,0,0,0,NA,0,114,GENESEE AV,APPLETON ST,0,N,N,A,-,N,NA,NA,NA,NA,NA,NA,NA,NA,NA,Y,4,0,1,2,A,-,12,21453,A,N,H,C,A,A,H,-,C,A,0,NA,NA,NA,NA,Y,NA,-,NA,0,0,1,0,0,0,0,0,0,-,-,NA,NA,SAN DIEGO,SAN DIEGO,-117.19601008,32.83768002
8014877,2016,2016-04-06,3711,2016-03-22,1319,6762,NA,2,5,7,3711,0,0,0,NA,0,822,54TH ST,54TH ST  4000,0,NA,Y,A,-,N,NA,NA,NA,NA,NA,NA,NA,NA,NA,Y,4,0,1,2,A,-,08,22107,NA,N,B,C,A,A,H,-,A,A,0,NA,NA,NA,NA,Y,NA,-,NA,0,0,1,0,0,0,0,0,0,-,-,NA,NA,SAN DIEGO,SAN DIEGO,-117.07948744,32.74879765
8016317,2016,2016-04-18,3711,2016-04-01,2215,7398,SDPD,5,5,7,3711,0,0,0,NA,0,116,MORENA BL,MORENA BL 1000 BLK,25,N,N,A,-,N,NA,NA,NA,NA,NA,NA,NA,NA,NA,NA,3,0,1,2,-,-,-,NA,NA,N,A,C,A,A,H,-,C,A,0,NA,NA,NA,NA,Y,NA,-,-,0,1,0,0,0,0,0,0,0,-,-,NA,NA,SAN DIEGO,SAN DIEGO,NA,NA
8017411,2016,2016-04-18,3711,2016-04-07,0842,5498,NA,4,5,7,3711,0,0,0,NA,0,541,IMPERIAL AV,13TH ST,0,NA,Y,B,C,N,NA,NA,NA,NA,NA,NA,NA,NA,NA,N,4,0,1,2,A,-,10,21950,A,N,G,B,B,B,H,-,A,A,0,Y,NA,NA,NA,Y,NA,A,01,0,0,1,0,1,0,0,0,0,-,-,NA,NA,SAN DIEGO,SAN DIEGO,-117.15277004,32.70628002
8017903,2016,2016-04-22,3700,2016-03-11,1150,SH2076,NA,5,5,4,3780,0,0,0,NA,0,404,ESPOLA RD,VALLE VERDE RD,0,NA,Y,A,-,N,NA,NA,NA,NA,NA,NA,NA,NA,NA,Y,2,0,3,2,A,-,01,23152,A,F,C,C,A,A,H,-,A,A,0,NA,NA,NA,NA,Y,Y,A,01,1,2,0,0,0,0,0,0,0,-,-,NA,NA,SAN DIEGO,POWAY,-117.04524,33.01868007
8017925,2016,2016-04-22,3702,2016-04-03,1820,CV1061,NA,7,5,6,3702,0,0,0,NA,0,032,RIVERCREEK CT,ROLLING RIDGE RD,115,S,N,A,-,N,NA,NA,NA,NA,NA,NA,NA,NA,NA,N,4,0,1,2,A,-,11,21954,A,N,G,B,D,A,H,-,B,D,0,Y,NA,NA,NA,Y,NA,N,60,0,0,1,0,1,0,0,0,0,-,-,NA,NA,SAN DIEGO,CHULA VISTA,-116.97769,32.66351
8017983,2016,2016-04-22,3702,2016-03-08,1851,CV1079,NA,2,5,6,3702,0,0,0,NA,0,024,BROADWAY,ANITA ST,300,N,N,A,-,N,NA,NA,NA,NA,NA,NA,NA,NA,NA,Y,4,0,1,3,A,-,03,22350,NA,N,C,C,A,A,H,-,C,D,0,NA,NA,NA,NA,Y,NA,A,01,0,0,1,0,0,0,0,0,0,-,-,NA,NA,SAN DIEGO,CHULA VISTA,-117.07712354,32.59925053
8019841,2016,2016-04-12,3711,2016-03-28,1733,4310,NA,1,5,7,3711,0,0,0,NA,0,312,TIERRASANTA BL,SANTO RD,0,NA,Y,A,-,N,NA,NA,NA,NA,NA,NA,NA,NA,NA,Y,3,0,1,2,A,-,09,21453,C,N,A,C,A,A,H,-,A,A,0,NA,NA,NA,NA,Y,Y,A,01,0,1,0,0,0,0,0,0,0,-,-,NA,NA,SAN DIEGO,SAN DIEGO,-117.10419005,32.82340008
8019857,2016,2016-04-12,3711,2016-03-31,0745,6532,NA,4,5,7,3711,0,0,0,NA,0,615,NIMITZ BL,ROSECRANS ST,0,NA,Y,A,-,N,NA,NA,NA,NA,NA,NA,NA,NA,NA,Y,4,0,1,2,A,-,12,21453,A,N,D,C,A,A,H,-,A,A,0,NA,NA,NA,NA,Y,NA,-,NA,0,0,1,0,0,0,0,0,0,-,-,NA,NA,SAN DIEGO,SAN DIEGO,-117.22582013,32.72860008
8021333,2016,2016-04-19,3710,2016-03-29,1428,0C1355,NA,2,5,6,3710,0,0,0,NA,0,014,MISSION AV,ROYMAR RD,145,W,N,A,-,N,NA,NA,NA,NA,NA,NA,NA,NA,NA,Y,4,0,2,2,A,-,08,22100,A,N,D,C,A,A,H,-,A,D,0,NA,NA,NA,NA,Y,NA,A,07,0,0,2,0,0,0,0,0,0,-,-,NA,NA,SAN DIEGO,OCEANSIDE,-117.34573408,33.21514666
8022738,2016,2016-04-20,3706,2016-04-04,0949,ES0383,NA,1,5,6,3706,0,0,0,NA,0,042,E WASHINGTON AV,FIG ST,0,NA,Y,A,-,N,NA,NA,NA,NA,NA,NA,NA,NA,NA,N,4,0,1,2,A,-,03,22350,NA,N,C,C,A,A,H,-,A,A,0,NA,NA,NA,NA,Y,NA,A,01,0,0,1,0,0,0,0,0,0,-,-,NA,NA,SAN DIEGO,ESCONDIDO,-117.07564003,33.12953007
8022970,2016,2016-04-22,3702,2016-03-21,0925,CV1160,NA,1,5,6,3702,0,0,0,NA,0,012,G ST,SANDPIPER WY,42,W,N,A,-,N,NA,NA,NA,NA,NA,NA,NA,NA,NA,N,3,0,2,1,A,-,08,22107,NA,N,E,I,A,A,H,-,A,D,0,NA,NA,NA,NA,Y,NA,A,07,0,1,1,0,0,0,0,0,0,-,-,NA,NA,SAN DIEGO,CHULA VISTA,-117.10533912,32.63033398
8024170,2016,2016-04-22,3711,2016-04-10,1938,5417,SANDI,7,5,7,3711,0,0,0,NA,0,113,MORAGA AV,JEMEZ DR,90,N,N,A,-,N,NA,NA,NA,NA,NA,NA,NA,NA,NA,Y,3,0,1,4,A,-,08,22107,NA,M,B,E,A,A,-,-,C,-,0,NA,NA,NA,NA,Y,NA,-,NA,0,1,0,0,0,0,0,0,0,-,-,NA,NA,SAN DIEGO,SAN DIEGO,-117.2135985,32.82816078
8024257,2016,2016-04-25,3711,2016-03-26,1535,7092,SD,6,5,7,3711,0,0,0,NA,0,123,WEST MISSION BAY DR,SEA WORLD DR,1320,S,N,A,-,N,NA,NA,NA,NA,NA,NA,NA,NA,NA,Y,4,0,1,3,A,-,03,22350,NA,M,C,C,A,A,H,-,A,D,0,NA,NA,NA,NA,Y,NA,-,-,0,0,1,0,0,0,0,0,0,-,-,NA,NA,SAN DIEGO,SAN DIEGO,-117.23021,32.76131
8025333,2016,2016-04-18,3706,2016-04-09,0420,490,ESCON,6,5,6,3706,0,0,0,NA,0,053,S CENTRE CITY PKWY,W CITRACADO PKWY,196,N,N,A,-,N,NA,NA,NA,NA,NA,NA,NA,NA,NA,Y,4,0,2,2,A,-,01,23152,A,N,A,C,A,B,H,-,D,D,0,NA,NA,NA,NA,Y,Y,A,01,0,0,2,0,0,0,0,0,0,-,-,NA,NA,SAN DIEGO,ESCONDIDO,-117.07291518,33.0912862
8025561,2016,2016-04-22,3705,2016-03-28,1400,EC0337,NA,1,5,5,3705,0,0,0,NA,0,008,E CHASE,S MAGNOLIA,0,NA,Y,A,-,N,NA,NA,NA,NA,NA,NA,NA,NA,NA,N,3,0,1,4,A,-,09,21800,D,N,D,C,A,A,H,-,A,B,0,NA,NA,NA,NA,Y,NA,A,08,0,1,0,0,0,0,0,0,0,-,-,NA,NA,SAN DIEGO,EL CAJON,-116.96230006,32.7804001
8026560,2016,2016-04-26,3706,2016-03-30,1012,ES0391,NA,3,5,6,3706,0,0,0,NA,0,042,LINCOLN PKWY,BROADWAY,50,E,N,A,-,N,NA,NA,NA,NA,NA,NA,NA,NA,NA,Y,3,0,3,2,A,-,03,22350,NA,N,C,C,A,A,H,-,A,D,0,NA,NA,NA,NA,Y,NA,A,01,0,1,2,0,0,0,0,0,0,-,-,NA,NA,SAN DIEGO,ESCONDIDO,-117.08637154,33.133152
8026621,2016,2016-04-26,3706,2016-04-18,1747,322,ESCON,1,5,6,3706,0,0,0,NA,0,052,ESCONDIDO BL,GRAND AV,0,NA,Y,A,-,N,NA,NA,NA,NA,NA,NA,NA,NA,NA,Y,3,0,2,3,A,-,12,21453,A,N,D,C,A,A,H,-,A,A,0,NA,NA,NA,NA,Y,NA,A,01,0,1,1,0,0,0,0,0,0,-,-,33.12033,-117.08416,SAN DIEGO,ESCONDIDO,-117.08420001,33.12027011
8027793,2016,2016-04-29,3711,2016-04-18,0757,7396,NA,1,5,7,3711,0,0,0,NA,0,122,MISSION BL,MISSION BL 3400,15,E,N,A,-,N,NA,NA,NA,NA,NA,NA,NA,NA,NA,Y,4,0,1,2,A,-,09,21801,A,N,D,C,A,A,H,-,A,A,0,NA,NA,NA,NA,Y,NA,D,22,0,0,1,0,0,0,0,0,0,-,-,NA,NA,SAN DIEGO,SAN DIEGO,NA,NA
8027891,2016,2016-04-27,3711,2016-04-05,2232,8861,NA,2,5,7,3711,0,0,0,NA,0,627,WEST WASHINGTON ST,FRONT ST,15,W,N,A,-,N,NA,NA,NA,NA,NA,NA,NA,NA,NA,N,4,0,3,2,A,-,04,21703,NA,M,C,C,A,A,H,-,C,A,0,NA,NA,NA,NA,Y,NA,-,NA,0,0,3,0,0,0,0,0,0,-,-,NA,NA,SAN DIEGO,SAN DIEGO,-117.16504862,32.74983
8027895,2016,2016-04-27,3711,2016-04-15,2313,6063,NA,5,5,7,3711,0,0,0,NA,0,122,GARNET AV,EVERTS ST,0,NA,Y,A,-,N,NA,NA,NA,NA,NA,NA,NA,NA,NA,N,4,0,1,2,A,-,11,21950,B,M,G,B,C,A,H,-,C,A,0,Y,NA,NA,NA,Y,NA,-,NA,0,0,1,0,1,0,0,0,0,-,-,NA,NA,SAN DIEGO,SAN DIEGO,-117.24817011,32.7981401
8028581,2016,2016-05-24,3711,2016-05-14,0027,6146,NA,6,5,7,3711,0,0,0,NA,0,231,POWAY RD,SABRE SPRINGS PKWY,75,E,N,A,-,N,NA,NA,NA,NA,NA,NA,NA,NA,NA,Y,4,0,2,3,A,-,03,22350,NA,N,C,C,A,A,H,-,A,A,0,NA,NA,NA,NA,Y,Y,A,01,0,0,2,0,0,0,0,0,0,-,-,NA,NA,SAN DIEGO,SAN DIEGO,-117.09568853,32.94704265
8028582,2016,2016-05-25,3711,2016-05-14,2026,8381,3711,6,5,7,3711,0,0,0,NA,0,115,GOVERNOR,ERLANGER,226,E,N,A,-,N,NA,NA,NA,NA,NA,NA,NA,NA,NA,Y,3,0,1,3,A,-,08,22107,NA,N,C,E,A,A,H,-,C,D,0,NA,NA,NA,NA,Y,Y,A,01,0,1,0,0,0,0,0,0,0,-,-,NA,NA,SAN DIEGO,SAN DIEGO,-117.19404769,32.85216
8028677,2016,2016-05-25,3711,2016-05-11,0657,7448,SDPD,3,5,7,3711,0,0,0,NA,0,531,PERSHING DR,REDWOOD ST,370,S,N,A,-,N,NA,NA,NA,NA,NA,NA,NA,NA,NA,Y,4,0,1,2,A,-,03,22350,NA,N,C,C,A,A,H,-,B,D,0,NA,NA,NA,NA,Y,NA,-,NA,0,0,1,0,0,0,0,0,0,-,-,NA,NA,SAN DIEGO,SAN DIEGO,-117.1352386,32.73620762
8029443,2016,2016-05-11,3710,2016-04-26,1756,OC1334,NA,2,5,6,3710,0,0,0,NA,0,029,COLLEGE BL,AZTEC ST,570,S,N,A,-,N,NA,NA,NA,NA,NA,NA,NA,NA,NA,N,4,0,1,2,A,-,03,22350,NA,N,C,C,A,A,H,-,A,D,0,NA,NA,NA,NA,Y,NA,A,01,0,0,1,0,0,0,0,0,0,-,-,NA,NA,SAN DIEGO,OCEANSIDE,-117.28504,33.20941504
8029893,2016,2016-08-29,3701,2016-04-05,1613,5355,81,2,5,5,3701,0,0,0,NA,0,006,INNOVATION WY,GATEWAY RD,0,NA,Y,A,-,N,NA,NA,NA,NA,NA,NA,NA,NA,NA,Y,3,0,2,3,A,-,09,21801,NA,N,A,C,A,A,H,-,A,D,0,NA,NA,NA,NA,Y,NA,A,01,0,1,1,0,0,0,0,0,0,-,-,NA,NA,SAN DIEGO,CARLSBAD,-117.25935001,33.12764003
8030289,2016,2016-05-04,3709,2016-04-09,1438,476,NA,6,5,5,3709,0,0,0,NA,0,021,EAST PLAZA BL,GROVE ST,100,E,N,A,-,N,NA,NA,NA,NA,NA,NA,NA,NA,NA,N,4,0,1,2,A,-,04,21703,NA,F,C,C,A,A,H,-,A,A,0,NA,NA,NA,NA,Y,NA,A,01,0,0,1,0,0,0,0,0,0,-,-,NA,NA,SAN DIEGO,NATIONAL CITY,-117.08280478,32.67811863
8030904,2015,2016-05-05,3711,2015-12-09,1447,7403,NA,3,5,7,3711,0,0,0,NA,0,434,SAN VICENTE ST,SAWTELLE  AV,78,W,N,A,-,N,NA,NA,NA,NA,NA,NA,NA,NA,NA,Y,4,0,1,3,A,-,08,22107,NA,N,C,E,A,A,H,-,A,A,0,NA,NA,NA,NA,Y,NA,-,-,0,0,1,0,0,0,0,0,0,-,-,NA,NA,SAN DIEGO,SAN DIEGO,-117.02717657,32.71175322
8031978,2016,2016-05-12,3711,2016-05-01,0330,6518,NA,7,5,7,3711,0,0,0,NA,0,233,RANCHO PENASQUITOS BL,PASEO MONTRIL,0,NA,Y,A,-,N,NA,NA,NA,NA,NA,NA,NA,NA,NA,Y,4,0,2,2,A,-,03,22350,NA,N,C,C,A,A,H,-,C,A,0,NA,NA,NA,NA,Y,Y,-,NA,0,0,2,0,0,0,0,0,0,-,-,NA,NA,SAN DIEGO,SAN DIEGO,-117.10784003,32.951680089999996
8032801,2016,2016-05-04,3711,2016-04-16,1221,7160,NA,6,5,7,3711,0,0,0,NA,0,451,54TH ST,REDWOOD ST,0,NA,Y,A,-,N,NA,NA,NA,NA,NA,NA,NA,NA,NA,Y,4,0,1,2,A,-,12,21453,A,N,B,C,A,A,H,-,A,A,0,NA,NA,NA,NA,Y,NA,A,01,0,0,1,0,0,0,0,0,0,-,-,NA,NA,SAN DIEGO,SAN DIEGO,-117.07982006,32.73768005
8032834,2016,2016-05-04,3711,2016-04-24,1525,6192,NA,7,5,7,3711,0,0,0,NA,0,245,SPRING CANYON RD,POMERADO RD,0,NA,Y,A,-,N,NA,NA,NA,NA,NA,NA,NA,NA,NA,Y,3,0,2,2,A,-,12,21453,A,N,A,C,A,A,H,-,A,A,0,NA,NA,NA,NA,Y,NA,-,NA,0,1,1,0,0,0,0,0,0,-,-,NA,NA,SAN DIEGO,SAN DIEGO,-117.06271002,32.92169007
8032910,2016,2016-05-09,3711,2016-04-23,1418,7314,NA,6,5,7,3711,0,0,0,NA,0,116,BALBOA AV,MORAGA AV,340,W,N,A,-,N,NA,NA,NA,NA,NA,NA,NA,NA,NA,N,3,0,1,2,A,-,04,21703,NA,N,C,C,A,A,H,-,A,A,0,NA,NA,Y,NA,Y,NA,C,02,0,1,0,0,0,0,0,0,1,-,-,NA,NA,SAN DIEGO,SAN DIEGO,-117.21166965,32.80774162
8033353,2016,2016-05-06,3706,2016-04-21,1546,342,ESCON,4,5,6,3706,0,0,0,NA,0,044,WASHINGTON AV,DAISY ST,45,W,N,A,-,N,NA,NA,NA,NA,NA,NA,NA,NA,NA,Y,4,0,1,2,A,-,03,22350,NA,F,C,C,A,A,H,-,A,D,0,NA,NA,NA,NA,Y,Y,A,01,0,0,1,0,0,0,0,0,0,-,-,33.13992,-117.05665,SAN DIEGO,ESCONDIDO,-117.05680079,33.13974025
8034581,2016,2016-05-04,3711,2016-04-21,1643,7050,NA,4,5,7,3711,0,0,0,NA,0,936,CARMEL VALLEY RD,CAMINO DEL SUR,1584,S,N,A,-,N,NA,NA,NA,NA,NA,NA,NA,NA,NA,Y,3,0,2,2,A,-,17,21701,NA,N,C,C,A,A,H,-,A,D,0,NA,NA,NA,NA,Y,NA,-,NA,0,1,1,0,0,0,0,0,0,-,-,NA,NA,SAN DIEGO,SAN DIEGO,-117.15012101,32.9731408
8034738,2016,2016-05-13,3706,2016-05-02,1504,380,ESCON,1,5,6,3706,0,0,0,NA,0,043,MORNING VIEW DR,EL NORTE PKWY,2640,S,N,A,-,N,NA,NA,NA,NA,NA,NA,NA,NA,NA,N,3,0,1,2,A,-,09,21801,A,N,D,C,A,A,H,-,A,D,0,NA,NA,Y,NA,Y,NA,A,01,0,1,0,0,0,0,0,0,1,-,-,33.1432,-117.09625,SAN DIEGO,ESCONDIDO,-117.09540167,33.13678028
8035217,2016,2016-05-26,3711,2016-05-17,1847,7083,NA,2,5,7,3711,0,0,0,NA,0,314,KEARNY VILLA LN,KEARNY VILLA LN 3201,0,NA,Y,B,-,N,NA,NA,NA,NA,NA,NA,NA,NA,NA,Y,4,0,1,1,A,-,03,22350,NA,N,E,I,A,A,H,-,A,A,0,NA,NA,NA,NA,Y,NA,A,01,0,0,1,0,0,0,0,0,0,-,-,NA,NA,SAN DIEGO,SAN DIEGO,-117.15483606,32.8021511
8035226,2016,2016-05-26,3711,2016-05-16,0836,6716,SANDI,1,5,7,3711,0,0,0,NA,0,115,LEBON DR,LA JOLLA VILLAGE DR,81,S,N,A,-,N,NA,NA,NA,NA,NA,NA,NA,NA,NA,Y,3,0,2,3,A,-,04,21703,NA,N,C,C,A,A,H,-,A,A,0,NA,NA,NA,NA,Y,NA,A,01,0,1,1,0,0,0,0,0,0,-,-,NA,NA,SAN DIEGO,SAN DIEGO,-117.22376221,32.87067335
8035274,2016,2016-05-27,3711,2016-05-13,1830,6552,NA,5,5,7,3711,0,0,0,NA,0,932,ROSELLE ST,DUNHILL,200,S,N,A,-,N,NA,NA,NA,NA,NA,NA,NA,NA,NA,Y,3,0,1,1,A,-,08,22107,NA,N,A,J,A,A,H,-,A,D,0,NA,NA,NA,NA,Y,Y,A,01,0,1,0,0,0,0,0,0,0,-,-,NA,NA,SAN DIEGO,SAN DIEGO,-117.22708047,32.90311472
8036205,2016,2016-05-03,3708,2016-04-04,0840,IM8273,NA,1,5,5,3708,0,0,0,NA,0,003,EL CAJON BL,LA MESA BL,0,NA,Y,A,-,N,NA,NA,NA,NA,NA,NA,NA,NA,NA,Y,4,0,1,2,A,-,04,21703,NA,N,C,C,A,A,H,-,A,A,0,NA,NA,NA,NA,Y,NA,A,07,0,0,1,0,0,0,0,0,0,-,-,NA,NA,SAN DIEGO,LA MESA,-117.03024009,32.76846006