CASE_ID,ACCIDENT_YEAR,PROC_DATE,JURIS,COLLISION_DATE,COLLISION_TIME,OFFICER_ID,REPORTING_DISTRICT,DAY_OF_WEEK,CHP_SHIFT,POPULATION,CNTY_CITY_LOC,SPECIAL_COND,BEAT_TYPE,CHP_BEAT_TYPE,CITY_DIVISION_LAPD,CHP_BEAT_CLASS,BEAT_NUMBER,PRIMARY_RD,SECONDARY_RD,DISTANCE,DIRECTION,INTERSECTION,WEATHER_1,WEATHER_2,STATE_HWY_IND,CALTRANS_COUNTY,CALTRANS_DISTRICT,STATE_ROUTE,ROUTE_SUFFIX,POSTMILE_PREFIX,POSTMILE,LOCATION_TYPE,RAMP_INTERSECTION,SIDE_OF_HWY,TOW_AWAY,COLLISION_SEVERITY,NUMBER_KILLED,NUMBER_INJURED,PARTY_COUNT,PRIMARY_COLL_FACTOR,PCF_CODE_OF_VIOL,PCF_VIOL_CATEGORY,PCF_VIOLATION,PCF_VIOL_SUBSECTION,HIT_AND_RUN,TYPE_OF_COLLISION,MVIW,PED_ACTION,ROAD_SURFACE,ROAD_COND_1,ROAD_COND_2,LIGHTING,CONTROL_DEVICE,CHP_ROAD_TYPE,PEDESTRIAN_ACCIDENT,BICYCLE_ACCIDENT,MOTORCYCLE_ACCIDENT,TRUCK_ACCIDENT,NOT_PRIVATE_PROPERTY,ALCOHOL_INVOLVED,STWD_VEHTYPE_AT_FAULT,CHP_VEHTYPE_AT_FAULT,COUNT_SEVERE_INJ,COUNT_VISIBLE_INJ,COUNT_COMPLAINT_PAIN,COUNT_PED_KILLED,COUNT_PED_INJURED,COUNT_BICYCLIST_KILLED,COUNT_BICYCLIST_INJURED,COUNT_MC_KILLED,COUNT_MC_INJURED,PRIMARY_RAMP,SECONDARY_RAMP,LATITUDE,LONGITUDE,COUNTY,CITY,POINT_X,POINT_Y
8638228,2018,2018-06-27,3711,2018-06-04,1155,5747,NA,1,5,7,3711,0,0,0,NA,0,611,BARNETT AV,PACIFIC HWY,60,S,N,A,-,N,NA,NA,NA,NA,NA,NA,NA,NA,NA,N,3,0,1,1,A,-,03,22350,NA,N,E,I,A,A,H,-,A,D,0,NA,NA,Y,NA,Y,NA,C,02,0,1,0,0,0,0,0,0,1,-,-,NA,NA,SAN DIEGO,SAN DIEGO,-117.1960906982422,32.74580764770508
8638323,2018,2018-06-20,3705,2018-05-18,1529,EC0337,NA,5,5,5,3705,0,0,0,NA,0,004,AVOCADO,CAMDEN,0,NA,Y,A,-,N,NA,NA,NA,NA,NA,NA,NA,NA,NA,Y,4,0,1,2,A,-,09,21802,A,F,D,C,A,A,H,-,A,A,0,NA,NA,NA,NA,Y,NA,A,01,0,0,1,0,0,0,0,0,0,-,-,NA,NA,SAN DIEGO,EL CAJON,-116.95761871337892,32.79021072387695
8638398,2018,2018-06-21,3705,2018-05-17,1321,EC0337,NA,4,5,5,3705,0,0,0,NA,0,003,E MAIN,GREENFIELD,0,NA,Y,A,-,N,NA,NA,NA,NA,NA,NA,NA,NA,NA,Y,4,0,2,3,A,-,09,21453,C,N,D,C,A,A,H,-,A,A,0,NA,NA,NA,NA,Y,NA,A,07,0,0,2,0,0,0,0,0,0,-,-,NA,NA,SAN DIEGO,EL CAJON,-116.91854858398438,32.81230926513672
8640813,2018,2018-06-28,3711,2018-06-14,1115,7601,SAN D,4,5,7,3711,0,0,0,NA,0,625,HARNEY ST,JUAN ST,170,W,N,A,-,N,NA,NA,NA,NA,NA,NA,NA,NA,NA,N,3,0,1,2,A,-,-,NA,NA,N,G,B,E,A,H,-,A,D,0,Y,NA,NA,NA,Y,NA,N,60,0,1,0,0,1,0,0,0,0,-,-,NA,NA,SAN DIEGO,SAN DIEGO,-117.19424438476563,32.75352478027344
8641127,2018,2018-07-03,3700,2018-05-24,0746,SH3183,NA,4,5,5,3713,0,0,0,NA,0,312,SUNSET DR,BUSCH DR,387,W,N,B,-,N,NA,NA,NA,NA,NA,NA,NA,NA,NA,Y,2,0,1,3,A,-,05,21460,A,N,B,C,A,B,H,-,A,D,0,NA,NA,NA,NA,Y,NA,A,07,1,0,0,0,0,0,0,0,0,-,-,NA,NA,SAN DIEGO,VISTA,-117.27626037597656,33.18411636352539
8641230,2018,2018-07-03,3706,2018-06-15,1021,1846,ESCON,5,5,6,3706,0,0,0,NA,0,045,CENTRE CITY PKWY,MISSION AV,103,N,N,A,-,N,NA,NA,NA,NA,NA,NA,NA,NA,NA,Y,4,0,2,2,A,-,03,22350,NA,N,C,C,A,A,H,-,A,A,0,NA,NA,NA,NA,Y,NA,A,01,0,0,2,0,0,0,0,0,0,-,-,33.128501892089844,-117.09149169921876,SAN DIEGO,ESCONDIDO,-117.09180450439452,33.12862014770508
8641234,2018,2018-07-03,3706,2018-06-16,1703,1603,ESCON,6,5,6,3706,0,0,0,NA,0,041,EL NORTE PKWY,BROADWAY,447,W,N,A,-,N,NA,NA,NA,NA,NA,NA,NA,NA,NA,Y,3,0,1,2,A,-,08,22107,NA,N,D,C,A,A,H,-,A,D,0,NA,NA,Y,NA,Y,NA,A,07,0,1,0,0,0,0,0,0,1,-,-,33.13990020751953,-117.08950042724608,SAN DIEGO,ESCONDIDO,-117.08950042724608,33.1397705078125
8641632,2018,2018-06-26,3711,2018-06-03,0957,7704,NA,7,5,7,3711,0,0,0,NA,0,441,IMPERIAL,37TH ST,0,NA,Y,A,-,N,NA,NA,NA,NA,NA,NA,NA,NA,NA,Y,4,0,1,2,A,-,09,21801,A,N,-,C,A,A,H,-,A,D,0,NA,NA,NA,NA,Y,NA,-,NA,0,0,1,0,0,0,0,0,0,-,-,NA,NA,SAN DIEGO,SAN DIEGO,-117.11463928222656,32.70484161376953
8641652,2018,2018-06-22,3711,2018-06-02,2119,6366,NA,6,5,7,3711,0,0,0,NA,0,512,29TH ST,L ST,0,NA,Y,A,-,N,NA,NA,NA,NA,NA,NA,NA,NA,NA,N,4,0,1,2,A,-,09,21802,A,N,D,G,A,A,H,-,C,D,0,NA,Y,NA,NA,Y,NA,A,01,0,0,1,0,0,0,1,0,0,-,-,NA,NA,SAN DIEGO,SAN DIEGO,-117.13208770751952,32.70743942260742
8641738,2018,2018-06-21,3711,2018-06-11,1630,6381,NA,1,5,7,3711,0,0,0,NA,0,451,54TH ST,MCGANN DR,0,NA,Y,A,-,N,NA,NA,NA,NA,NA,NA,NA,NA,NA,N,4,0,1,2,A,-,08,22107,NA,N,B,C,A,A,H,-,A,D,0,NA,NA,NA,NA,Y,NA,-,NA,0,0,1,0,0,0,0,0,0,-,-,NA,NA,SAN DIEGO,SAN DIEGO,-117.08190155029295,32.72737121582031
8641866,2018,2018-06-25,3711,2018-05-29,1241,7502,NA,2,5,7,3711,0,0,0,NA,0,612,LYTTON ST,ST CHARLES ST,0,NA,Y,B,-,N,NA,NA,NA,NA,NA,NA,NA,NA,NA,N,4,0,1,2,A,-,09,21800,A,N,D,C,A,A,H,-,A,D,0,NA,NA,NA,NA,Y,NA,A,01,0,0,1,0,0,0,0,0,0,-,-,NA,NA,SAN DIEGO,SAN DIEGO,-117.21058654785156,32.74309158325195
8642306,2018,2018-07-10,3701,2018-06-13,0908,CB5427,NA,3,5,5,3701,0,0,0,NA,0,008,EL CAMINO REAL,LA COSTA AV,487,N,N,A,-,N,NA,NA,NA,NA,NA,NA,NA,NA,NA,Y,3,0,3,3,A,-,09,21801,A,N,D,C,A,A,H,-,A,-,0,NA,NA,NA,NA,Y,NA,A,01,0,1,2,0,0,0,0,0,0,-,-,NA,NA,SAN DIEGO,CARLSBAD,-117.26897430419922,33.08674240112305
8642736,2018,2018-07-05,3701,2018-06-01,0209,CB5342,NA,5,5,5,3701,0,0,0,NA,0,001,CARLSBAD BL,CARLSBAD VILLAGE DR,145,S,N,A,-,N,NA,NA,NA,NA,NA,NA,NA,NA,NA,N,2,0,1,1,A,-,08,22107,NA,N,E,I,A,A,H,-,C,D,0,NA,NA,NA,NA,Y,NA,A,01,1,0,0,0,0,0,0,0,0,-,-,NA,NA,SAN DIEGO,CARLSBAD,-117.35083770751952,33.157814025878906
8643536,2018,2018-07-12,3711,2018-06-13,1314,5600,NA,3,5,7,3711,0,0,0,NA,0,232,WORLD TRADE DR,HIGHLAND RANCH RD,320,N,N,A,-,N,NA,NA,NA,NA,NA,NA,NA,NA,NA,Y,2,0,2,2,A,-,08,22107,NA,N,C,E,A,A,H,-,A,D,0,NA,NA,NA,NA,Y,NA,A,01,1,1,0,0,0,0,0,0,0,-,-,NA,NA,SAN DIEGO,SAN DIEGO,-117.07378387451172,32.98297119140625
8643681,2018,2018-06-28,3705,2018-05-04,2235,EC0371,NA,5,5,5,3705,0,0,0,NA,0,002,BROADWAY,CHERRYWOOD WY,162,E,N,A,-,N,NA,NA,NA,NA,NA,NA,NA,NA,NA,Y,3,0,1,2,A,-,09,21804,A,N,B,C,A,A,H,-,C,D,0,NA,NA,Y,NA,Y,NA,A,01,0,1,0,0,0,0,0,0,1,-,-,NA,NA,SAN DIEGO,EL CAJON,-116.95321655273438,32.807701110839844
8645771,2018,2018-07-09,3702,2018-06-15,1430,CV1148,NA,5,5,6,3702,0,0,0,NA,0,021,BROADWAY,PALOMAR,854,S,N,A,-,N,NA,NA,NA,NA,NA,NA,NA,NA,NA,N,4,0,1,2,A,-,06,21754,NA,N,B,C,A,A,D,-,A,D,0,NA,NA,Y,NA,Y,NA,C,02,0,0,1,0,0,0,0,0,1,-,-,NA,NA,SAN DIEGO,CHULA VISTA,-117.077880859375,32.601200103759766
8645803,2018,2018-07-09,3702,2018-06-06,1759,CV0935,NA,3,5,6,3702,0,0,0,NA,0,023,EAST L ST,MONSERATE AV,7,W,N,A,-,N,NA,NA,NA,NA,NA,NA,NA,NA,NA,Y,4,0,1,2,A,-,01,23152,A,N,B,C,A,A,H,-,A,A,0,NA,NA,NA,NA,Y,Y,A,01,0,0,1,0,0,0,0,0,0,-,-,NA,NA,SAN DIEGO,CHULA VISTA,-117.05194854736328,32.6262321472168
8648107,2018,2018-09-20,3711,2018-08-03,0416,6764,NA,5,5,7,3711,0,0,0,NA,0,437,PARKSIDE AV,OMEGA DR,175,N,N,A,-,N,NA,NA,NA,NA,NA,NA,NA,NA,NA,Y,1,1,0,3,A,-,08,22107,NA,N,B,E,A,A,H,-,C,D,0,NA,NA,NA,NA,Y,NA,A,01,0,0,0,0,0,0,0,0,0,-,-,NA,NA,SAN DIEGO,SAN DIEGO,-117.0429458618164,32.67371368408203
8648298,2018,2018-10-25,3711,2018-08-16,1230,6774,NA,4,5,7,3711,0,0,0,NA,0,622,FRIARS RD,GAINES ST,0,NA,Y,B,-,N,NA,NA,NA,NA,NA,NA,NA,NA,NA,Y,1,1,0,2,A,-,03,22350,NA,N,D,C,A,A,H,-,A,D,0,NA,NA,Y,Y,Y,NA,C,02,0,0,0,0,0,0,0,1,0,-,-,NA,NA,SAN DIEGO,SAN DIEGO,-117.18498229980467,32.766319274902344
8648316,2018,2018-11-02,3700,2018-04-09,1634,SH9371,NA,1,5,4,3780,0,0,0,NA,0,416,COMMUNITY RD,METATE LN,500,N,N,A,-,N,NA,NA,NA,NA,NA,NA,NA,NA,NA,Y,1,1,3,4,A,-,01,23153,F,N,D,C,A,A,H,-,A,D,0,NA,NA,NA,NA,Y,NA,A,01,0,0,3,0,0,0,0,0,0,-,-,NA,NA,SAN DIEGO,POWAY,-117.0420379638672,32.95020294189453
8648774,2018,2018-08-17,3702,2018-05-12,0043,CV1201,NA,6,5,6,3702,0,0,0,NA,0,011,E ST,RT 5,0,E,N,A,-,Y,SD,11,5,-,-,9.152,R,4,N,Y,2,0,2,1,A,-,01,23153,B,N,E,I,A,A,H,-,C,A,0,NA,NA,NA,NA,Y,Y,A,01,1,0,1,0,0,0,0,0,0,-,NO,NA,NA,SAN DIEGO,CHULA VISTA,-117.10272216796876,32.647762298583984
8649521,2018,2018-08-27,3705,2018-06-23,1048,EC0219,NA,6,5,5,3705,0,0,0,NA,0,002,FLETCHER PKWY,VILLAGE PARK WY,25,E,N,B,-,N,NA,NA,NA,NA,NA,NA,NA,NA,NA,Y,4,0,2,3,A,-,12,21453,A,N,D,C,A,A,H,-,A,A,0,NA,NA,NA,NA,Y,NA,A,01,0,0,2,0,0,0,0,0,0,-,-,NA,NA,SAN DIEGO,EL CAJON,-116.96732551,32.8075693
8649563,2018,2018-08-28,3705,2018-07-03,0450,EC0362,NA,2,5,5,3705,0,0,0,NA,0,002,JOEY,JOEY 500,0,NA,Y,A,-,N,NA,NA,NA,NA,NA,NA,NA,NA,NA,N,2,0,1,2,D,-,00,NA,NA,F,G,B,F,A,H,-,C,D,0,Y,NA,NA,NA,Y,NA,-,-,1,0,0,0,1,0,0,0,0,-,-,NA,NA,SAN DIEGO,EL CAJON,-116.95637673,32.80228336
8650815,2018,2018-10-10,3711,2018-07-31,1300,5472,NA,2,5,7,3711,0,0,0,NA,0,243,MIRAMAR RD,MIRAMAR RD 7300,0,NA,Y,A,-,N,NA,NA,NA,NA,NA,NA,NA,NA,NA,Y,3,0,2,2,A,-,09,21801,A,N,D,C,A,A,H,-,A,D,0,NA,NA,NA,NA,Y,NA,-,NA,0,2,0,0,0,0,0,0,0,-,-,32.525699615478516,-117.91999816894533,SAN DIEGO,SAN DIEGO,-117.15620577,32.88199212
8650822,2018,2018-10-11,3711,2018-08-01,1319,7601,SANDI,3,5,7,3711,0,0,0,NA,0,627,WASHINGTON ST,4TH AV,50,E,N,A,-,N,NA,NA,NA,NA,NA,NA,NA,NA,NA,N,4,0,2,3,A,-,03,22350,NA,N,C,C,A,A,H,-,A,A,0,NA,NA,NA,NA,Y,NA,-,NA,0,0,2,0,0,0,0,0,0,-,-,NA,NA,SAN DIEGO,SAN DIEGO,-117.16146850585938,32.74999237060547
8651912,2018,2018-10-22,3711,2018-08-29,2135,5105,NA,3,5,7,3711,0,0,0,NA,0,232,CAMINO DEL NORTE,RT 15,0,NA,Y,A,-,Y,SD,11,15,-,M,21.798,R,4,S,Y,3,0,2,2,A,-,08,22107,NA,N,-,C,A,A,H,-,C,A,0,NA,NA,NA,NA,Y,NA,-,NA,0,2,0,0,0,0,0,0,0,-,-,NA,NA,SAN DIEGO,SAN DIEGO,-117.08380889892578,32.99614715576172
8653454,2016,2018-07-09,3711,2016-06-24,1417,8447,NA,5,5,7,3711,0,0,0,NA,0,811,MONROE AV,FELTON ST,40,W,N,A,-,N,NA,NA,NA,NA,NA,NA,NA,NA,NA,N,4,0,1,1,A,-,03,22350,NA,N,-,-,A,A,H,-,A,D,0,NA,Y,NA,NA,Y,NA,L,04,0,0,1,0,0,0,1,0,0,-,-,NA,NA,SAN DIEGO,SAN DIEGO,-117.12190967,32.75904
8653462,2018,2018-07-09,3711,2018-06-21,1137,6618,NA,4,5,7,3711,0,0,0,NA,0,722,ORO VISTA RD,TOCAYO AV,45,N,N,A,-,N,NA,NA,NA,NA,NA,NA,NA,NA,NA,Y,3,0,4,2,A,-,12,21453,A,N,D,C,A,A,H,-,A,A,0,NA,NA,NA,NA,Y,NA,-,NA,0,2,2,0,0,0,0,0,0,-,-,NA,NA,SAN DIEGO,SAN DIEGO,-117.07937622070313,32.56541442871094
8654455,2018,2018-07-17,3711,2018-06-28,1246,7751,NA,4,5,7,3711,0,0,0,NA,0,511,MAIN ST,SOUTH 32ND ST,0,NA,Y,A,-,N,NA,NA,NA,NA,NA,NA,NA,NA,NA,Y,4,0,1,2,A,-,03,22350,NA,N,D,C,A,A,H,-,A,A,0,NA,NA,NA,NA,Y,NA,-,NA,0,0,1,0,0,0,0,0,0,-,-,NA,NA,SAN DIEGO,SAN DIEGO,-117.12534332275392,32.6923713684082
8657534,2018,2018-10-10,3706,2018-07-19,1104,374,ESCON,4,5,6,3706,0,0,0,NA,0,045,9TH AV,VALLEY PKWY,0,NA,Y,A,-,N,NA,NA,NA,NA,NA,NA,NA,NA,NA,Y,2,0,2,2,A,-,09,21453,C,N,A,C,A,A,H,-,A,A,0,NA,NA,NA,NA,Y,NA,A,01,1,1,0,0,0,0,0,0,0,-,-,33.11064147949219,-117.10350799560548,SAN DIEGO,ESCONDIDO,-117.10352325439452,33.11069869995117
8658288,2018,2018-08-10,3702,2018-05-29,2145,CV1005,NA,2,5,6,3702,0,0,0,NA,0,041,EAST PALOMAR ST,SANTA FLORA RD,220,E,N,A,-,N,NA,NA,NA,NA,NA,NA,NA,NA,NA,Y,3,0,1,1,A,-,01,23152,A,N,E,I,A,B,G,-,C,D,0,NA,NA,NA,NA,Y,Y,A,01,0,1,0,0,0,0,0,0,0,-,-,NA,NA,SAN DIEGO,CHULA VISTA,-116.99188232421876,32.62998962402344
8659949,2018,2018-07-18,3711,2018-06-30,2300,7595,NA,6,5,7,3711,0,0,0,NA,0,813,OHIO ST,POLK AV,231,S,N,B,-,N,NA,NA,NA,NA,NA,NA,NA,NA,NA,Y,4,0,1,2,A,-,08,22107,NA,N,B,E,A,A,B,-,C,D,0,NA,NA,NA,NA,Y,Y,A,01,0,0,1,0,0,0,0,0,0,-,-,NA,NA,SAN DIEGO,SAN DIEGO,-117.1289520263672,32.7515983581543
8660442,2018,2018-07-17,3711,2018-07-02,1442,6986,NA,1,5,7,3711,0,0,0,NA,0,836,45TH ST,THORN ST,200,N,N,A,-,N,NA,NA,NA,NA,NA,NA,NA,NA,NA,Y,4,0,1,2,A,-,08,22107,NA,N,C,E,A,A,H,-,A,D,0,NA,NA,NA,Y,Y,NA,A,01,0,0,1,0,0,0,0,0,0,-,-,NA,NA,SAN DIEGO,SAN DIEGO,-117.09774017333984,32.74076461791992
8661368,2018,2018-07-18,3711,2018-07-04,1030,7488,NA,3,5,7,3711,0,0,0,NA,0,723,TWINING AV,DEL SOL BL,12,S,N,A,-,N,NA,NA,NA,NA,NA,NA,NA,NA,NA,N,4,0,1,2,A,-,09,21800,A,N,A,C,A,A,H,-,A,D,0,NA,NA,NA,NA,Y,NA,-,-,0,0,1,0,0,0,0,0,0,-,-,NA,NA,SAN DIEGO,SAN DIEGO,-117.0453872680664,32.57354736328125
8662093,2018,2018-08-21,3700,2018-07-14,1232,SH3284,NA,6,5,2,3704,0,0,0,NA,0,292,CAMINO DEL MAR,VIA DE LA VALLE,1441,S,N,B,-,N,NA,NA,NA,NA,NA,NA,NA,NA,NA,N,4,0,1,3,A,-,03,22350,NA,N,C,C,A,A,H,-,A,D,0,NA,NA,NA,NA,Y,NA,A,01,0,0,1,0,0,0,0,0,0,-,-,NA,NA,SAN DIEGO,DEL MAR,-117.26912689208984,32.97630310058594
8664697,2018,2018-08-06,3711,2018-07-11,0951,7125,NA,3,5,7,3711,0,0,0,NA,0,824,EUCLID AV,EL CAJON BL,10,N,N,A,-,N,NA,NA,NA,NA,NA,NA,NA,NA,NA,N,2,0,1,2,A,-,11,21456,B,N,D,J,A,A,H,-,A,A,0,NA,NA,NA,NA,Y,NA,-,NA,1,0,0,0,0,0,0,0,0,-,-,NA,NA,SAN DIEGO,SAN DIEGO,-117.09220886230467,32.75606918334961
8667115,2018,2018-08-15,3710,2018-06-08,0420,OC1415,006,5,5,6,3710,0,0,0,NA,0,001,RT 76,NORTH COAST HWY,1033,E,N,A,-,Y,SD,11,76,-,R,0.02,H,-,W,Y,4,0,2,1,A,-,01,23152,A,N,E,I,A,B,H,-,C,A,0,NA,NA,NA,NA,Y,Y,A,01,0,0,2,0,0,0,0,0,0,-,-,NA,NA,SAN DIEGO,OCEANSIDE,-117.3831787109375,33.20512771606445
8668665,2018,2018-07-31,3711,2018-06-04,1340,5600,NA,1,5,7,3711,0,0,0,NA,0,521,F ST,15TH ST,10,W,N,A,-,N,NA,NA,NA,NA,NA,NA,NA,NA,NA,N,2,0,1,2,A,-,10,21950,A,M,G,B,B,A,H,-,A,A,0,Y,NA,NA,NA,Y,NA,A,01,1,0,0,0,1,0,0,0,0,-,-,NA,NA,SAN DIEGO,SAN DIEGO,-117.1504135131836,32.71366882324219
8669196,2018,2018-10-24,3709,2018-07-12,1506,NC0495,NA,4,5,5,3709,0,0,0,NA,0,021,EAST PLAZA BL,RT 805,52,W,N,A,-,Y,SD,11,805,-,-,10.512,R,4,S,N,4,0,2,2,A,-,03,22350,NA,N,C,C,A,A,H,-,A,-,0,NA,NA,NA,NA,Y,NA,A,07,0,0,2,0,0,0,0,0,0,-,SF,NA,NA,SAN DIEGO,NATIONAL CITY,-117.08632659912108,32.68011474609375
8669936,2018,2018-09-05,3700,2018-06-12,0745,SH2505,NA,2,5,5,3712,0,0,0,NA,0,355,S. RANCHO SANTA FE RD,GRANDON AVE,0,NA,Y,A,-,N,NA,NA,NA,NA,NA,NA,NA,NA,NA,Y,4,0,1,2,A,-,12,21453,A,N,C,C,A,A,H,-,A,A,0,NA,NA,NA,NA,Y,NA,A,01,0,0,1,0,0,0,0,0,0,-,-,NA,NA,SAN DIEGO,SAN MARCOS,-117.20581817626952,33.13539123535156
8672311,2018,2018-08-21,3711,2018-07-18,1409,5450,NA,3,5,7,3711,0,0,0,NA,0,324,NAVAJO RD,LAKE MURRAY BL,44,E,N,A,-,N,NA,NA,NA,NA,NA,NA,NA,NA,NA,Y,3,0,1,2,A,-,08,22101,D,N,F,C,A,A,H,-,A,A,0,NA,NA,NA,NA,Y,NA,A,01,0,1,0,0,0,0,0,0,0,-,-,NA,NA,SAN DIEGO,SAN DIEGO,-117.01031494140624,32.80292510986328
8672580,2018,2018-08-15,3710,2018-05-15,1725,OC1443,016,2,5,6,3710,0,0,0,NA,0,008,EL CAMINIO REAL,MISSION AV,21,S,N,A,-,N,NA,NA,NA,NA,NA,NA,NA,NA,NA,N,4,0,1,2,A,-,03,22350,NA,N,C,C,A,A,H,-,A,A,0,NA,NA,NA,NA,Y,NA,A,01,0,0,1,0,0,0,0,0,0,-,-,NA,NA,SAN DIEGO,OCEANSIDE,-117.33103942871094,33.22580337524414
8673316,2018,2018-07-31,3708,2018-06-01,0204,LM1259,NA,5,5,5,3708,0,0,0,NA,0,002,LA MESA BL,NEBO DR,0,NA,Y,A,-,N,NA,NA,NA,NA,NA,NA,NA,NA,NA,N,4,0,1,2,A,-,10,21950,A,N,B,B,B,A,H,-,C,D,0,Y,NA,NA,NA,Y,Y,D,22,0,0,1,0,1,0,0,0,0,-,-,NA,NA,SAN DIEGO,LA MESA,-117.02039337158205,32.76441192626953
8673882,2018,2018-10-10,3711,2018-07-19,0917,7516,SANDI,4,5,7,3711,0,0,0,NA,0,521,MARKET ST,MARKET ST 1500,21,S,N,A,-,N,NA,NA,NA,NA,NA,NA,NA,NA,NA,Y,3,0,1,2,A,-,09,21802,A,N,D,C,A,A,H,-,A,A,0,NA,NA,Y,NA,Y,NA,C,02,0,1,0,0,0,0,0,0,1,-,-,NA,NA,SAN DIEGO,SAN DIEGO,NA,NA
8673906,2018,2018-10-10,3711,2018-07-25,0450,4421,NA,3,5,7,3711,0,0,0,NA,0,931,MIRA MESA BL,OBERLIN DR,20,W,N,A,-,N,NA,NA,NA,NA,NA,NA,NA,NA,NA,Y,3,0,2,2,A,-,03,22350,NA,N,C,C,A,A,H,-,C,A,0,NA,NA,NA,NA,Y,NA,A,01,0,2,0,0,0,0,0,0,0,-,-,NA,NA,SAN DIEGO,SAN DIEGO,-117.19316864013672,32.89608383178711
8673940,2018,2018-08-27,3700,2018-07-07,0931,SH3183,NA,6,5,5,3713,0,0,0,NA,0,308,NORTH EMERALD DR,DATE ST,315,S,N,A,-,N,NA,NA,NA,NA,NA,NA,NA,NA,NA,Y,4,0,1,2,A,-,09,21804,A,N,D,C,A,A,H,-,A,D,0,NA,NA,NA,NA,Y,NA,A,01,0,0,1,0,0,0,0,0,0,-,-,NA,NA,SAN DIEGO,VISTA,-117.27948760986328,33.19256591796875
8674545,2018,2018-10-08,3711,2018-08-05,0930,4957,NA,7,5,7,3711,0,0,0,NA,0,233,CARMEL MOUNTAIN RD,GERANA ST,20,N,N,A,-,N,NA,NA,NA,NA,NA,NA,NA,NA,NA,N,3,0,2,2,A,-,08,22107,NA,N,D,C,A,A,H,-,A,D,0,NA,NA,NA,NA,Y,NA,A,01,0,2,0,0,0,0,0,0,0,-,-,NA,NA,SAN DIEGO,SAN DIEGO,-117.09288787841795,32.973270416259766
8674952,2018,2018-11-13,3700,2018-07-05,1613,SH7382,NA,4,5,5,3782,0,0,0,NA,0,240,S COAST HWY 101,CHESTERFIELD DR,0,NA,Y,A,-,N,NA,NA,NA,NA,NA,NA,NA,NA,NA,N,3,0,1,3,A,-,08,22107,NA,N,B,C,A,A,H,-,A,A,0,NA,NA,Y,NA,Y,NA,A,07,0,1,0,0,0,0,0,0,1,-,-,NA,NA,SAN DIEGO,ENCINITAS,-117.28233337402344,33.0190315246582
8676338,2018,2018-08-15,3711,2018-07-18,2052,6967,NA,3,5,7,3711,0,0,0,NA,0,311,AERO DR,MURPHY CANYON RD,0,NA,Y,A,-,N,NA,NA,NA,NA,NA,NA,NA,NA,NA,NA,4,0,1,2,A,-,09,21800,D,N,D,C,A,A,D,-,C,B,0,NA,NA,NA,NA,Y,NA,A,01,0,0,1,0,0,0,0,0,0,-,-,NA,NA,SAN DIEGO,SAN DIEGO,-117.11663818359376,32.80958938598633
8678210,2018,2018-10-22,3710,2018-07-25,1819,OC1457,NA,3,5,6,3710,0,0,0,NA,0,NA,RT 76,FOUSSAT ST,500,E,N,A,-,Y,SD,11,76,-,M,2.63,H,-,W,N,4,0,1,2,B,-,22,NA,NA,N,C,C,A,A,H,-,A,D,0,NA,NA,NA,NA,Y,NA,A,01,0,0,1,0,0,0,0,0,0,-,-,33.21855163574219,-117.34391784667967,SAN DIEGO,OCEANSIDE,-117.34307861328124,33.21875
8682008,2018,2018-09-12,3711,2018-07-12,1233,SD6702,NA,4,5,7,3711,0,0,0,NA,0,313,BALBOA AV,RUFFNER RD,60,W,N,A,-,N,NA,NA,NA,NA,NA,NA,NA,NA,NA,N,4,0,1,2,A,-,03,22350,NA,N,C,C,A,A,H,-,A,D,0,NA,NA,NA,NA,Y,NA,D,22,0,0,1,0,0,0,0,0,0,-,-,NA,NA,SAN DIEGO,SAN DIEGO,-117.15706634521484,32.82183074951172
8683921,2018,2018-09-12,3711,2018-06-13,0851,7488,NA,3,5,7,3711,0,0,0,NA,0,723,BEYER BL,CORONADO AV,12,N,N,A,-,N,NA,NA,NA,NA,NA,NA,NA,NA,NA,Y,4,0,4,2,A,-,12,21453,A,N,A,C,A,A,H,-,A,A,0,NA,NA,NA,NA,Y,NA,A,01,0,0,4,0,0,0,0,0,0,-,-,NA,NA,SAN DIEGO,SAN DIEGO,-117.06893920898438,32.57687759399414
8684008,2018,2018-09-06,3711,2018-08-04,1258,6461,NA,6,5,7,3711,0,0,0,NA,0,122,GARNET AV,MISSION BAY DR,200,E,N,A,-,N,NA,NA,NA,NA,NA,NA,NA,NA,NA,N,3,0,1,4,A,-,03,22350,A,M,B,C,A,A,H,-,A,D,0,NA,NA,Y,NA,Y,NA,D,22,0,1,0,0,0,0,0,0,1,-,-,NA,NA,SAN DIEGO,SAN DIEGO,-117.21834564208984,32.8062858581543
8684624,2018,2018-09-18,3711,2018-08-12,1500,HB5961,NA,7,5,7,3711,0,0,0,NA,0,504,WEST ASH ST,NORTH HARBOR DR,0,NA,Y,A,-,N,NA,NA,NA,NA,NA,NA,NA,NA,NA,N,3,0,1,1,A,-,03,22350,NA,N,H,J,A,A,A,B,A,D,0,NA,NA,Y,NA,Y,NA,C,03,0,1,0,0,0,0,0,0,1,-,-,NA,NA,SAN DIEGO,SAN DIEGO,-117.1731185913086,32.71984100341797
8684860,2018,2018-10-05,3711,2018-08-08,0109,6146,NA,3,5,7,3711,0,0,0,NA,0,233,CARMEL MOUNTAIN RD,PASEO MONTALBAN,576,N,N,A,-,N,NA,NA,NA,NA,NA,NA,NA,NA,NA,Y,3,0,1,1,A,-,08,22107,NA,N,E,I,A,A,H,-,A,D,0,NA,NA,NA,NA,Y,NA,A,01,0,1,0,0,0,0,0,0,0,-,-,NA,NA,SAN DIEGO,SAN DIEGO,-117.11848449707033,32.96383285522461
8685225,2018,2018-08-28,3711,2018-08-10,0030,4576,NA,5,5,7,3711,0,0,0,NA,0,443,VESTA ST,ACACIA ST,42,W,N,A,-,N,NA,NA,NA,NA,NA,NA,NA,NA,NA,Y,3,0,2,2,A,-,08,22107,NA,M,D,E,A,A,G,-,C,A,0,NA,NA,NA,NA,Y,Y,D,22,0,1,1,0,0,0,0,0,0,-,-,NA,NA,SAN DIEGO,SAN DIEGO,-117.11229705810548,32.68865966796875