CASE_ID,ACCIDENT_YEAR,PROC_DATE,JURIS,COLLISION_DATE,COLLISION_TIME,OFFICER_ID,REPORTING_DISTRICT,DAY_OF_WEEK,CHP_SHIFT,POPULATION,CNTY_CITY_LOC,SPECIAL_COND,BEAT_TYPE,CHP_BEAT_TYPE,CITY_DIVISION_LAPD,CHP_BEAT_CLASS,BEAT_NUMBER,PRIMARY_RD,SECONDARY_RD,DISTANCE,DIRECTION,INTERSECTION,WEATHER_1,WEATHER_2,STATE_HWY_IND,CALTRANS_COUNTY,CALTRANS_DISTRICT,STATE_ROUTE,ROUTE_SUFFIX,POSTMILE_PREFIX,POSTMILE,LOCATION_TYPE,RAMP_INTERSECTION,SIDE_OF_HWY,TOW_AWAY,COLLISION_SEVERITY,NUMBER_KILLED,NUMBER_INJURED,PARTY_COUNT,PRIMARY_COLL_FACTOR,PCF_CODE_OF_VIOL,PCF_VIOL_CATEGORY,PCF_VIOLATION,PCF_VIOL_SUBSECTION,HIT_AND_RUN,TYPE_OF_COLLISION,MVIW,PED_ACTION,ROAD_SURFACE,ROAD_COND_1,ROAD_COND_2,LIGHTING,CONTROL_DEVICE,CHP_ROAD_TYPE,PEDESTRIAN_ACCIDENT,BICYCLE_ACCIDENT,MOTORCYCLE_ACCIDENT,TRUCK_ACCIDENT,NOT_PRIVATE_PROPERTY,ALCOHOL_INVOLVED,STWD_VEHTYPE_AT_FAULT,CHP_VEHTYPE_AT_FAULT,COUNT_SEVERE_INJ,COUNT_VISIBLE_INJ,COUNT_COMPLAINT_PAIN,COUNT_PED_KILLED,COUNT_PED_INJURED,COUNT_BICYCLIST_KILLED,COUNT_BICYCLIST_INJURED,COUNT_MC_KILLED,COUNT_MC_INJURED,PRIMARY_RAMP,SECONDARY_RAMP,LATITUDE,LONGITUDE,COUNTY,CITY,POINT_X,POINT_Y
8759948,2018,2018-12-27,3711,2018-11-22,1530,7425,NA,4,5,7,3711,0,0,0,NA,0,124,LA JOLLA BL,PEARL ST,210,S,N,A,-,N,NA,NA,NA,NA,NA,NA,NA,NA,NA,N,3,0,1,2,A,-,21,22106,NA,N,G,B,E,A,H,-,A,D,0,Y,NA,NA,NA,Y,NA,A,01,0,1,0,0,1,0,0,0,0,-,-,NA,NA,SAN DIEGO,SAN DIEGO,-117.27832794189452,32.83856201171875
8760000,2018,2019-01-26,3711,2018-12-06,0423,7310,NA,4,5,7,3711,0,0,0,NA,0,931,MIRA MESA BL,VISTA SORRENTO PKWY,40,E,N,C,-,N,NA,NA,NA,NA,NA,NA,NA,NA,NA,N,3,0,2,3,A,-,04,21703,NA,M,C,C,A,B,H,-,C,A,0,NA,NA,NA,NA,Y,NA,-,NA,0,2,0,0,0,0,0,0,0,-,-,NA,NA,SAN DIEGO,SAN DIEGO,-117.20497894287108,32.891334533691406
8760103,2018,2019-01-14,3710,2018-11-16,0853,OC1160,013,5,5,6,3710,0,0,0,NA,0,005,JEFFERSON ST,RT 78,0,NA,Y,A,-,Y,SD,11,78,-,-,0.647,R,4,W,Y,4,0,2,2,A,-,12,21453,A,N,D,C,A,A,H,-,A,A,0,NA,NA,NA,NA,Y,NA,A,01,0,0,2,0,0,0,0,0,0,-,-,33.18132019042969,-117.33985137939452,SAN DIEGO,OCEANSIDE,-117.34151458740234,33.18122863769531
8760967,2018,2019-01-26,3711,2018-12-15,1505,7614,NA,6,5,7,3711,0,0,0,NA,0,628,WEST WASHINGTON ST,INDIA ST,0,NA,-,A,-,N,NA,NA,NA,NA,NA,NA,NA,NA,NA,NA,3,0,1,1,A,-,03,22350,NA,N,H,-,A,A,H,-,A,D,0,NA,NA,Y,NA,Y,NA,C,03,0,1,0,0,0,0,0,0,1,-,-,32.744300842285156,-117.18070220947266,SAN DIEGO,SAN DIEGO,-117.18128967285156,32.74327850341797
8762082,2018,2019-02-01,3710,2018-12-20,0527,OC1417,020,4,5,6,3710,0,0,0,NA,0,010,HOLLY LN,NORTH RIVER RD,24,E,N,A,-,N,NA,NA,NA,NA,NA,NA,NA,NA,NA,Y,4,0,1,1,A,-,03,22350,NA,N,F,A,A,A,H,-,A,D,0,NA,NA,NA,NA,Y,NA,A,01,0,0,1,0,0,0,0,0,0,-,-,33.26346969604492,-117.24466705322266,SAN DIEGO,OCEANSIDE,-117.2450714111328,33.263484954833984
8762289,2018,2019-02-04,3711,2018-11-19,1759,5718,NA,1,5,7,3711,0,0,0,NA,0,232,CARMEL MOUNTAIN RD,RT 15,10,E,N,A,-,Y,SD,11,15,-,M,20.428,R,4,N,N,3,0,1,2,A,-,09,21453,B,N,G,B,B,A,H,-,C,A,0,Y,NA,NA,NA,Y,NA,D,22,0,1,0,0,1,0,0,0,0,-,NF,NA,NA,SAN DIEGO,SAN DIEGO,-117.08748626708984,32.97682571411133
8762294,2018,2019-01-02,3711,2018-11-26,0650,7109,NA,1,5,7,3711,0,0,0,NA,0,721,ELM AV,ELM AV  1700,9,S,N,A,-,N,NA,NA,NA,NA,NA,NA,NA,NA,NA,Y,4,0,1,4,A,-,09,21804,A,N,A,C,A,A,H,-,A,D,0,NA,NA,NA,NA,Y,NA,-,NA,0,0,1,0,0,0,0,0,0,-,-,NA,NA,SAN DIEGO,SAN DIEGO,NA,NA
8762326,2018,2019-01-31,3711,2018-12-15,1440,7526,SAN D,6,5,7,3711,0,0,0,NA,0,123,MISSION BAY DR,NORTH MISSION BAY DR,0,NA,Y,A,-,N,NA,NA,NA,NA,NA,NA,NA,NA,NA,N,4,0,1,1,A,-,21,22106,NA,N,E,I,A,A,H,-,A,D,0,NA,NA,Y,NA,Y,NA,C,03,0,0,1,0,0,0,0,0,1,-,-,32.798240661621094,-117.21134185791016,SAN DIEGO,SAN DIEGO,-117.21962738037108,32.809539794921875
8762390,2018,2019-01-23,3711,2018-12-13,1746,7833,NA,4,5,7,3711,0,0,0,NA,0,829,EUCLID AV,EUCLID AVE 3200,17,E,N,A,-,N,NA,NA,NA,NA,NA,NA,NA,NA,NA,N,4,0,1,2,A,-,11,21954,A,N,A,B,D,A,H,-,C,D,0,Y,NA,NA,NA,Y,Y,-,-,0,0,1,0,1,0,0,0,0,-,-,NA,NA,SAN DIEGO,SAN DIEGO,NA,NA
8763036,2017,2019-02-06,3700,2017-02-09,1600,SH4234,NA,4,5,4,3720,0,0,0,NA,0,607,SKYLINE DR,SUNSET TER,0,NA,Y,A,-,N,NA,NA,NA,NA,NA,NA,NA,NA,NA,N,4,0,1,3,D,-,00,NA,NA,N,G,B,-,A,H,-,A,D,0,Y,NA,NA,NA,Y,NA,-,-,0,0,1,0,1,0,0,0,0,-,-,NA,NA,SAN DIEGO,LEMON GROVE,-117.02609006,32.72077001
8763757,2018,2019-01-04,3701,2018-11-12,1713,CB5365,68,1,5,5,3701,0,0,0,NA,0,002,CARLSBAD BL,CEREZO DR,225,N,N,A,-,N,NA,NA,NA,NA,NA,NA,NA,NA,NA,Y,4,0,2,4,A,-,03,22350,NA,N,C,C,A,A,H,-,C,D,0,NA,NA,NA,NA,Y,NA,A,07,0,0,2,0,0,0,0,0,0,-,-,NA,NA,SAN DIEGO,CARLSBAD,-117.33307647705078,33.12907791137695
8763791,2018,2019-01-02,3710,2018-10-16,1750,OC1414,036,2,5,6,3710,0,0,0,NA,0,009,W BOBIER DR,MELROSE DR,25,E,N,A,-,N,NA,NA,NA,NA,NA,NA,NA,NA,NA,N,4,0,1,2,A,-,21,22106,NA,N,C,C,A,A,H,-,A,A,0,NA,NA,NA,NA,Y,NA,A,01,0,0,1,0,0,0,0,0,0,-,-,NA,NA,SAN DIEGO,OCEANSIDE,-117.25905508,33.22093756
8764597,2018,2019-01-11,3711,2018-12-19,0909,5654,NA,3,5,7,3711,0,0,0,NA,0,622,NAPA,GAINES ST,5,N,N,A,-,N,NA,NA,NA,NA,NA,NA,NA,NA,NA,Y,3,0,1,2,A,-,08,22107,NA,N,D,C,A,A,H,-,A,D,0,NA,NA,Y,NA,Y,NA,D,22,0,1,0,0,0,0,0,0,1,-,-,NA,NA,SAN DIEGO,SAN DIEGO,-117.19547271728516,32.764102935791016
8764771,2018,2019-02-15,3710,2018-12-21,2035,OC1355,007,5,5,6,3710,0,0,0,NA,0,002,SOUTH COAST HWY,W TOPEKA ST,10,N,N,A,-,N,NA,NA,NA,NA,NA,NA,NA,NA,NA,Y,4,0,1,2,A,-,08,22107,NA,N,D,C,A,A,H,-,C,D,0,NA,NA,NA,NA,Y,NA,A,07,0,0,1,0,0,0,0,0,0,-,-,NA,NA,SAN DIEGO,OCEANSIDE,-117.37808990478516,33.194183349609375
8765984,2018,2019-01-04,3711,2018-11-23,1428,4897,NA,5,5,7,3711,0,0,0,NA,0,111,CHATEAU DR,VERLEY CT,277,S,N,A,-,N,NA,NA,NA,NA,NA,NA,NA,NA,NA,Y,2,0,2,1,A,-,08,22107,NA,N,E,I,A,A,H,-,A,-,0,NA,NA,NA,NA,Y,NA,A,01,1,1,0,0,0,0,0,0,0,-,-,NA,NA,SAN DIEGO,SAN DIEGO,-117.18418884277344,32.82563018798828
8766017,2018,2019-01-04,3710,2018-11-05,0956,OC1454,033,1,5,6,3710,0,0,0,NA,0,009,OCEANSIDE BL,CATALINA CR,337,E,N,A,-,N,NA,NA,NA,NA,NA,NA,NA,NA,NA,N,4,0,1,1,A,-,03,22350,NA,N,H,A,A,A,H,-,A,D,0,NA,NA,Y,NA,Y,NA,C,03,0,0,1,0,0,0,0,0,1,-,-,NA,NA,SAN DIEGO,OCEANSIDE,-117.26524353027344,33.21921157836914
8766441,2018,2019-01-03,3700,2018-12-13,1150,SH0335,NA,4,5,5,3713,0,0,0,NA,0,308,NORTH MELROSE DR,WEST VISTA WY,0,NA,Y,A,-,N,NA,NA,NA,NA,NA,NA,NA,NA,NA,Y,4,0,1,2,D,-,00,NA,NA,N,D,C,A,A,H,-,A,A,0,NA,NA,NA,NA,Y,NA,-,-,0,0,1,0,0,0,0,0,0,-,-,NA,NA,SAN DIEGO,VISTA,-117.25466918945313,33.19552993774414
8767416,2018,2019-01-29,3709,2018-12-16,1510,NC0491,NA,7,5,5,3709,0,0,0,NA,0,021,HIGHLAND AV,HIGHLAND AV 1320,0,NA,Y,A,-,N,NA,NA,NA,NA,NA,NA,NA,NA,NA,Y,2,0,1,4,A,-,03,22350,NA,N,G,B,F,A,G,-,A,D,0,Y,NA,NA,NA,Y,NA,A,01,1,0,0,0,1,0,0,0,0,-,-,NA,NA,SAN DIEGO,NATIONAL CITY,-117.0969075,32.67325106
8767817,2018,2019-01-08,3706,2018-12-19,0058,513,ESCON,3,5,6,3706,0,0,0,NA,0,044,MISSION AV,FERN ST,104,W,N,A,-,N,NA,NA,NA,NA,NA,NA,NA,NA,NA,Y,3,0,3,2,A,-,08,22107,NA,N,C,E,A,A,H,-,C,D,0,NA,NA,NA,NA,Y,NA,A,01,0,1,2,0,0,0,0,0,0,-,-,33.143531799316406,-117.05776214599608,SAN DIEGO,ESCONDIDO,-117.05804443359376,33.14342498779297
8767873,2018,2019-01-22,3702,2018-12-04,0230,CV0912,NA,2,5,6,3702,0,0,0,NA,0,042,SOUTH GREENSVIEW DR,CRYSTAL SPRINGS DR,600,S,N,A,-,N,NA,NA,NA,NA,NA,NA,NA,NA,NA,Y,4,0,1,2,A,-,03,22350,NA,N,A,E,A,A,H,-,C,D,0,NA,NA,NA,Y,Y,NA,A,01,0,0,1,0,0,0,0,0,0,-,-,NA,NA,SAN DIEGO,CHULA VISTA,-116.96414184570313,32.63758087158203
8767894,2018,2019-01-10,3702,2018-11-18,1200,CV1163,NA,7,5,6,3702,0,0,0,NA,0,023,E PAISLEY ST,HELIX AV,0,NA,Y,A,-,N,NA,NA,NA,NA,NA,NA,NA,NA,NA,Y,4,0,2,2,D,-,00,NA,NA,N,D,C,A,A,H,-,A,D,0,NA,NA,NA,NA,Y,NA,-,-,0,0,2,0,0,0,0,0,0,-,-,NA,NA,SAN DIEGO,CHULA VISTA,-117.05087280273438,32.610408782958984
8768018,2018,2019-01-09,3710,2018-08-29,0707,OC1441,022,3,5,6,3710,0,0,0,NA,0,009,RT 76,COLLEGE BL,0,NA,Y,A,-,Y,SD,11,76,-,R,6.23,H,-,W,N,4,0,1,2,A,-,03,22350,NA,N,C,C,A,A,H,-,A,A,0,NA,NA,NA,NA,Y,NA,A,01,0,0,1,0,0,0,0,0,0,-,-,33.243778228759766,-117.2897491455078,SAN DIEGO,OCEANSIDE,-117.28942108154295,33.24378204345703
8768044,2018,2018-12-27,3701,2018-10-11,1148,CB5287,079,4,5,5,3701,0,0,0,NA,0,006,EL CAMINIO REAL,PALOMAR AIRPORT RD,0,NA,Y,A,-,N,NA,NA,NA,NA,NA,NA,NA,NA,NA,Y,3,0,5,5,A,-,12,21453,A,N,D,C,A,A,H,-,A,A,0,NA,NA,NA,NA,Y,NA,A,01,0,5,0,0,0,0,0,0,0,-,-,NA,NA,SAN DIEGO,CARLSBAD,-117.26695251464844,33.129638671875
8768219,2018,2019-01-14,3711,2018-12-16,1054,4310,NA,7,5,7,3711,0,0,0,NA,0,935,SAN PASQUAL VALLEY RD,SAN PASQUAL VALLEY RD 19000,0,NA,N,A,-,Y,SD,11,78,-,-,30.82,H,-,E,Y,3,0,1,1,A,-,08,22107,NA,N,E,I,A,A,H,-,A,D,0,NA,NA,NA,NA,Y,Y,A,01,0,1,0,0,0,0,0,0,0,-,-,NA,NA,SAN DIEGO,SAN DIEGO,-116.90550231933594,33.086639404296875
8768522,2018,2019-01-26,3711,2018-12-22,1409,7616,NA,6,5,7,3711,0,0,0,NA,0,122,LA JOLLA BL,OPAL ST,5,N,N,A,-,N,NA,NA,NA,NA,NA,NA,NA,NA,NA,N,3,0,1,1,A,-,08,22107,NA,N,E,I,A,A,H,-,A,D,0,NA,Y,NA,NA,Y,NA,L,04,0,1,0,0,0,0,1,0,0,-,-,NA,NA,SAN DIEGO,SAN DIEGO,-117.2592315673828,32.805782318115234
8769306,2018,2019-02-01,3702,2018-12-08,1500,CV1172,NA,6,5,6,3702,0,0,0,NA,0,041,SANTA VICTORIA RD,SANTA ALEXIA AV,320,W,N,A,-,N,NA,NA,NA,NA,NA,NA,NA,NA,NA,N,2,0,1,1,A,-,17,21712,A,N,H,A,A,A,H,-,A,D,0,NA,NA,NA,NA,Y,NA,A,01,1,0,0,0,0,0,0,0,0,-,-,NA,NA,SAN DIEGO,CHULA VISTA,-116.99198037,32.61375371
8770421,2017,2019-01-11,3700,2017-03-16,1822,SH4234,NA,4,5,4,3720,0,0,0,NA,0,603,BROADWAY,SWEETWATER RD,0,NA,-,A,-,N,NA,NA,NA,NA,NA,NA,NA,NA,NA,Y,3,0,1,1,A,-,05,21650,NA,N,F,I,A,A,H,-,A,D,0,NA,NA,NA,NA,Y,NA,A,01,0,1,0,0,0,0,0,0,0,-,-,NA,NA,SAN DIEGO,LEMON GROVE,-117.01946003,32.74548011
8770438,2018,2019-02-06,3700,2018-02-09,1849,SH7477,NA,5,5,4,3720,0,0,0,NA,0,602,BUENA VISTA AV,PACIFIC AV,315,S,N,A,-,N,NA,NA,NA,NA,NA,NA,NA,NA,NA,Y,4,0,1,2,A,-,01,23152,A,N,B,C,A,A,H,-,C,D,0,NA,NA,NA,NA,Y,Y,A,01,0,0,1,0,0,0,0,0,0,-,-,NA,NA,SAN DIEGO,LEMON GROVE,-117.03425598144533,32.740806579589844
8771189,2018,2019-01-18,3705,2018-11-16,1432,EC0337,NA,5,5,5,3705,0,0,0,NA,0,001,EL CAJON BL,LEMON,0,NA,Y,A,-,N,NA,NA,NA,NA,NA,NA,NA,NA,NA,N,3,0,1,2,A,-,09,21802,A,N,E,I,A,A,H,-,A,A,0,NA,NA,Y,NA,Y,NA,A,08,0,1,0,0,0,0,0,0,1,-,-,NA,NA,SAN DIEGO,EL CAJON,-116.97377777099608,32.78871154785156
8771491,2018,2019-01-03,3700,2018-11-13,2005,SH0295,NA,2,5,4,3780,0,0,0,NA,0,411,TWIN PEAKS RD,MIDLAND RD,0,NA,Y,A,-,N,NA,NA,NA,NA,NA,NA,NA,NA,NA,N,3,0,1,2,A,-,10,21950,A,N,G,B,B,A,H,-,C,A,0,Y,NA,NA,NA,Y,Y,A,07,0,1,0,0,1,0,0,0,0,-,-,NA,NA,SAN DIEGO,POWAY,-117.03652191162108,32.97822189331055
8772637,2018,2019-01-18,3711,2018-12-30,1758,7726,SE,7,5,7,3711,0,0,0,NA,0,436,MEADOWBROOK DR,SKYLINE DR,0,NA,Y,A,-,N,NA,NA,NA,NA,NA,NA,NA,NA,NA,Y,4,0,3,2,A,-,12,21453,A,N,D,C,A,A,H,-,C,A,0,NA,NA,NA,NA,Y,NA,A,01,0,0,3,0,0,0,0,0,0,-,-,NA,NA,SAN DIEGO,SAN DIEGO,-117.03072357177734,32.70256042480469
8772939,2018,2019-01-04,3701,2018-11-04,0153,CB5512,122,7,5,5,3701,0,0,0,NA,0,008,LEVANTE ST,CALLE MADERO,14,E,N,A,-,N,NA,NA,NA,NA,NA,NA,NA,NA,NA,Y,3,0,1,2,A,-,01,23152,A,N,C,E,A,A,H,-,C,D,0,NA,NA,NA,NA,Y,Y,A,01,0,1,0,0,0,0,0,0,0,-,-,NA,NA,SAN DIEGO,CARLSBAD,-117.24842071533205,33.08086013793945
8773286,2018,2019-01-07,3703,2018-12-17,1350,1137,NA,1,5,3,3703,0,0,0,NA,0,002,8TH ST,D AV,0,NA,Y,A,-,N,NA,NA,NA,NA,NA,NA,NA,NA,NA,Y,4,0,1,2,A,-,09,21802,A,N,D,C,A,A,H,-,A,D,0,NA,NA,NA,NA,Y,NA,A,08,0,0,1,0,0,0,0,0,0,-,-,NA,NA,SAN DIEGO,CORONADO,-117.17936706542967,32.68925094604492
8773868,2018,2019-01-25,3700,2018-04-09,0122,SH0051,NA,1,5,4,3720,0,0,0,NA,0,603,BROADWAY,KEMPF ST,0,NA,Y,A,-,N,NA,NA,NA,NA,NA,NA,NA,NA,NA,Y,3,0,1,1,A,-,07,21658,A,N,F,I,A,A,H,-,C,D,0,NA,NA,NA,NA,Y,Y,D,22,0,1,0,0,0,0,0,0,0,-,-,NA,NA,SAN DIEGO,LEMON GROVE,-117.0263214111328,32.74283981323242
8774768,2018,2019-01-11,3705,2018-12-18,1722,EC0324,NA,2,5,5,3705,0,0,0,NA,0,001,MARSHALL,MAIN,305,S,N,A,-,N,NA,NA,NA,NA,NA,NA,NA,NA,NA,N,3,0,1,2,A,-,11,21955,NA,N,G,B,D,A,H,-,C,D,0,Y,NA,NA,NA,Y,NA,N,60,0,1,0,0,1,0,0,0,0,-,-,NA,NA,SAN DIEGO,EL CAJON,-116.9755401611328,32.79497146606445
8775342,2018,2019-01-30,3711,2018-12-21,1731,7280,NA,5,5,7,3711,0,0,0,NA,0,446,EUCLID AV,NARANJA ST,0,NA,Y,A,-,N,NA,NA,NA,NA,NA,NA,NA,NA,NA,N,4,0,1,2,A,-,08,22107,NA,N,B,C,A,A,H,-,C,A,0,NA,NA,NA,NA,Y,Y,D,22,0,0,1,0,0,0,0,0,0,-,-,NA,NA,SAN DIEGO,SAN DIEGO,-117.08503723144533,32.7086296081543
8775895,2018,2019-01-26,3711,2018-12-25,1942,7612,SD,2,5,7,3711,0,0,0,NA,0,823,COLLEGE AV,STREAMVIEW DR,12,S,N,B,-,N,NA,NA,NA,NA,NA,NA,NA,NA,NA,N,4,0,1,2,A,-,10,21950,NA,M,G,B,B,B,H,-,D,A,0,Y,NA,NA,NA,Y,NA,-,99,0,0,1,0,1,0,0,0,0,-,-,NA,NA,SAN DIEGO,SAN DIEGO,-117.05876922607422,32.74551010131836
8776562,2018,2019-01-22,3711,2018-12-31,2101,7269,NA,1,5,7,3711,0,0,0,NA,0,441,OCEAN VIEW BL,35TH ST,75,W,N,C,-,N,NA,NA,NA,NA,NA,NA,NA,NA,NA,Y,3,0,2,3,A,-,04,21703,NA,N,C,C,A,B,H,-,C,-,0,NA,NA,NA,NA,Y,Y,-,-,0,2,0,0,0,0,0,0,0,-,-,NA,NA,SAN DIEGO,SAN DIEGO,-117.11896514892578,32.70123291015625
8778182,2019,2019-02-06,3711,2019-01-11,1555,7729,WEST,5,5,7,3711,0,0,0,NA,0,611,MIDWAY DR,MIDWAY DR  2800,0,NA,Y,A,-,N,NA,NA,NA,NA,NA,NA,NA,NA,NA,Y,3,0,2,2,A,-,09,21801,NA,N,A,C,A,A,H,-,A,D,0,NA,NA,Y,NA,Y,NA,C,06,0,2,0,0,0,0,0,0,2,-,-,NA,NA,SAN DIEGO,SAN DIEGO,NA,NA
8778194,2019,2019-02-06,3711,2019-01-11,1814,5679,NA,5,5,7,3711,0,0,0,NA,0,234,CAMINO DEL NORTE,PASEO MONTANOSO,580,W,N,A,-,N,NA,NA,NA,NA,NA,NA,NA,NA,NA,N,4,0,1,3,A,-,03,22350,NA,N,C,C,A,A,H,-,D,D,0,NA,NA,NA,NA,Y,NA,A,07,0,0,1,0,0,0,0,0,0,-,-,NA,NA,SAN DIEGO,SAN DIEGO,-117.08824920654295,33.00119400024414
8778227,2019,2019-02-05,3711,2019-01-12,2353,8404,NA,6,5,7,3711,0,0,0,NA,0,023,PARK VILLAGE RD,BLACK MOUNTAIN RD,0,NA,Y,A,-,N,NA,NA,NA,NA,NA,NA,NA,NA,NA,Y,4,0,2,2,A,-,12,21453,A,N,D,C,A,A,H,-,C,A,0,NA,NA,NA,NA,Y,NA,A,01,0,0,2,0,0,0,0,0,0,-,-,NA,NA,SAN DIEGO,SAN DIEGO,-117.13002777099608,32.94683074951172
8778508,2019,2019-02-02,3705,2019-01-05,2254,EC0371,NA,6,5,5,3705,0,0,0,NA,0,002,N MAGNOLIA AV,E MADISON AV,0,NA,Y,C,-,N,NA,NA,NA,NA,NA,NA,NA,NA,NA,Y,4,0,2,2,A,-,12,21453,A,N,D,C,A,B,H,-,C,A,0,NA,NA,NA,NA,Y,NA,A,01,0,0,2,0,0,0,0,0,0,-,-,NA,NA,SAN DIEGO,EL CAJON,-116.96237182617188,32.80086898803711
8778517,2018,2019-01-31,3705,2018-12-19,1421,EC0337,NA,3,5,5,3705,0,0,0,NA,0,003,E WASHINGTON,S 3RD,459,E,N,A,-,N,NA,NA,NA,NA,NA,NA,NA,NA,NA,N,4,0,2,2,A,-,09,21804,A,N,D,C,A,A,H,-,A,D,0,NA,NA,NA,NA,Y,NA,A,07,0,0,2,0,0,0,0,0,0,-,-,NA,NA,SAN DIEGO,EL CAJON,-116.92560577392578,32.78718948364258
8779603,2017,2019-01-31,3700,2017-08-25,1500,SH3324,NA,5,5,4,3720,0,0,0,NA,0,602,MASSACHUSETTS AV,CENTRAL AV,500,N,N,A,-,N,NA,NA,NA,NA,NA,NA,NA,NA,NA,N,4,0,1,3,A,-,03,22350,NA,N,C,C,A,A,H,-,A,A,0,NA,NA,NA,NA,Y,NA,A,07,0,0,1,0,0,0,0,0,0,-,-,NA,NA,SAN DIEGO,LEMON GROVE,-117.04286761,32.74019945
8779715,2017,2019-01-11,3700,2017-02-01,0740,SH0473,NA,3,5,4,3720,0,0,0,NA,0,604,SAN MIGUEL  AV,CORNELIUS PL,0,NA,-,A,-,N,NA,NA,NA,NA,NA,NA,NA,NA,NA,N,4,0,1,2,A,-,17,2815,NA,N,G,B,D,A,H,-,A,D,0,Y,NA,NA,NA,Y,NA,A,01,0,0,1,0,1,0,0,0,0,-,-,NA,NA,SAN DIEGO,LEMON GROVE,-117.04614007,32.73516002
8782328,2018,2019-01-25,3701,2018-12-07,0600,CB5513,NA,5,5,5,3701,0,0,0,NA,0,NA,EL CAMINO REAL,PALOMAR AIRPORT RD,219,S,N,B,C,N,NA,NA,NA,NA,NA,NA,NA,NA,NA,NA,2,0,1,2,A,-,00,21651,1,N,A,G,A,B,H,-,C,A,0,NA,Y,NA,NA,Y,NA,L,04,1,0,0,0,0,0,1,0,0,-,-,NA,NA,SAN DIEGO,CARLSBAD,-117.2666244506836,33.12910842895508
8783188,2018,2019-01-25,3711,2018-12-09,0208,6081,NA,7,5,7,3711,0,0,0,NA,0,510,E HARBOR DR,28TH ST,126,N,N,A,-,N,NA,NA,NA,NA,NA,NA,NA,NA,NA,Y,4,0,1,2,A,-,01,23152,NA,N,D,E,A,A,H,-,C,D,0,NA,NA,NA,NA,Y,NA,A,01,0,0,1,0,0,0,0,0,0,-,-,NA,NA,SAN DIEGO,SAN DIEGO,-117.13411712646484,32.691036224365234
8785323,2019,2019-02-04,3706,2019-01-09,1404,318,ESCON,3,5,6,3706,0,0,0,NA,0,055,9TH AV,LA TERRAZA BL,35,W,N,A,-,N,NA,NA,NA,NA,NA,NA,NA,NA,NA,N,4,0,1,1,D,-,00,NA,NA,N,C,C,A,A,H,-,A,D,0,NA,NA,NA,NA,Y,NA,-,-,0,0,1,0,0,0,0,0,0,-,-,33.10866165161133,-117.0927734375,SAN DIEGO,ESCONDIDO,-117.09284210205078,33.108612060546875
8789245,2019,2019-02-12,3711,2019-01-11,1340,6584,SD,5,5,7,3711,0,0,0,NA,0,232,CARMEL MOUNTAIN RD,11313 CARMEL MOUNTAIN RD,0,NA,-,A,-,N,NA,NA,NA,NA,NA,NA,NA,NA,NA,Y,4,0,1,2,A,-,09,21453,B,N,D,C,A,A,H,-,A,A,0,NA,NA,NA,NA,Y,NA,-,NA,0,0,1,0,0,0,0,0,0,-,-,NA,NA,SAN DIEGO,SAN DIEGO,NA,NA
8789400,2019,2019-02-04,3706,2019-01-13,1437,322,ESCON,7,5,6,3706,0,0,0,NA,0,042,WASHINGTON AV,CENTRE CITY PKWY,172,E,N,B,-,N,NA,NA,NA,NA,NA,NA,NA,NA,NA,N,3,0,1,2,A,-,05,21650,1,N,D,G,A,A,H,-,A,D,0,NA,Y,NA,NA,Y,NA,L,04,0,1,0,0,0,0,1,0,0,-,-,33.12514877319336,-117.08982849121094,SAN DIEGO,ESCONDIDO,-117.08945465087892,33.12522888183594
8789412,2019,2019-02-04,3711,2019-01-02,1530,8192,NA,3,5,7,3711,0,0,0,NA,0,813,30TH ST,NORTH PARK WY,5,S,N,A,-,N,NA,NA,NA,NA,NA,NA,NA,NA,NA,N,3,0,1,4,A,-,08,22107,NA,N,A,B,B,A,H,-,A,A,0,Y,NA,NA,NA,Y,NA,A,01,0,1,0,0,1,0,0,0,0,-,-,NA,NA,SAN DIEGO,SAN DIEGO,-117.1300811767578,32.747337341308594
8790010,2018,2019-02-07,3700,2018-12-28,0001,SH0238,NA,5,5,4,3780,0,0,0,NA,0,415,POWAY RD,COMMUNITY RD,0,NA,Y,A,-,N,NA,NA,NA,NA,NA,NA,NA,NA,NA,Y,4,0,2,2,A,-,12,21453,A,N,D,C,A,A,H,-,C,A,0,NA,NA,NA,NA,Y,NA,A,01,0,0,2,0,0,0,0,0,0,-,-,NA,NA,SAN DIEGO,POWAY,-117.04080963134766,32.95637893676758
8791166,2019,2019-03-06,3706,2019-01-18,0634,374,ESCON,5,5,6,3706,0,0,0,NA,0,052,VALLEY PKWY,ESCONDIDO BL,0,NA,Y,B,C,N,NA,NA,NA,NA,NA,NA,NA,NA,NA,Y,3,0,2,2,A,-,12,21453,A,N,D,C,A,B,H,-,B,A,0,NA,NA,NA,NA,Y,NA,-,-,0,1,1,0,0,0,0,0,0,-,-,33.12126159667969,-117.08480834960938,SAN DIEGO,ESCONDIDO,-117.08486175537108,33.12123107910156
8792511,2019,2019-02-21,3711,2019-01-31,1506,8447,NA,4,5,7,3711,0,0,0,NA,0,723,BEYER BL,CORONADO AV,135,N,N,C,-,N,NA,NA,NA,NA,NA,NA,NA,NA,NA,Y,4,0,1,2,A,-,03,22350,NA,N,D,C,A,B,H,-,B,D,0,NA,NA,NA,NA,Y,NA,-,NA,0,0,1,0,0,0,0,0,0,-,-,NA,NA,SAN DIEGO,SAN DIEGO,-117.06916046142578,32.5771598815918
8792539,2019,2019-02-21,3711,2019-01-22,1406,SD5454,NA,2,5,7,3711,0,0,0,NA,0,835,FAIRMOUNT AV,GLENFIELD ST,120,N,N,A,-,N,NA,NA,NA,NA,NA,NA,NA,NA,NA,N,4,0,1,2,A,-,04,21703,NA,N,C,C,A,A,D,-,A,A,0,NA,NA,NA,NA,Y,NA,A,01,0,0,1,0,0,0,0,0,0,-,-,NA,NA,SAN DIEGO,SAN DIEGO,-117.10099029541016,32.7386474609375