CASE_ID,ACCIDENT_YEAR,PROC_DATE,JURIS,COLLISION_DATE,COLLISION_TIME,OFFICER_ID,REPORTING_DISTRICT,DAY_OF_WEEK,CHP_SHIFT,POPULATION,CNTY_CITY_LOC,SPECIAL_COND,BEAT_TYPE,CHP_BEAT_TYPE,CITY_DIVISION_LAPD,CHP_BEAT_CLASS,BEAT_NUMBER,PRIMARY_RD,SECONDARY_RD,DISTANCE,DIRECTION,INTERSECTION,WEATHER_1,WEATHER_2,STATE_HWY_IND,CALTRANS_COUNTY,CALTRANS_DISTRICT,STATE_ROUTE,ROUTE_SUFFIX,POSTMILE_PREFIX,POSTMILE,LOCATION_TYPE,RAMP_INTERSECTION,SIDE_OF_HWY,TOW_AWAY,COLLISION_SEVERITY,NUMBER_KILLED,NUMBER_INJURED,PARTY_COUNT,PRIMARY_COLL_FACTOR,PCF_CODE_OF_VIOL,PCF_VIOL_CATEGORY,PCF_VIOLATION,PCF_VIOL_SUBSECTION,HIT_AND_RUN,TYPE_OF_COLLISION,MVIW,PED_ACTION,ROAD_SURFACE,ROAD_COND_1,ROAD_COND_2,LIGHTING,CONTROL_DEVICE,CHP_ROAD_TYPE,PEDESTRIAN_ACCIDENT,BICYCLE_ACCIDENT,MOTORCYCLE_ACCIDENT,TRUCK_ACCIDENT,NOT_PRIVATE_PROPERTY,ALCOHOL_INVOLVED,STWD_VEHTYPE_AT_FAULT,CHP_VEHTYPE_AT_FAULT,COUNT_SEVERE_INJ,COUNT_VISIBLE_INJ,COUNT_COMPLAINT_PAIN,COUNT_PED_KILLED,COUNT_PED_INJURED,COUNT_BICYCLIST_KILLED,COUNT_BICYCLIST_INJURED,COUNT_MC_KILLED,COUNT_MC_INJURED,PRIMARY_RAMP,SECONDARY_RAMP,LATITUDE,LONGITUDE,COUNTY,CITY,POINT_X,POINT_Y
8872254,2019,2019-06-07,3711,2019-05-22,1702,7904,NA,3,5,7,3711,0,0,0,NA,0,NA,OCEAN VIEW BL,MARKETPLACE AV,15,E,N,B,-,N,NA,NA,NA,NA,NA,NA,NA,NA,NA,Y,4,0,1,2,A,-,00,23103,A,M,B,D,A,A,-,-,A,D,0,NA,NA,NA,NA,Y,NA,-,99,0,0,1,0,0,0,0,0,0,-,-,NA,NA,SAN DIEGO,SAN DIEGO,-117.100830078125,32.7005500793457
8872461,2019,2019-06-11,3711,2019-05-09,0815,SD5700,NA,4,5,7,3711,0,0,0,NA,0,447,A ST,49TH ST,0,NA,Y,A,-,N,NA,NA,NA,NA,NA,NA,NA,NA,NA,Y,3,0,3,2,A,-,09,21801,A,N,A,C,A,A,H,-,A,A,0,NA,NA,NA,NA,Y,NA,A,01,0,1,2,0,0,0,0,0,0,-,-,NA,NA,SAN DIEGO,SAN DIEGO,-117.0910415649414,32.71875
8874656,2019,2019-06-18,3709,2019-06-04,2148,NC0506,NA,2,5,5,3709,0,0,0,NA,0,020,HIGHLAND AV,14TH ST,0,NA,Y,A,-,N,NA,NA,NA,NA,NA,NA,NA,NA,NA,N,4,0,1,2,A,-,08,22100,A,N,F,C,A,A,H,-,C,D,0,NA,NA,NA,NA,Y,NA,A,07,0,0,1,0,0,0,0,0,0,-,-,NA,NA,SAN DIEGO,NATIONAL CITY,-117.09677124023438,32.67293930053711
8875227,2019,2019-06-14,3711,2019-05-25,1900,SD7901,NA,6,5,7,3711,0,0,0,NA,0,531,PEPPERGRASS DR,PEPPERGRASS DR 3219,0,NA,Y,A,-,N,NA,NA,NA,NA,NA,NA,NA,NA,NA,N,3,0,1,2,A,-,08,22107,NA,N,C,G,A,A,H,-,A,D,0,NA,Y,NA,NA,Y,NA,A,01,0,1,0,0,0,0,1,0,0,-,-,NA,NA,SAN DIEGO,SAN DIEGO,NA,NA
8876225,2019,2019-06-12,3700,2019-04-13,2051,SH1147,NA,6,5,2,3704,0,0,0,NA,0,295,CAMINO DEL MAR,DEL MAR HEIGHTS RD,0,NA,Y,A,-,N,NA,NA,NA,NA,NA,NA,NA,NA,NA,Y,4,0,1,2,A,-,17,23109,A,N,D,C,A,A,H,-,C,A,0,NA,NA,NA,NA,Y,NA,A,01,0,0,1,0,0,0,0,0,0,-,-,NA,NA,SAN DIEGO,DEL MAR,-117.26091766357422,32.94813919067383
8876232,2019,2019-06-12,3711,2019-05-29,0631,7883,MID C,3,5,7,3711,0,0,0,NA,0,832,EL CAJON BL,FAIRMOUNT AV,4,W,N,B,-,N,NA,NA,NA,NA,NA,NA,NA,NA,NA,Y,4,0,1,3,A,-,12,21453,A,N,D,C,A,A,H,-,A,A,0,NA,NA,NA,NA,Y,NA,A,01,0,0,1,0,0,0,0,0,0,-,-,NA,NA,SAN DIEGO,SAN DIEGO,-117.10084533691406,32.75519943237305
8876269,2019,2019-06-13,3711,2019-05-18,1321,SD4243,NA,6,5,7,3711,0,0,0,NA,0,234,VIA ESPRILLO,FRONTERA,1050,N,N,A,-,N,NA,NA,NA,NA,NA,NA,NA,NA,NA,Y,2,0,1,1,A,-,08,22107,NA,N,E,I,A,A,H,-,A,D,0,NA,NA,NA,NA,Y,NA,A,01,1,0,0,0,0,0,0,0,0,-,-,NA,NA,SAN DIEGO,SAN DIEGO,-117.09175872802734,33.01512145996094
8877226,2019,2019-06-13,3711,2019-05-08,0630,SD5450,NA,3,5,7,3711,0,0,0,NA,0,321,MISSION GORGE RD,VANDEVER AV,340,S,N,B,-,N,NA,NA,NA,NA,NA,NA,NA,NA,NA,N,4,0,2,3,A,-,08,22107,NA,M,B,A,A,-,H,-,A,D,0,NA,NA,NA,NA,Y,NA,-,NA,0,0,2,0,0,0,0,0,0,-,-,NA,NA,SAN DIEGO,SAN DIEGO,-117.09774017333984,32.786739349365234
8877307,2019,2019-06-13,3711,2019-06-02,1304,7341,NA,7,5,7,3711,0,0,0,NA,0,627,WASHINGTON ST,3RD AV,0,NA,Y,A,-,N,NA,NA,NA,NA,NA,NA,NA,NA,NA,Y,3,0,1,2,A,-,09,21800,A,N,D,C,A,A,H,-,A,D,0,NA,NA,NA,NA,Y,NA,-,NA,0,1,0,0,0,0,0,0,0,-,-,NA,NA,SAN DIEGO,SAN DIEGO,-117.16274261474608,32.74998092651367
8878161,2019,2019-06-24,3711,2019-05-14,1609,SD4897,NA,2,5,7,3711,0,0,0,NA,0,313,RONSON RD,CONVOY ST,137,W,N,A,-,N,NA,NA,NA,NA,NA,NA,NA,NA,NA,Y,4,0,1,2,A,-,09,21804,A,N,D,C,A,A,H,-,A,D,0,NA,NA,Y,NA,Y,NA,I,11,0,0,1,0,0,0,0,0,1,-,-,NA,NA,SAN DIEGO,SAN DIEGO,-117.15370178222656,32.829044342041016
8878790,2019,2019-06-20,3711,2019-06-06,1718,7883,NA,4,5,7,3711,0,0,0,NA,0,452,SKYLINE DR,S 65TH ST,0,NA,Y,B,-,N,NA,NA,NA,NA,NA,NA,NA,NA,NA,N,2,0,1,2,A,-,11,21954,A,N,D,B,A,A,H,-,A,D,0,NA,NA,NA,NA,Y,NA,M,95,1,0,0,0,0,0,0,0,0,-,-,NA,NA,SAN DIEGO,SAN DIEGO,-117.05806732177734,32.70130920410156
8879767,2019,2019-06-17,3705,2019-05-02,2030,EC0383,NA,4,5,5,3705,0,0,0,NA,0,002,BALLANTYNE,WELLS,0,NA,Y,A,-,N,NA,NA,NA,NA,NA,NA,NA,NA,NA,N,3,0,1,2,A,-,09,21801,A,N,D,C,A,A,H,-,C,A,0,NA,NA,Y,NA,Y,NA,A,01,0,1,0,0,0,0,0,0,1,-,-,NA,NA,SAN DIEGO,EL CAJON,-116.95809173583984,32.799110412597656
8879773,2019,2019-06-18,3705,2019-03-08,1627,EC0219,NA,5,5,5,3705,0,0,0,NA,0,002,N 2ND ST,E MADISON AV,6,S,N,B,-,N,NA,NA,NA,NA,NA,NA,NA,NA,NA,N,4,0,1,2,A,-,03,22350,NA,N,C,C,A,A,H,-,A,A,0,NA,NA,NA,NA,Y,NA,A,07,0,0,1,0,0,0,0,0,0,-,-,NA,NA,SAN DIEGO,EL CAJON,-116.93575286865234,32.800132751464844
8882208,2019,2019-07-24,3705,2019-06-03,1601,EC0295,NA,1,5,5,3705,0,0,0,NA,0,001,NORTH JOHNSON,BENEDICT,0,NA,Y,A,-,N,NA,NA,NA,NA,NA,NA,NA,NA,NA,Y,4,0,2,2,A,-,09,21802,A,N,D,C,A,A,H,-,A,A,0,NA,NA,NA,NA,Y,NA,A,07,0,0,2,0,0,0,0,0,0,-,-,NA,NA,SAN DIEGO,EL CAJON,-116.97103881835938,32.79767990112305
8882216,2019,2019-07-24,3705,2019-06-07,1914,EC0219,NA,5,5,5,3705,0,0,0,NA,0,001,TAFT AV,LEXINGTON AV,0,NA,Y,A,-,N,NA,NA,NA,NA,NA,NA,NA,NA,NA,N,4,0,1,2,A,-,09,21802,A,N,D,C,A,A,H,-,A,A,0,NA,NA,NA,NA,Y,NA,A,07,0,0,1,0,0,0,0,0,0,-,-,NA,NA,SAN DIEGO,EL CAJON,-116.95641326904295,32.79270935058594
8883568,2019,2019-07-19,3708,2019-06-11,1439,LM1225,NA,2,5,5,3708,0,0,0,NA,0,001,NORMAL AV,SCHOOLRIDGE LN,196,W,N,A,-,N,NA,NA,NA,NA,NA,NA,NA,NA,NA,N,4,0,1,2,A,-,09,21804,A,N,D,C,A,A,H,-,A,D,0,NA,NA,NA,NA,Y,NA,A,01,0,0,1,0,0,0,0,0,0,-,-,NA,NA,SAN DIEGO,LA MESA,-117.03253936767578,32.75572204589844
8884729,2019,2019-06-26,3711,2019-05-31,0827,SD6104,NA,5,5,7,3711,0,0,0,NA,0,826,ORANGE AV,ESTRELLA AV,0,NA,Y,B,-,N,NA,NA,NA,NA,NA,NA,NA,NA,NA,N,4,0,1,2,A,-,12,22450,A,N,G,B,B,A,H,-,A,A,0,Y,NA,NA,NA,Y,NA,A,08,0,0,1,0,1,0,0,0,0,-,-,NA,NA,SAN DIEGO,SAN DIEGO,-117.09008026123048,32.75307846069336
8884940,2019,2019-11-20,3700,2019-05-03,0505,SH0287,NA,5,5,5,3782,0,0,0,NA,0,212,LEUCADIA BL,RT 5,77,E,N,A,-,Y,SD,11,5,-,R,42.865,R,4,S,Y,4,0,1,2,A,-,01,23153,A,N,A,C,A,A,H,-,C,A,0,NA,NA,NA,Y,Y,Y,A,01,0,0,1,0,0,0,0,0,0,-,SO,NA,NA,SAN DIEGO,ENCINITAS,-117.29306030273438,33.06726837158203
8886284,2019,2019-07-19,3711,2019-06-11,1626,7289,NA,2,5,7,3711,0,0,0,NA,0,627,NORMAL ST,HARVEY MILK,0,NA,N,A,-,N,NA,NA,NA,NA,NA,NA,NA,NA,NA,N,4,0,1,1,D,-,00,NA,NA,N,H,A,A,A,H,-,A,D,0,NA,Y,NA,NA,Y,NA,-,-,0,0,1,0,0,0,1,0,0,-,-,NA,NA,SAN DIEGO,SAN DIEGO,NA,NA
8886479,2019,2019-07-19,3711,2019-05-24,0953,SD6620,NA,5,5,7,3711,0,0,0,NA,0,234,MIRAMAR RD,KEARNY MESA RD,92,W,N,A,-,N,NA,NA,NA,NA,NA,NA,NA,NA,NA,Y,2,0,2,2,A,-,06,21755,NA,N,D,C,A,A,H,-,A,A,0,NA,NA,Y,NA,Y,NA,C,02,1,0,1,0,0,0,0,0,1,-,-,NA,NA,SAN DIEGO,SAN DIEGO,-117.1186981201172,32.89377975463867
8887729,2019,2019-07-16,3711,2019-05-22,1527,7236,NA,3,5,7,3711,0,0,0,NA,0,311,AERO DR,COLLWOOD BL,0,NA,-,-,-,N,NA,NA,NA,NA,NA,NA,NA,NA,NA,Y,3,0,2,2,A,-,09,21801,A,N,D,C,A,B,H,-,A,D,0,NA,NA,NA,NA,Y,NA,A,01,0,1,1,0,0,0,0,0,0,-,-,NA,NA,SAN DIEGO,SAN DIEGO,NA,NA
8889287,2019,2019-07-10,3711,2019-06-22,0845,7486,NA,6,5,7,3711,0,0,0,NA,0,713,BRITANNIA BL,RT 905,0,NA,Y,A,-,N,NA,NA,NA,NA,NA,NA,NA,NA,NA,Y,3,0,1,2,A,-,08,22101,C,M,D,C,A,A,H,-,A,A,0,NA,NA,NA,NA,Y,NA,-,NA,0,1,0,0,0,0,0,0,0,-,EF,NA,NA,SAN DIEGO,SAN DIEGO,-116.97992706298828,32.56441116333008
8889454,2019,2019-07-12,3711,2019-05-14,1431,5611,NA,2,5,7,3711,0,0,0,NA,0,242,MARAUDER WY,HILLERY DR,8,N,N,A,-,N,NA,NA,NA,NA,NA,NA,NA,NA,NA,N,3,0,1,2,A,-,09,21804,A,N,-,G,A,A,H,-,A,D,0,NA,Y,NA,NA,Y,NA,L,04,0,1,0,0,0,0,1,0,0,-,-,NA,NA,SAN DIEGO,SAN DIEGO,-117.13865661621094,32.91135025024414
8890398,2019,2019-07-15,3711,2019-06-23,1748,SD7878,NA,7,5,7,3711,0,0,0,NA,0,122,MISSION BL,FELSPAR ST,0,NA,Y,-,-,N,NA,NA,NA,NA,NA,NA,NA,NA,NA,N,3,0,1,1,A,-,03,22350,NA,N,-,-,A,-,-,-,-,-,0,NA,NA,NA,NA,Y,Y,-,NA,0,1,0,0,0,0,0,0,0,-,-,NA,NA,SAN DIEGO,SAN DIEGO,-117.25576019287108,32.797481536865234
8892638,2019,2020-01-21,3710,2019-06-19,2015,OC1421,NA,3,5,6,3710,0,0,0,NA,0,008,OCEANSIDE BL,RT 5,0,NA,Y,A,-,Y,SD,11,5,-,R,52.354,R,4,S,Y,4,0,1,2,A,-,12,21453,A,N,D,C,A,A,H,-,C,A,0,NA,NA,Y,NA,Y,NA,A,01,0,0,1,0,0,0,0,0,1,-,SF,NA,NA,SAN DIEGO,OCEANSIDE,-117.36278533935548,33.190670013427734
8895287,2019,2019-11-16,3710,2019-05-17,0716,OC1160,NA,5,5,6,3710,0,0,0,NA,0,012,GRANDVIEW ST,CROUCH ST,15,W,N,-,-,N,NA,NA,NA,NA,NA,NA,NA,NA,NA,N,4,0,1,2,A,-,08,22100,A,N,C,C,A,A,H,-,-,D,0,NA,NA,NA,Y,Y,NA,F,26,0,0,1,0,0,0,0,0,0,-,-,NA,NA,SAN DIEGO,OCEANSIDE,-117.3528060913086,33.19090270996094
8895727,2019,2019-07-22,3710,2019-06-01,1803,OC1428,NA,6,5,6,3710,0,0,0,NA,0,009,SOUTH COAST HWY,WHALEY ST,0,NA,Y,A,-,N,NA,NA,NA,NA,NA,NA,NA,NA,NA,Y,3,0,1,2,A,-,09,21801,A,N,D,C,A,A,H,-,A,D,0,NA,NA,Y,NA,Y,NA,A,01,0,1,0,0,0,0,0,0,1,-,-,NA,NA,SAN DIEGO,OCEANSIDE,-117.3635711669922,33.176841735839844
8895904,2019,2019-07-19,3708,2019-06-19,2046,LM8288,NA,3,5,5,3708,0,0,0,NA,0,003,UNIVERSITY AV,70TH ST,167,W,N,A,-,N,NA,NA,NA,NA,NA,NA,NA,NA,NA,Y,3,0,1,2,A,-,08,22107,NA,N,C,E,A,A,H,-,C,A,0,NA,NA,NA,NA,Y,NA,A,01,0,1,0,0,0,0,0,0,0,-,-,NA,NA,SAN DIEGO,LA MESA,-117.0480728149414,32.75535202026367
8896521,2019,2019-08-29,3710,2019-07-04,1110,OC1274,NA,4,5,6,3710,0,0,0,NA,0,022,N SANTA FE,RT 76,295,S,N,A,-,N,NA,NA,NA,NA,NA,NA,NA,NA,NA,N,4,0,3,2,A,-,03,22350,NA,N,C,C,A,A,H,-,A,A,0,NA,NA,NA,NA,Y,NA,A,07,0,0,3,0,0,0,0,0,0,-,-,NA,NA,SAN DIEGO,OCEANSIDE,-117.2812042236328,33.24542236328125
8898406,2019,2019-07-22,3711,2019-06-28,2350,SD8382,NA,5,5,7,3711,0,0,0,NA,0,122,INGRAHAM ST,CHALCEDONY ST,40,N,N,B,-,N,NA,NA,NA,NA,NA,NA,NA,NA,NA,Y,3,0,1,4,A,-,08,22107,NA,N,C,E,A,A,H,-,C,D,0,NA,NA,NA,NA,Y,Y,A,01,0,1,0,0,0,0,0,0,0,-,-,NA,NA,SAN DIEGO,SAN DIEGO,-117.24234008789063,32.80450439453125
8898497,2019,2019-07-18,3711,2019-06-26,1550,SD8822,NA,3,5,7,3711,0,0,0,NA,0,313,KEARNY VILLA RD,RUFFIN RD,0,NA,Y,A,-,N,NA,NA,NA,NA,NA,NA,NA,NA,NA,N,4,0,1,2,A,-,12,21453,A,N,B,C,A,A,H,-,A,A,0,NA,NA,NA,NA,Y,NA,D,22,0,0,1,0,0,0,0,0,0,-,-,NA,NA,SAN DIEGO,SAN DIEGO,-117.12757110595705,32.839759826660156
8898502,2019,2019-07-17,3711,2019-06-28,1929,SD7796,NA,5,5,7,3711,0,0,0,NA,0,614,EBERS ST,SARATOGA AV,0,NA,Y,A,-,N,NA,NA,NA,NA,NA,NA,NA,NA,NA,N,3,0,1,1,A,-,08,22107,NA,N,H,-,A,A,H,-,A,D,0,NA,NA,NA,NA,Y,NA,-,NA,0,1,0,0,0,0,0,0,0,-,-,NA,NA,SAN DIEGO,SAN DIEGO,-117.24437713623048,32.7453498840332
8898503,2019,2019-09-13,3711,2019-06-24,1151,SD6156,NA,1,5,7,3711,0,0,0,NA,0,124,IVANHOE AV,IVANHOE AV 7800,0,NA,N,B,-,N,NA,NA,NA,NA,NA,NA,NA,NA,NA,N,4,0,1,2,A,-,11,21954,A,N,G,B,D,A,H,-,A,D,0,Y,NA,NA,NA,Y,NA,N,60,0,0,1,0,1,0,0,0,0,-,-,NA,NA,SAN DIEGO,SAN DIEGO,NA,NA
8898519,2019,2020-02-28,3711,2019-06-24,1825,SD7888,NA,1,5,7,3711,0,0,0,NA,0,512,OCEAN VIEW BL,OCEAN VIEW BL 2000,0,NA,-,-,-,N,NA,NA,NA,NA,NA,NA,NA,NA,NA,N,4,0,1,2,A,-,-,NA,NA,N,A,C,A,-,-,-,-,D,0,NA,NA,NA,NA,Y,NA,A,01,0,0,1,0,0,0,0,0,0,-,-,NA,NA,SAN DIEGO,SAN DIEGO,NA,NA
8899966,2019,2019-08-21,3711,2019-07-13,0303,7499,SAN D,6,5,7,3711,0,0,0,NA,0,721,CORONADO AV,CORONADO AV 1600,4,S,N,A,-,N,NA,NA,NA,NA,NA,NA,NA,NA,NA,Y,3,0,1,5,A,-,08,22107,NA,N,C,E,A,A,H,-,C,D,0,NA,NA,NA,NA,Y,Y,A,07,0,1,0,0,0,0,0,0,0,-,-,NA,NA,SAN DIEGO,SAN DIEGO,NA,NA
8900115,2019,2019-08-02,3708,2019-07-08,0537,LM1279,NA,1,5,5,3708,0,0,0,NA,0,003,COMANCHE DR,COMANCHE DR 5040,0,NA,Y,A,-,N,NA,NA,NA,NA,NA,NA,NA,NA,NA,Y,4,0,1,3,A,-,08,22107,NA,N,B,E,A,A,H,-,B,D,0,NA,NA,NA,NA,Y,NA,A,01,0,0,1,0,0,0,0,0,0,-,-,NA,NA,SAN DIEGO,LA MESA,-117.034713,32.770539
8900200,2019,2019-08-07,3705,2019-07-01,1414,EC0324,NA,1,5,5,3705,0,0,0,NA,0,002,MAGNOLIA,LEXINGTON,44,N,N,A,-,N,NA,NA,NA,NA,NA,NA,NA,NA,NA,N,4,0,1,2,A,-,03,22350,NA,N,C,C,A,A,H,-,A,A,0,NA,NA,NA,NA,Y,NA,A,08,0,0,1,0,0,0,0,0,0,-,-,NA,NA,SAN DIEGO,EL CAJON,-116.96229553222656,32.79283142089844
8900300,2019,2019-07-26,3705,2019-06-20,1938,EC0395,NA,4,5,5,3705,0,0,0,NA,0,001,WASHINGTON,ANZA,0,NA,Y,A,-,N,NA,NA,NA,NA,NA,NA,NA,NA,NA,N,4,0,1,2,A,-,12,21453,A,N,D,C,A,A,H,-,A,B,0,NA,NA,NA,NA,Y,NA,A,01,0,0,1,0,0,0,0,0,0,-,-,NA,NA,SAN DIEGO,EL CAJON,-116.94818878173828,32.78765106201172
8900900,2019,2019-08-07,3700,2019-07-11,0600,SH7085,NA,4,5,5,3713,0,0,0,NA,0,317,LA MIRADA DR,COMMERCE WY / CORAL ST,0,NA,Y,B,-,N,NA,NA,NA,NA,NA,NA,NA,NA,NA,N,4,0,1,2,A,-,09,21802,A,N,D,C,A,A,H,-,A,A,0,NA,NA,NA,NA,Y,NA,A,01,0,0,1,0,0,0,0,0,0,-,-,NA,NA,SAN DIEGO,VISTA,-117.22244,33.1504
8902346,2019,2019-07-25,3710,2019-04-04,1656,OC1460,018,4,5,6,3710,0,0,0,NA,0,009,COLLEGE BL,NORTH RIVER RD,400,S,N,A,-,N,NA,NA,NA,NA,NA,NA,NA,NA,NA,N,4,0,1,2,A,-,03,22350,NA,N,C,C,A,A,H,-,A,A,0,NA,NA,NA,NA,Y,NA,A,01,0,0,1,0,0,0,0,0,0,-,-,NA,NA,SAN DIEGO,OCEANSIDE,-117.29905700683594,33.25044250488281
8902503,2019,2019-08-01,3705,2019-07-11,1255,EC0409,NA,4,5,5,3705,0,0,0,NA,0,004,MOLLISON AV,LEXINGTON AV,0,NA,Y,A,-,N,NA,NA,NA,NA,NA,NA,NA,NA,NA,Y,4,0,1,2,A,-,12,21453,A,N,D,C,A,A,H,-,A,A,0,NA,NA,NA,NA,Y,NA,A,01,0,0,1,0,0,0,0,0,0,-,-,NA,NA,SAN DIEGO,EL CAJON,-116.95095825195313,32.79262924194336
8903029,2019,2019-07-30,3710,2019-03-12,2245,OC1476,NA,2,5,6,3710,0,0,0,NA,0,NA,MELROSE DR,WILLOWWOOD DR,551,S,N,C,-,N,NA,NA,NA,NA,NA,NA,NA,NA,NA,N,4,0,1,1,A,-,03,22350,NA,N,E,I,A,B,H,-,C,D,0,NA,NA,NA,NA,Y,NA,A,01,0,0,1,0,0,0,0,0,0,-,-,33.2352294921875,-117.26162719726563,SAN DIEGO,OCEANSIDE,-117.26209259033205,33.23359680175781
8903684,2019,2019-08-23,3711,2019-07-16,1600,SD6345,NA,2,5,7,3711,0,0,0,NA,0,243,CAMINO RUIZ,MIRALANI DR,0,NA,Y,A,-,N,NA,NA,NA,NA,NA,NA,NA,NA,NA,Y,3,0,1,4,D,-,00,NA,NA,N,A,C,A,A,H,-,A,A,0,NA,NA,NA,NA,Y,NA,-,-,0,1,0,0,0,0,0,0,0,-,-,NA,NA,SAN DIEGO,SAN DIEGO,-117.13636779785156,32.89677047729492
8905365,2019,2019-09-11,3711,2019-08-17,0125,SD8816,NA,6,5,7,3711,0,0,0,NA,0,121,WEST MISSION BAY DR,W MISSION BAY DR 1000,0,NA,Y,A,-,N,NA,NA,NA,NA,NA,NA,NA,NA,NA,N,3,0,1,2,A,-,21,22106,NA,N,G,B,F,A,H,-,C,-,0,Y,NA,NA,NA,Y,Y,-,NA,0,1,0,0,1,0,0,0,0,-,-,NA,NA,SAN DIEGO,SAN DIEGO,NA,NA
8905597,2019,2019-08-01,3711,2019-07-12,1705,SD8861,NA,5,5,7,3711,0,0,0,NA,0,521,G ST,17TH ST,22,E,N,A,-,N,NA,NA,NA,NA,NA,NA,NA,NA,NA,N,4,0,1,2,A,-,17,21461,A,N,B,C,A,A,H,-,A,A,0,NA,NA,NA,NA,Y,NA,A,01,0,0,1,0,0,0,0,0,0,-,-,NA,NA,SAN DIEGO,SAN DIEGO,-117.14849853515624,32.71263885498047
8905954,2019,2019-08-06,3702,2019-07-11,1133,CV1060,NA,4,5,6,3702,0,0,0,NA,0,013,3RD AV,I ST,0,NA,Y,A,-,N,NA,NA,NA,NA,NA,NA,NA,NA,NA,Y,4,0,1,2,D,-,00,NA,NA,N,D,C,A,A,H,-,A,A,0,NA,NA,NA,NA,Y,NA,-,-,0,0,1,0,0,0,0,0,0,-,-,NA,NA,SAN DIEGO,CHULA VISTA,-117.07584381103516,32.63093185424805
8910884,2019,2021-06-02,3702,2019-08-24,2025,CV0777,NA,6,5,6,3702,0,0,0,NA,0,031,TELEGRAPH CANYON RD,OLD TELEGRAPH CANYON RD,262,W,N,A,-,N,NA,NA,NA,NA,NA,NA,NA,NA,NA,Y,1,1,0,2,A,-,11,21954,A,N,G,B,D,A,H,-,C,D,0,Y,NA,NA,NA,Y,NA,N,60,0,0,0,1,0,0,0,0,0,-,-,NA,NA,SAN DIEGO,CHULA VISTA,-117.03324127197266,32.62678527832031
8911091,2019,2021-06-02,3705,2019-10-04,0224,EC0344,NA,5,5,5,3705,0,0,0,NA,0,001,FLETCHER PKWY,NAVAJO,700,S,N,A,-,N,NA,NA,NA,NA,NA,NA,NA,NA,NA,NA,1,1,0,1,A,-,08,22107,NA,N,E,I,A,A,H,-,C,D,0,NA,NA,NA,NA,Y,Y,A,07,0,0,0,0,0,0,0,0,0,-,-,NA,NA,SAN DIEGO,EL CAJON,-117.00240325927734,32.79927062988281
8911461,2020,2020-08-25,3710,2020-05-27,0501,OC1351,NA,3,5,6,3710,0,0,0,NA,0,028,OCEANSIDE BL,ARROYO AV,11,W,N,A,-,N,NA,NA,NA,NA,NA,NA,NA,NA,NA,Y,1,1,0,2,A,-,11,21950,B,N,G,B,B,A,H,-,B,A,0,Y,NA,NA,NA,Y,NA,N,60,0,0,0,1,0,0,0,0,0,-,-,NA,NA,SAN DIEGO,OCEANSIDE,-117.28153228759766,33.20866394042969
8911568,2019,2020-10-22,3710,2019-02-05,1253,OC1185,009,2,5,6,3710,0,0,0,NA,0,003,COAST HWY,OCEANSIDE BL,0,NA,Y,B,-,N,NA,NA,NA,NA,NA,NA,NA,NA,NA,Y,1,3,3,2,A,-,01,23153,F,N,D,D,A,A,H,-,A,A,0,NA,NA,NA,NA,Y,NA,D,22,1,2,0,0,0,0,0,0,0,-,-,33.18367004394531,-117.3691635131836,SAN DIEGO,OCEANSIDE,-117.36924743652344,33.183589935302734
8911830,2020,2022-06-18,3711,2020-10-11,2150,SD6146,NA,7,5,7,3711,0,0,0,NA,0,937,SAN DIEGUITO RD,CAMINO DEL SUR,754,W,N,A,-,N,NA,NA,NA,NA,NA,NA,NA,NA,NA,Y,1,1,0,1,A,-,03,22350,NA,N,E,I,A,A,H,-,D,D,0,NA,NA,NA,NA,Y,Y,A,01,0,0,0,0,0,0,0,0,0,-,-,NA,NA,SAN DIEGO,SAN DIEGO,-117.15830230712892,32.99879455566406
8913373,2019,2019-11-08,3711,2019-07-24,0320,SD4576,NA,3,5,7,3711,0,0,0,NA,0,721,PALM AV,THERMAL AV,86,E,N,B,-,Y,SD,11,75,-,-,9.54,H,-,S,Y,4,0,2,2,A,-,03,22350,NA,N,E,J,A,A,C,G,D,A,0,NA,NA,NA,NA,Y,NA,A,01,0,0,2,0,0,0,0,0,0,-,-,NA,NA,SAN DIEGO,SAN DIEGO,-117.0966339111328,32.58378219604492
8913604,2019,2019-12-05,3702,2019-05-24,1949,CV1052,NA,5,5,6,3702,0,0,0,NA,0,022,MOSS ST,4TH AV,358,E,N,A,-,N,NA,NA,NA,NA,NA,NA,NA,NA,NA,Y,3,0,3,2,A,-,09,21804,A,N,D,C,A,A,C,-,A,D,0,NA,NA,NA,NA,Y,NA,A,01,0,1,2,0,0,0,0,0,0,-,-,NA,NA,SAN DIEGO,CHULA VISTA,-117.0734405517578,32.61628341674805
8914217,2019,2019-08-09,3711,2019-07-20,1114,SD5472,NA,6,5,7,3711,0,0,0,NA,0,233,RANCHO PENASQUITOS BL,VIA DEL SUD,0,NA,Y,A,-,N,NA,NA,NA,NA,NA,NA,NA,NA,NA,N,3,0,1,2,A,-,12,21453,A,N,D,C,A,A,H,-,A,A,0,NA,NA,NA,NA,Y,NA,A,01,0,1,0,0,0,0,0,0,0,-,-,NA,NA,SAN DIEGO,SAN DIEGO,-117.10846710205078,32.95343017578125
8916585,2019,2019-08-26,3711,2019-07-28,0900,SD7723,NA,7,5,7,3711,0,0,0,NA,0,521,14TH ST,J ST,0,NA,Y,A,-,N,NA,NA,NA,NA,NA,NA,NA,NA,NA,N,3,0,1,2,A,-,12,22450,A,N,D,G,A,A,H,-,A,A,0,NA,Y,NA,NA,Y,NA,L,04,0,1,0,0,0,0,1,0,0,-,-,NA,NA,SAN DIEGO,SAN DIEGO,-117.15189361572266,32.70943069458008
8916629,2019,2019-08-21,3711,2019-07-29,0700,SD7533,NA,1,5,7,3711,0,0,0,NA,0,624,PARK BL,MONROE AV,30,N,N,B,-,N,NA,NA,NA,NA,NA,NA,NA,NA,NA,N,3,0,1,2,A,-,10,21950,A,N,-,-,-,-,-,-,A,-,0,Y,NA,NA,NA,Y,NA,A,01,0,1,0,0,1,0,0,0,0,-,-,NA,NA,SAN DIEGO,SAN DIEGO,-117.1462631225586,32.75916290283203