CASE_ID,ACCIDENT_YEAR,PROC_DATE,JURIS,COLLISION_DATE,COLLISION_TIME,OFFICER_ID,REPORTING_DISTRICT,DAY_OF_WEEK,CHP_SHIFT,POPULATION,CNTY_CITY_LOC,SPECIAL_COND,BEAT_TYPE,CHP_BEAT_TYPE,CITY_DIVISION_LAPD,CHP_BEAT_CLASS,BEAT_NUMBER,PRIMARY_RD,SECONDARY_RD,DISTANCE,DIRECTION,INTERSECTION,WEATHER_1,WEATHER_2,STATE_HWY_IND,CALTRANS_COUNTY,CALTRANS_DISTRICT,STATE_ROUTE,ROUTE_SUFFIX,POSTMILE_PREFIX,POSTMILE,LOCATION_TYPE,RAMP_INTERSECTION,SIDE_OF_HWY,TOW_AWAY,COLLISION_SEVERITY,NUMBER_KILLED,NUMBER_INJURED,PARTY_COUNT,PRIMARY_COLL_FACTOR,PCF_CODE_OF_VIOL,PCF_VIOL_CATEGORY,PCF_VIOLATION,PCF_VIOL_SUBSECTION,HIT_AND_RUN,TYPE_OF_COLLISION,MVIW,PED_ACTION,ROAD_SURFACE,ROAD_COND_1,ROAD_COND_2,LIGHTING,CONTROL_DEVICE,CHP_ROAD_TYPE,PEDESTRIAN_ACCIDENT,BICYCLE_ACCIDENT,MOTORCYCLE_ACCIDENT,TRUCK_ACCIDENT,NOT_PRIVATE_PROPERTY,ALCOHOL_INVOLVED,STWD_VEHTYPE_AT_FAULT,CHP_VEHTYPE_AT_FAULT,COUNT_SEVERE_INJ,COUNT_VISIBLE_INJ,COUNT_COMPLAINT_PAIN,COUNT_PED_KILLED,COUNT_PED_INJURED,COUNT_BICYCLIST_KILLED,COUNT_BICYCLIST_INJURED,COUNT_MC_KILLED,COUNT_MC_INJURED,PRIMARY_RAMP,SECONDARY_RAMP,LATITUDE,LONGITUDE,COUNTY,CITY,POINT_X,POINT_Y
9043959,2020,2020-03-13,3711,2020-01-22,0759,SD7792,NA,3,5,7,3711,0,0,0,NA,0,126,NORTH TORREY PINES RD,PANGEA RD,0,NA,Y,A,-,N,NA,NA,NA,NA,NA,NA,NA,NA,NA,N,3,0,1,2,A,-,-,NA,NA,N,-,-,A,A,H,-,A,A,0,NA,Y,NA,NA,Y,NA,-,NA,0,1,0,0,0,0,1,0,0,-,-,NA,NA,SAN DIEGO,SAN DIEGO,-117.24398040771484,32.8837890625
90440376,2017,2017-04-24,9680,2017-04-11,2158,013686,NA,2,2,5,3705,0,1,1,NA,2,082,I-8 W/B,GREENFIELD DR,2640,E,N,A,-,Y,NA,NA,8,NA,NA,NA,NA,NA,W,Y,1,1,0,1,A,-,08,22107,NA,N,E,I,A,A,H,-,D,D,0,NA,NA,NA,NA,Y,NA,A,07,0,0,0,0,0,0,0,0,0,-,-,32.81677,-116.91299,SAN DIEGO,EL CAJON,-116.91295258,32.81673004
90440452,2017,2017-04-24,9645,2017-04-07,1510,021601,NA,5,2,7,3711,0,1,1,NA,2,003,I-5 SOUTHBOUND,1ST AVENUE,2640,N,N,A,-,Y,NA,NA,5,NA,NA,NA,NA,NA,S,Y,4,0,1,2,A,-,03,22350,NA,N,C,C,A,A,H,-,A,D,0,NA,NA,NA,NA,Y,NA,D,22,0,0,1,0,0,0,0,0,0,-,-,32.724,-117.1648,SAN DIEGO,SAN DIEGO,-117.16483927,32.72396285
90440493,2017,2017-04-24,9645,2017-04-10,0742,019291,NA,1,1,7,3711,0,1,1,NA,2,005,I-5 N/B,BALBOA AVE,3696,N,N,A,-,Y,NA,NA,5,NA,NA,NA,NA,NA,N,Y,4,0,1,5,A,-,04,21703,NA,N,C,C,A,A,H,-,A,D,0,NA,NA,NA,NA,Y,NA,A,01,0,0,1,0,0,0,0,0,0,-,-,32.81584,-117.22324,SAN DIEGO,SAN DIEGO,-117.22298554,32.81605053
90445694,2017,2017-05-01,9650,2017-04-27,1415,015788,NA,4,2,6,3710,0,1,3,NA,2,015,SR-78 E/B  TO EL CAMINO REAL,EL CAMINO REAL,50,W,N,B,-,Y,NA,NA,78,NA,NA,NA,R,NA,E,N,4,0,1,2,A,-,03,22350,NA,N,C,C,A,A,H,-,A,A,0,NA,NA,NA,NA,Y,NA,A,01,0,0,1,0,0,0,0,0,0,-,-,33.18093,-117.32734,SAN DIEGO,OCEANSIDE,-117.32734,33.18093
90450213,2017,2017-05-05,9680,2017-04-27,0843,015578,NA,4,1,9,3700,0,2,4,NA,1,026,JAMACHA RD.,HELIX ST.,149,W,N,A,-,N,NA,NA,NA,NA,NA,NA,NA,NA,NA,N,4,0,1,2,A,-,03,22350,NA,N,C,C,A,A,H,-,A,D,0,NA,NA,NA,NA,Y,NA,D,22,0,0,1,0,0,0,0,0,0,-,-,32.71486,-117.01011,SAN DIEGO,UNINCORPORATED,-117.00997268,32.71479452
90450320,2017,2017-05-08,9650,2017-05-05,2240,020254,NA,5,3,5,3701,0,1,1,NA,2,005,I-5 N/B,TAMARACK AVE,1760,S,N,B,-,Y,NA,NA,5,NA,NA,NA,NA,NA,N,Y,4,0,1,2,A,-,03,22350,NA,N,C,C,A,A,H,-,D,D,0,NA,NA,NA,NA,Y,NA,A,07,0,0,1,0,0,0,0,0,0,-,-,33.14775,-117.33377,SAN DIEGO,CARLSBAD,-117.33383232,33.1477237
90452575,2017,2017-05-09,9650,2017-05-07,1325,016516,NA,7,1,9,3700,0,2,4,NA,2,063,RECHE RD,GIRD RD,200,W,N,C,-,N,NA,NA,NA,NA,NA,NA,NA,NA,NA,Y,4,0,1,1,A,-,08,22107,NA,N,E,I,A,B,H,-,A,D,0,NA,NA,NA,NA,Y,NA,A,01,0,0,1,0,0,0,0,0,0,-,-,33.36185,-117.20431,SAN DIEGO,UNINCORPORATED,-117.20444256,33.3618184
90453628,2017,2017-05-11,9650,2017-05-10,0248,018496,NA,3,3,9,3700,0,3,5,NA,2,211,N. LAKE WOHLFORD ROAD (26400 BLOCK),WOODS VALLEY RD,5280,S,N,B,-,N,NA,NA,NA,NA,NA,NA,NA,NA,NA,Y,4,0,1,1,A,-,08,22107,NA,N,E,I,A,A,H,-,D,D,0,NA,NA,NA,NA,Y,NA,A,01,0,0,1,0,0,0,0,0,0,-,-,33.19356,-116.97261,SAN DIEGO,UNINCORPORATED,-116.97235563,33.18816322
90454873,2017,2017-05-12,9650,2017-05-06,1414,015081,NA,6,2,9,3700,0,3,5,NA,2,070,DEL DIOS HWY,RANCHO DR,7920,W,N,B,C,N,NA,NA,NA,NA,NA,NA,NA,NA,NA,Y,3,0,2,2,A,-,03,22350,NA,N,A,C,A,B,H,-,A,D,0,NA,NA,NA,NA,Y,NA,A,01,0,2,0,0,0,0,0,0,0,-,-,33.04421,-117.13261,SAN DIEGO,UNINCORPORATED,-117.1244,33.06176
90454891,2017,2017-05-12,9645,2017-04-11,1249,019291,NA,2,1,6,3702,0,1,1,NA,2,001,I-5 S/B,E ST,500,N,N,A,-,Y,NA,NA,5,NA,NA,NA,NA,NA,S,N,4,0,1,2,A,-,07,21658,A,F,B,C,A,A,H,-,A,D,0,NA,NA,NA,NA,Y,NA,A,01,0,0,1,0,0,0,0,0,0,-,-,32.64162,-117.10097,SAN DIEGO,CHULA VISTA,-117.10092718,32.64163468
90455193,2017,2017-05-15,9645,2017-04-14,2008,019352,NA,5,2,7,3711,0,1,1,NA,2,017,I-15 N/B FROM CLAIREMONT MESA BLVD.,CLAIREMONT MESA BLVD.,125,N,N,A,-,Y,NA,NA,15,NA,NA,NA,R,NA,N,Y,3,0,1,1,A,-,01,23152,A,N,H,J,A,A,H,-,C,D,0,NA,NA,NA,NA,Y,Y,D,22,0,1,0,0,0,0,0,0,0,-,-,32.83422,-117.11835,SAN DIEGO,SAN DIEGO,-117.11835,32.83422
90456112,2017,2017-05-15,9680,2017-05-06,1100,021574,NA,6,1,9,3700,0,3,5,NA,2,001,EL NOPAL,HOLDEN TRAILS RD (PVT ROAD),30,N,N,B,C,N,NA,NA,NA,NA,NA,NA,NA,NA,NA,Y,3,0,3,2,A,-,05,21460,A,N,A,C,A,B,H,-,A,A,0,NA,NA,NA,NA,Y,NA,A,07,0,1,2,0,0,0,0,0,0,-,-,32.8611,-116.95473,SAN DIEGO,UNINCORPORATED,-116.9567427,32.86354263
90456175,2017,2017-05-15,9680,2017-05-06,0918,016181,NA,6,1,5,3705,0,1,3,NA,2,016,SR-67 S/B,BROADWAY,300,S,N,B,-,Y,NA,NA,67,NA,NA,NA,NA,NA,S,Y,2,0,2,2,A,-,08,22107,NA,N,E,I,A,A,H,-,A,A,0,NA,NA,NA,NA,Y,NA,A,01,1,1,0,0,0,0,0,0,0,-,-,32.80645,-116.96224,SAN DIEGO,EL CAJON,-116.96232278,32.80645664
9045728,2020,2020-02-24,3708,2020-01-18,2018,LM1225,NA,6,5,5,3708,0,0,0,NA,0,004,AMARILLO AV,MELLMANOR DR,207,S,N,A,-,N,NA,NA,NA,NA,NA,NA,NA,NA,NA,Y,4,0,1,5,A,-,01,23152,A,N,B,E,A,A,H,-,C,D,0,NA,NA,NA,NA,Y,Y,A,01,0,0,1,0,0,0,0,0,0,-,-,NA,NA,SAN DIEGO,LA MESA,-117.01365661621094,32.781673431396484
90457767,2017,2017-05-17,9650,2017-05-07,2310,018496,NA,7,3,5,3712,0,1,3,NA,2,019,SR-78 E/B,WOODLAND PKY,450,W,N,B,C,Y,NA,NA,78,NA,NA,NA,NA,NA,E,Y,3,0,1,1,A,-,01,23152,A,M,E,I,A,B,H,-,C,D,0,NA,NA,NA,NA,Y,Y,D,22,0,1,0,0,0,0,0,0,0,-,-,33.13906,-117.14269,SAN DIEGO,SAN MARCOS,-117.14267656,33.13911438
90458293,2017,2017-05-18,9650,2017-05-12,1240,013696,NA,5,1,9,3700,0,1,1,NA,2,001,I-5 N/B,USBP CHECKPOINT,1056,S,N,B,-,Y,NA,NA,5,NA,NA,NA,NA,NA,N,N,4,0,1,2,A,-,21,22106,NA,N,C,C,A,A,H,-,A,D,0,NA,NA,NA,NA,Y,NA,A,01,0,0,1,0,0,0,0,0,0,-,-,33.35082,-117.52263,SAN DIEGO,UNINCORPORATED,-117.52265259,33.35078757
90458921,2017,2017-05-18,9680,2017-05-12,1230,020500,NA,5,1,9,3700,0,1,3,NA,1,052,SR-79,RIVERWOOD RD,1075,S,N,A,-,Y,NA,NA,NA,NA,NA,NA,NA,NA,NA,Y,2,0,1,2,A,-,08,22107,NA,N,F,A,A,A,H,-,A,A,0,NA,NA,Y,NA,Y,NA,C,02,1,0,0,0,0,0,0,0,1,-,-,33.10692,-116.65883,SAN DIEGO,UNINCORPORATED,-116.6613179,33.10222073
90459305,2017,2017-05-19,9645,2017-05-09,1130,016156,NA,2,1,7,3711,0,1,3,NA,2,023,SR-163 S/B,WASHINGTON STREET O/C,1000,N,N,B,-,Y,NA,NA,163,NA,NA,NA,NA,NA,S,Y,4,0,1,3,A,-,07,21658,A,N,B,C,A,A,H,-,A,D,0,NA,NA,NA,NA,Y,NA,A,01,0,0,1,0,0,0,0,0,0,-,-,32.75396,-117.15836,SAN DIEGO,SAN DIEGO,-117.15840991,32.75393595
90459965,2017,2017-05-22,9645,2017-04-28,0632,015664,NA,5,1,7,3711,0,1,1,NA,2,017,I-15 N/B,MIRAMAR WAY,1584,N,N,A,-,Y,NA,NA,15,NA,NA,NA,NA,NA,N,Y,2,0,1,2,A,-,08,22107,NA,N,A,C,A,A,H,-,A,D,0,NA,NA,NA,NA,Y,NA,A,01,1,0,0,0,0,0,0,0,0,-,-,32.88448,-117.11036,SAN DIEGO,SAN DIEGO,-117.11024971,32.88455471
90462134,2017,2017-05-23,9680,2017-05-16,1515,016694,NA,2,2,9,3700,0,2,4,NA,1,013,WILDCAT CANYON RD,WILLOW ROAD,495,N,N,A,-,N,NA,NA,NA,NA,NA,NA,NA,NA,NA,Y,3,0,5,5,A,-,03,22350,NA,N,B,C,A,A,H,-,A,D,0,NA,NA,NA,NA,Y,NA,A,01,0,1,4,0,0,0,0,0,0,-,-,32.87662,-116.90945,SAN DIEGO,UNINCORPORATED,-116.90959657,32.87639104
90462516,2017,2017-05-24,9645,2017-05-17,1335,017480,NA,3,1,7,3711,0,1,3,NA,2,006,WESTBOUND STATE ROUTE 94,STATE ROUTE 15,0,NA,N,A,-,Y,NA,NA,94,NA,NA,NA,NA,NA,NA,Y,4,0,1,3,A,-,07,21658,A,M,B,C,A,A,H,-,A,A,0,NA,NA,NA,NA,Y,NA,A,08,0,0,1,0,0,0,0,0,0,-,-,32.71724,-117.11833,SAN DIEGO,SAN DIEGO,-117.11829937,32.71705781
9046281,2020,2020-02-28,3702,2020-01-22,1415,CV1087,NA,3,5,6,3702,0,0,0,NA,0,023,EAST L ST,HILLTOP DR,250,W,N,A,-,N,NA,NA,NA,NA,NA,NA,NA,NA,NA,Y,4,0,1,2,A,-,03,22350,NA,N,C,E,A,A,H,-,A,D,0,NA,NA,NA,NA,Y,NA,A,07,0,0,1,0,0,0,0,0,0,-,-,NA,NA,SAN DIEGO,CHULA VISTA,-117.0603256225586,32.623809814453125
9046392,2020,2020-02-26,3702,2020-01-13,1740,CV1087,NA,1,5,6,3702,0,0,0,NA,0,014,E BONITA RD,BONITA GLEN RD,300,E,N,A,-,N,NA,NA,NA,NA,NA,NA,NA,NA,NA,N,4,0,1,2,A,-,03,22350,NA,N,C,C,A,A,H,-,C,D,0,NA,NA,NA,NA,Y,NA,A,01,0,0,1,0,0,0,0,0,0,-,-,NA,NA,SAN DIEGO,CHULA VISTA,-117.06315612792967,32.64794921875
90466094,2017,2017-05-29,9650,2017-05-21,1329,019126,NA,7,1,9,3700,0,1,3,NA,1,028,SR-76,VALLEY CENTER RD,0,NA,Y,A,-,Y,NA,NA,76,NA,NA,NA,NA,NA,NA,Y,2,0,2,2,A,-,09,21802,A,N,D,C,A,A,H,-,A,A,0,NA,NA,Y,NA,Y,NA,A,01,2,0,0,0,0,0,0,0,2,-,-,33.2879,-116.95838,SAN DIEGO,UNINCORPORATED,-116.95850391,33.28846284
90467642,2017,2017-05-31,9645,2017-05-11,1748,018678,NA,4,2,5,3709,0,1,1,NA,2,009,I-805 S/B FROM SWEETWATER ROAD,SWEETWATER ROAD,290,S,N,A,-,Y,NA,NA,805,NA,NA,NA,R,NA,S,Y,3,0,1,2,A,-,03,22350,NA,N,C,C,A,A,H,-,A,A,0,NA,NA,NA,NA,Y,NA,A,01,0,1,0,0,0,0,0,0,0,-,-,32.66062,-117.07836,SAN DIEGO,NATIONAL CITY,-117.07836,32.66062
90467895,2017,2017-05-31,9645,2017-05-18,1805,021651,NA,4,2,7,3711,0,1,1,NA,2,010,I-8 E/B,I-5,800,W,N,A,-,Y,NA,NA,8,NA,NA,NA,NA,NA,E,Y,3,0,2,2,A,-,03,22350,NA,N,C,C,A,A,H,-,A,D,0,NA,NA,NA,NA,Y,NA,A,08,0,1,1,0,0,0,0,0,0,-,-,32.75897,-117.20959,SAN DIEGO,SAN DIEGO,-117.20958393,32.75891581
90468224,2017,2017-05-31,9645,2017-02-02,1904,018393,NA,4,2,9,3700,0,1,1,NA,2,009,I-805 N/B TO BONITA RD,BONITA RD E/B,676,S,N,A,-,Y,NA,NA,805,NA,NA,NA,R,NA,N,Y,1,1,0,3,A,-,11,21954,A,N,G,B,E,A,H,-,D,D,0,Y,NA,NA,NA,Y,NA,N,60,0,0,0,1,0,0,0,0,0,-,-,32.64632,-117.05858,SAN DIEGO,UNINCORPORATED,-117.05858,32.64632
90469627,2017,2017-06-02,9645,2017-05-22,0545,015270,NA,1,3,7,3711,0,1,1,NA,2,007,I-5 N/B TO LA JOLLA VILLAGE DRIVE,LA JOLLA VILLAGE DRIVE,9,S,N,B,-,Y,NA,NA,5,NA,NA,NA,R,NA,N,N,4,0,2,2,A,-,03,22350,NA,N,C,C,A,A,H,-,A,A,0,NA,NA,NA,NA,Y,NA,A,01,0,0,2,0,0,0,0,0,0,-,-,32.87214,-117.22758,SAN DIEGO,SAN DIEGO,-117.22758,32.87214
90469754,2016,2017-06-02,9645,2016-11-28,1430,015001,NA,1,2,7,3711,1,3,5,NA,2,024,PASEO LUCIDO W/B,BERNARDO HEIGHTS PKWY,0,NA,Y,B,C,N,NA,NA,NA,NA,NA,NA,NA,NA,NA,N,3,0,1,1,A,-,03,22350,NA,N,H,A,A,B,H,-,A,A,0,NA,NA,NA,NA,Y,NA,H,13,0,1,0,0,0,0,0,0,0,-,-,33.01353,-117.07541,SAN DIEGO,SAN DIEGO,-117.07561013,33.01343003
90470313,2017,2017-06-05,9650,2017-05-19,1629,017328,NA,5,2,9,3700,0,3,5,NA,2,006,ELDER ST.,POTTER ST.,0,NA,Y,A,-,N,NA,NA,NA,NA,NA,NA,NA,NA,NA,Y,4,0,1,2,A,-,09,21802,A,F,D,C,A,A,H,-,A,A,0,NA,NA,NA,NA,Y,NA,A,01,0,0,1,0,0,0,0,0,0,-,-,33.38017,-117.2428,SAN DIEGO,UNINCORPORATED,-117.24279004,33.38017009
90470922,2017,2017-06-05,9645,2017-05-23,1555,020066,NA,2,2,7,3711,0,1,1,NA,2,010,I-8 E/B FROM COLLEGE AVE,COLLEGE AVE. O/C,300,E,N,A,-,Y,NA,NA,8,NA,NA,NA,R,NA,E,Y,4,0,1,2,A,-,03,22350,NA,N,C,C,A,A,H,-,A,D,0,NA,NA,NA,NA,Y,NA,A,07,0,0,1,0,0,0,0,0,0,-,-,32.77918,-117.06605,SAN DIEGO,SAN DIEGO,-117.06605,32.77918
90472645,2017,2017-06-07,9645,2017-05-24,0820,015494,NA,3,1,7,3711,0,1,3,NA,2,023,SR-163 N/B,ROBINSON AVE,500,S,N,A,-,Y,NA,NA,163,NA,NA,NA,NA,NA,N,Y,4,0,1,2,A,-,03,22350,NA,N,C,C,A,A,H,-,A,D,0,NA,NA,NA,NA,Y,NA,A,07,0,0,1,0,0,0,0,0,0,-,-,32.74519,-117.15632,SAN DIEGO,SAN DIEGO,-117.15636006,32.7451811
9047448,2020,2020-03-06,3711,2020-01-30,1802,SD6000,NA,4,5,7,3711,0,0,0,NA,0,122,GRAND AV,BAYARD ST,0,NA,Y,A,-,N,NA,NA,NA,NA,NA,NA,NA,NA,NA,N,2,0,1,2,A,-,11,21456,C,N,G,B,B,A,H,-,C,A,0,Y,NA,NA,NA,Y,Y,N,60,1,0,0,0,1,0,0,0,0,-,-,NA,NA,SAN DIEGO,SAN DIEGO,-117.25308227539063,32.79513168334961
90474978,2017,2017-06-12,9650,2017-06-08,1225,013570,NA,4,1,6,3710,0,1,3,NA,2,015,SR-78 E/B,COLLEGE BLVD,100,E,N,A,-,Y,NA,NA,NA,NA,NA,NA,NA,NA,NA,N,4,0,1,2,A,-,07,21658,A,N,B,C,A,A,H,-,A,D,0,NA,NA,NA,NA,Y,NA,D,22,0,0,1,0,0,0,0,0,0,-,-,NA,NA,SAN DIEGO,OCEANSIDE,-117.29613495,33.18308884
90477232,2017,2017-06-13,9650,2017-06-12,0825,015276,NA,1,1,9,3700,0,1,1,NA,2,021,I-15 S/B TO GOPHER CANYON ROAD,GOPHER CANYON RD,25,N,N,A,-,Y,NA,NA,15,NA,NA,NA,R,NA,S,N,4,0,1,2,A,-,03,22350,NA,N,C,C,A,A,H,-,A,A,0,NA,NA,NA,NA,Y,NA,A,01,0,0,1,0,0,0,0,0,0,-,-,33.10136,-117.09118,SAN DIEGO,UNINCORPORATED,-117.09118,33.10136
90478827,2017,2017-06-15,9645,2017-06-05,1650,018344,NA,1,2,7,3711,0,1,3,NA,2,016,SR-52 EASTBOUND,SANTO RD. O/C,1800,W,N,A,-,Y,NA,NA,52,NA,NA,NA,NA,NA,E,Y,4,0,1,3,A,-,03,22350,NA,N,C,C,A,A,H,-,A,D,0,NA,NA,NA,NA,Y,NA,D,22,0,0,1,0,0,0,0,0,0,-,-,32.84149,-117.1033,SAN DIEGO,SAN DIEGO,-117.10330371,32.84139755
90480120,2017,2017-06-19,9650,2017-06-13,1818,019490,NA,2,2,9,3700,0,3,5,NA,2,070,LINEA DEL CIELO,AVENIDA MARAVILLAS,528,E,N,A,-,N,NA,NA,NA,NA,NA,NA,NA,NA,NA,Y,3,0,1,2,A,-,03,22350,NA,N,D,C,A,A,H,-,A,D,0,NA,NA,NA,NA,Y,NA,A,01,0,1,0,0,0,0,0,0,0,-,-,33.01748,-117.21175,SAN DIEGO,UNINCORPORATED,-117.21150417,33.01761257
90480210,2017,2017-06-19,9650,2017-06-16,0335,020254,NA,5,3,9,3700,0,1,1,NA,2,021,I-15 S/B,WEST LILAC RD,110,N,N,A,-,Y,NA,NA,15,NA,NA,NA,NA,NA,S,Y,4,0,1,2,A,-,08,22107,NA,N,B,C,A,A,H,-,D,D,0,NA,NA,NA,NA,Y,NA,A,01,0,0,1,0,0,0,0,0,0,-,-,33.30071,-117.15025,SAN DIEGO,UNINCORPORATED,-117.15027645,33.30070877
90480919,2017,2017-06-19,9680,2017-06-08,1745,021574,NA,4,2,9,3700,0,3,5,NA,2,002,CONRAD DR,CAMPO RD,597,N,N,A,-,N,NA,NA,NA,NA,NA,NA,NA,NA,NA,Y,4,0,1,2,A,-,09,21804,A,N,D,C,A,A,H,-,A,D,0,NA,NA,NA,NA,Y,NA,A,01,0,0,1,0,0,0,0,0,0,-,-,NA,NA,SAN DIEGO,UNINCORPORATED,-116.98733019,32.74962496
90483248,2017,2017-06-21,9650,2017-06-18,1758,016516,NA,7,2,9,3700,0,2,4,NA,2,061,E. MISSION RD,SUNNY HEIGHTS RD,0,NA,Y,A,-,N,NA,NA,NA,NA,NA,NA,NA,NA,NA,Y,4,0,4,4,A,-,03,22350,NA,N,C,C,A,A,H,-,A,D,0,NA,NA,NA,NA,Y,NA,A,01,0,0,4,0,0,0,0,0,0,-,-,33.39506,-117.20302,SAN DIEGO,UNINCORPORATED,-117.20303,33.39485011
9048364,2019,2020-02-25,3706,2019-10-22,2300,479,ESCON,2,5,6,3706,0,0,0,NA,0,045,WANEK RD,CITRUS AV,8,E,N,A,-,N,NA,NA,NA,NA,NA,NA,NA,NA,NA,N,3,0,1,2,D,-,00,NA,NA,N,B,B,E,A,H,-,C,D,0,Y,NA,NA,NA,Y,NA,-,-,0,1,0,0,1,0,0,0,0,-,-,33.14418029785156,-117.04627227783205,SAN DIEGO,ESCONDIDO,-117.04629516601563,33.144168853759766
90486928,2017,2017-06-26,9645,2017-06-18,1235,019054,NA,7,1,7,3711,0,1,1,NA,2,010,I-8 W/B,PRESIDIO PARK O/C,729,W,N,A,-,Y,NA,NA,8,NA,NA,NA,NA,NA,W,Y,4,0,1,2,A,-,03,22350,NA,N,C,C,A,A,H,-,A,D,0,NA,NA,NA,NA,Y,NA,A,01,0,0,1,0,0,0,0,0,0,-,-,32.75975,-117.1882,SAN DIEGO,SAN DIEGO,-117.18818768,32.75984792
90487535,2017,2017-06-26,9680,2017-06-14,1615,021574,NA,3,2,9,3700,0,2,4,NA,1,029,CAMPO RD,S CORDOBA AVE,11,W,N,A,-,N,NA,NA,NA,NA,NA,NA,NA,NA,NA,Y,4,0,1,2,A,-,09,21801,A,N,A,C,A,A,H,-,A,D,0,NA,NA,NA,NA,Y,NA,D,22,0,0,1,0,0,0,0,0,0,-,-,NA,NA,SAN DIEGO,UNINCORPORATED,-116.98032565,32.74792023
90489035,2017,2017-06-27,9680,2017-06-17,1320,019910,NA,6,1,9,3700,0,1,1,NA,2,083,I-8 W/B,LAKE JENNINGS PARK RD,4224,E,N,A,-,Y,NA,NA,8,NA,NA,NA,NA,NA,W,Y,3,0,2,1,A,-,01,23152,A,N,E,I,A,A,H,-,A,D,0,NA,NA,NA,NA,Y,Y,A,07,0,2,0,0,0,0,0,0,0,-,-,32.85094,-116.87048,SAN DIEGO,UNINCORPORATED,-116.8704508,32.8509061
90489769,2017,2017-06-28,9645,2017-06-10,0725,019054,NA,6,1,7,3711,0,1,3,NA,2,023,SR-163 N/B TO I-8 E/B,I-8 O/C,125,S,N,C,-,Y,NA,NA,163,NA,NA,NA,R,NA,N,Y,4,0,1,1,A,-,03,22350,NA,N,E,I,A,B,H,-,A,D,0,NA,NA,NA,NA,Y,NA,A,07,0,0,1,0,0,0,0,0,0,-,-,32.76237,-117.16212,SAN DIEGO,SAN DIEGO,-117.16212,32.76237
90490183,2017,2017-06-28,9650,2017-06-20,1800,013452,NA,2,2,9,3700,0,3,5,NA,2,150,OSBORNE STREET,HUTCHISON STREET,0,NA,Y,A,-,N,NA,NA,NA,NA,NA,NA,NA,NA,NA,Y,4,0,1,2,A,-,09,21801,A,N,D,C,A,A,H,-,A,D,0,NA,NA,NA,NA,Y,NA,A,01,0,0,1,0,0,0,0,0,0,-,-,33.23795,-117.24121,SAN DIEGO,UNINCORPORATED,-117.24122001,33.23784
90490221,2017,2017-06-29,9645,2017-06-16,2031,018678,NA,5,2,6,3702,0,1,1,NA,2,009,I-805 S/B,EAST H STREET O/C,500,N,N,A,-,Y,NA,NA,805,NA,NA,NA,NA,NA,S,Y,4,0,3,2,A,-,04,21703,NA,N,C,C,A,A,H,-,C,D,0,NA,NA,NA,NA,Y,NA,A,08,0,0,3,0,0,0,0,0,0,-,-,32.64443,-117.0582,SAN DIEGO,CHULA VISTA,-117.05822661,32.64441461
90490585,2017,2017-06-29,9680,2017-06-19,0613,016181,NA,1,1,5,3781,0,1,3,NA,2,016,SR-67 S/B TO SR-52 W/B,SR-67 S/B FROM MAGNOLIA AVE,385,N,N,A,-,Y,NA,NA,67,NA,NA,NA,R,NA,S,Y,3,0,2,2,A,-,03,22350,NA,N,C,C,A,A,H,-,A,A,0,NA,NA,NA,Y,Y,NA,F,27,0,1,1,0,0,0,0,0,0,-,-,32.83435,-116.96239,SAN DIEGO,SANTEE,-116.96239,32.83435
90490650,2017,2017-06-29,9645,2017-06-23,0645,015847,NA,5,1,7,3711,0,1,1,NA,2,015,I-805 N/B,BALBOA AVE,600,S,N,A,-,Y,NA,NA,805,NA,NA,NA,NA,NA,N,Y,3,0,1,3,A,-,03,22350,NA,N,B,C,A,A,H,-,A,D,0,NA,NA,Y,NA,Y,NA,C,02,0,1,0,0,0,0,0,0,1,-,-,32.81964,-117.16124,SAN DIEGO,SAN DIEGO,-117.16115245,32.81969022
90491379,2017,2017-06-30,9650,2017-06-26,1538,016485,NA,1,2,6,3706,0,1,1,NA,2,023,I-15 N/B,9TH AVE,600,S,N,A,-,Y,NA,NA,15,NA,NA,NA,NA,NA,N,Y,4,0,1,2,A,-,03,22350,NA,N,C,C,A,A,H,-,A,D,0,NA,NA,NA,NA,Y,NA,D,22,0,0,1,0,0,0,0,0,0,-,-,33.10675,-117.09391,SAN DIEGO,ESCONDIDO,-117.09380233,33.10681318
90492011,2017,2017-07-03,9645,2017-06-22,1548,017667,NA,4,2,7,3711,0,1,1,NA,2,011,I-805 N/B,EL CAJON BLVD.,100,N,N,A,-,Y,NA,NA,805,NA,NA,NA,NA,NA,N,Y,4,0,1,2,A,-,03,22350,NA,N,C,C,A,A,H,-,A,D,0,NA,NA,NA,NA,Y,NA,A,07,0,0,1,0,0,0,0,0,0,-,-,32.75834,-117.12585,SAN DIEGO,SAN DIEGO,-117.12581282,32.75835506
90492109,2017,2017-07-03,9650,2017-06-19,0107,018496,NA,1,3,9,3700,0,1,1,NA,2,021,I-15 S/B,MESA ROCK RD,2640,N,N,A,-,Y,NA,NA,15,NA,NA,NA,NA,NA,S,Y,3,0,2,2,A,-,03,22350,NA,N,C,C,A,A,H,-,D,D,0,NA,NA,NA,NA,Y,Y,A,01,0,2,0,0,0,0,0,0,0,-,-,33.18226,-117.11718,SAN DIEGO,UNINCORPORATED,-117.11724602,33.18222219
90493085,2017,2017-07-03,9680,2017-06-23,1620,018427,NA,5,2,9,3700,0,2,4,NA,1,018,LOS COCHES RD,JULIAN AVE,300,N,N,A,-,N,NA,NA,NA,NA,NA,NA,NA,NA,NA,N,4,0,1,2,A,-,09,21804,A,N,D,C,A,A,H,-,A,D,0,NA,NA,NA,NA,Y,NA,A,07,0,0,1,0,0,0,0,0,0,-,-,32.85564,-116.9201,SAN DIEGO,UNINCORPORATED,-116.92028061,32.85576912