CASE_ID,ACCIDENT_YEAR,PROC_DATE,JURIS,COLLISION_DATE,COLLISION_TIME,OFFICER_ID,REPORTING_DISTRICT,DAY_OF_WEEK,CHP_SHIFT,POPULATION,CNTY_CITY_LOC,SPECIAL_COND,BEAT_TYPE,CHP_BEAT_TYPE,CITY_DIVISION_LAPD,CHP_BEAT_CLASS,BEAT_NUMBER,PRIMARY_RD,SECONDARY_RD,DISTANCE,DIRECTION,INTERSECTION,WEATHER_1,WEATHER_2,STATE_HWY_IND,CALTRANS_COUNTY,CALTRANS_DISTRICT,STATE_ROUTE,ROUTE_SUFFIX,POSTMILE_PREFIX,POSTMILE,LOCATION_TYPE,RAMP_INTERSECTION,SIDE_OF_HWY,TOW_AWAY,COLLISION_SEVERITY,NUMBER_KILLED,NUMBER_INJURED,PARTY_COUNT,PRIMARY_COLL_FACTOR,PCF_CODE_OF_VIOL,PCF_VIOL_CATEGORY,PCF_VIOLATION,PCF_VIOL_SUBSECTION,HIT_AND_RUN,TYPE_OF_COLLISION,MVIW,PED_ACTION,ROAD_SURFACE,ROAD_COND_1,ROAD_COND_2,LIGHTING,CONTROL_DEVICE,CHP_ROAD_TYPE,PEDESTRIAN_ACCIDENT,BICYCLE_ACCIDENT,MOTORCYCLE_ACCIDENT,TRUCK_ACCIDENT,NOT_PRIVATE_PROPERTY,ALCOHOL_INVOLVED,STWD_VEHTYPE_AT_FAULT,CHP_VEHTYPE_AT_FAULT,COUNT_SEVERE_INJ,COUNT_VISIBLE_INJ,COUNT_COMPLAINT_PAIN,COUNT_PED_KILLED,COUNT_PED_INJURED,COUNT_BICYCLIST_KILLED,COUNT_BICYCLIST_INJURED,COUNT_MC_KILLED,COUNT_MC_INJURED,PRIMARY_RAMP,SECONDARY_RAMP,LATITUDE,LONGITUDE,COUNTY,CITY,POINT_X,POINT_Y
90639221,2018,2018-02-08,9645,2018-01-03,1715,017953,NA,3,2,7,3711,0,1,3,NA,2,023,SR-163 N/B,ROBINSON AVENUE O/C,840,S,N,A,-,Y,NA,NA,163,NA,NA,NA,NA,NA,N,Y,4,0,1,2,A,-,03,22350,NA,N,B,C,A,A,H,-,D,D,0,NA,NA,Y,NA,Y,NA,C,02,0,0,1,0,0,0,0,0,1,-,-,32.744361877441406,-117.15625,SAN DIEGO,SAN DIEGO,-117.15623474121094,32.744361877441406
90639339,2018,2018-01-15,9680,2018-01-02,1335,017460,NA,2,1,9,3700,0,1,3,NA,1,060,SR-94,JEWEL VALLEY ROAD,55,W,N,A,-,Y,NA,NA,94,NA,NA,NA,NA,NA,NA,Y,3,0,1,2,A,-,08,22107,NA,N,D,C,A,A,H,-,A,D,0,NA,NA,NA,NA,Y,NA,A,01,0,1,0,0,0,0,0,0,0,-,-,32.66925811767578,-116.29033660888672,SAN DIEGO,UNINCORPORATED,-116.29034423828124,32.669132232666016
90639356,2018,2018-01-15,9650,2018-01-10,0915,019126,NA,3,1,9,3700,0,3,5,NA,1,212,OLD CASTLE RD,PAMOOSA LN,3168,E,N,B,-,N,NA,NA,NA,NA,NA,NA,NA,NA,NA,Y,3,0,1,2,A,-,03,22350,NA,N,A,C,A,B,H,-,A,D,0,NA,NA,NA,Y,Y,NA,A,01,0,1,0,0,0,0,0,0,0,-,-,33.255889892578125,-117.11048889160156,SAN DIEGO,UNINCORPORATED,-117.11041259765624,33.253822326660156
90639407,2018,2018-03-12,9650,2018-01-13,0848,016487,NA,6,1,9,3700,0,1,3,NA,1,028,SR-76 E/B,PALA MISSION RD,425,W,N,A,-,Y,NA,NA,76,NA,NA,NA,NA,NA,E,Y,3,0,1,2,A,-,09,21801,A,N,D,C,A,A,H,-,A,D,0,NA,NA,NA,NA,Y,NA,D,22,0,1,0,0,0,0,0,0,0,-,-,33.36444854736328,-117.08692932128906,SAN DIEGO,UNINCORPORATED,-117.08692932128906,33.3645133972168
90639550,2018,2018-01-15,9650,2018-01-05,2100,021747,NA,5,2,9,3700,0,3,5,NA,2,191,ELFIN FOREST RD,HARMONY GROVE RD,30,S,N,A,-,N,NA,NA,NA,NA,NA,NA,NA,NA,NA,Y,4,0,1,1,A,-,08,22107,NA,N,E,I,A,A,H,-,D,D,0,NA,NA,NA,NA,Y,NA,A,01,0,0,1,0,0,0,0,0,0,-,-,33.0731201171875,-117.16468048095705,SAN DIEGO,UNINCORPORATED,-117.16405487060548,33.0736198425293
90641608,2018,2018-01-17,9680,2018-01-07,1710,021237,NA,7,2,9,3700,0,1,3,NA,1,017,SR-67,FOSTER TRUCK TRAIL,6336,S,N,A,-,Y,NA,NA,67,NA,NA,NA,NA,NA,NA,Y,2,0,2,1,A,-,08,22107,NA,N,F,A,A,A,H,-,D,D,0,NA,NA,NA,NA,Y,NA,A,01,1,1,0,0,0,0,0,0,0,-,-,32.924800872802734,-116.94561767578124,SAN DIEGO,UNINCORPORATED,-116.9455108642578,32.92481994628906
90642063,2018,2018-01-17,9680,2018-01-06,2100,019998,NA,6,2,9,3700,0,1,3,NA,1,024,SR-94 W/B,JEFFERSON RD,48,E,N,A,-,N,NA,NA,94,NA,NA,NA,NA,NA,W,Y,4,0,2,2,A,-,01,23152,A,N,C,C,A,A,H,-,C,A,0,NA,NA,NA,NA,Y,Y,A,01,0,0,2,0,0,0,0,0,0,-,-,32.71683883666992,-116.87574005126952,SAN DIEGO,UNINCORPORATED,-116.87574768066406,32.716800689697266
90643061,2017,2018-01-18,9645,2017-11-05,1715,020165,NA,7,2,7,3711,0,1,3,NA,2,012,I-805 FROM SR-52 E/B,I-805,1500,W,N,A,-,Y,NA,NA,NA,NA,NA,NA,NA,NA,NA,Y,3,0,2,2,A,-,08,22107,NA,N,B,C,A,A,H,-,C,D,0,NA,NA,NA,NA,Y,NA,A,01,0,1,1,0,0,0,0,0,0,-,-,32.84677,-117.18262,SAN DIEGO,SAN DIEGO,NA,NA
90644639,2018,2018-01-22,9680,2018-01-12,1955,017621,NA,5,2,9,3700,0,1,3,NA,1,091,SR-78,WEEKEND VILLA RD,4752,W,N,A,-,Y,NA,NA,78,NA,NA,NA,NA,NA,NA,Y,4,0,1,1,A,-,08,22107,NA,N,E,I,A,A,H,-,D,A,0,NA,NA,NA,NA,Y,NA,A,01,0,0,1,0,0,0,0,0,0,-,-,33.07228088378906,-116.90177917480467,SAN DIEGO,UNINCORPORATED,-116.90177917480467,33.07231140136719
90645120,2018,2018-01-22,9645,2018-01-10,1820,021873,NA,3,2,7,3711,0,1,3,NA,2,023,SR-163 N/B,MESA COLLEGE DR,500,S,N,A,-,Y,NA,NA,163,NA,NA,NA,NA,NA,N,Y,4,0,1,2,A,-,03,22350,NA,N,C,C,A,A,H,-,C,D,0,NA,NA,NA,NA,Y,NA,A,01,0,0,1,0,0,0,0,0,0,-,-,32.80046081542969,-117.15572357177734,SAN DIEGO,SAN DIEGO,-117.15574645996094,32.80046844482422
90649469,2018,2018-01-26,9680,2018-01-20,1030,016102,NA,6,1,9,3700,0,1,1,NA,2,086,INTERSTATE 8 WESTBOUND (I-8 W/B),CRESTWOOD ROAD,15840,W,N,B,D,Y,NA,NA,8,NA,NA,NA,NA,NA,W,Y,4,0,2,1,A,-,03,22350,NA,N,F,A,A,C,H,-,A,D,0,NA,NA,NA,NA,Y,NA,A,07,0,0,2,0,0,0,0,0,0,-,-,32.7234992980957,-116.398681640625,SAN DIEGO,UNINCORPORATED,-116.39871978759766,32.723411560058594
90649655,2018,2018-01-29,9650,2018-01-25,1720,017328,NA,4,2,9,3700,0,3,5,NA,2,006,LIVE OAK PARK RD.,YUCCA RD.,0,NA,Y,A,-,N,NA,NA,NA,NA,NA,NA,NA,NA,NA,Y,4,0,1,3,A,-,09,21804,A,N,D,C,A,A,H,-,B,A,0,NA,NA,NA,NA,Y,NA,A,07,0,0,1,0,0,0,0,0,0,-,-,33.39019012451172,-117.1889419555664,SAN DIEGO,UNINCORPORATED,-117.18895721435548,33.39017105102539
90652133,2017,2018-08-24,9645,2017-12-31,0750,019563,NA,7,1,6,3702,0,1,1,NA,2,001,I-5 N/B,J STREET,1207,S,N,B,-,Y,NA,NA,5,NA,NA,NA,NA,NA,N,Y,1,1,2,1,A,-,01,23152,A,N,E,I,A,A,H,-,A,D,0,NA,NA,NA,NA,Y,Y,A,01,1,0,1,0,0,0,0,0,0,-,-,32.61837,-117.0917,SAN DIEGO,CHULA VISTA,-117.09163489,32.61839152
90652633,2018,2018-01-31,9680,2018-01-25,0754,015578,NA,4,1,9,3700,0,1,3,NA,1,023,SR-94 WESTBOUND,BANCROFT DR.,1056,E,N,A,-,Y,NA,NA,94,NA,NA,NA,NA,NA,W,Y,4,0,1,2,A,-,04,21703,NA,N,C,C,A,A,H,-,A,D,0,NA,NA,NA,NA,Y,NA,A,01,0,0,1,0,0,0,0,0,0,-,-,32.749351501464844,-116.99681854248048,SAN DIEGO,UNINCORPORATED,-116.9968032836914,32.74941635131836
90654641,2018,2018-02-05,9650,2018-02-01,1515,020747,NA,4,2,9,3700,0,3,5,NA,1,160,CAMINO DEL REY,VIA MARIA ELENA,1000,W,N,A,-,N,NA,NA,NA,NA,NA,NA,NA,NA,NA,Y,4,0,1,1,A,-,08,22107,NA,N,E,I,A,A,H,-,A,D,0,NA,NA,NA,NA,Y,NA,A,01,0,0,1,0,0,0,0,0,0,-,-,33.28316879272461,-117.20173645019533,SAN DIEGO,UNINCORPORATED,-117.20338439941406,33.28360366821289
90655856,2018,2018-02-06,9645,2018-01-25,1732,018145,NA,4,2,7,3711,0,1,3,NA,2,023,SR-163 SOUTHBOUND,ROBINSON AVE.,1056,S,N,A,-,Y,NA,NA,163,NA,NA,NA,NA,NA,S,N,4,0,1,2,A,-,03,22350,NA,N,C,C,A,A,H,-,D,D,0,NA,NA,NA,NA,Y,NA,A,07,0,0,1,0,0,0,0,0,0,-,-,32.745201110839844,-117.15647888183594,SAN DIEGO,SAN DIEGO,-117.156494140625,32.74519729614258
90656869,2018,2018-02-07,9645,2018-01-27,1845,020997,NA,6,2,5,3709,0,1,1,NA,2,009,I-805 N/B TO SR-54 W/B,SWEETWATER ROAD,1000,S,N,A,-,Y,NA,NA,805,NA,NA,NA,R,NA,N,Y,4,0,1,2,A,-,03,22350,NA,N,C,C,A,A,H,-,D,D,0,NA,NA,NA,NA,Y,NA,A,07,0,0,1,0,0,0,0,0,0,-,-,32.655269622802734,-117.07119750976563,SAN DIEGO,NATIONAL CITY,-117.07119750976563,32.655269622802734
90657159,2018,2018-02-07,9680,2018-01-27,1735,021772,NA,6,2,9,3700,0,2,4,NA,1,010,WOODSIDE AVE,PROSPECT AVE,130,W,N,A,-,N,NA,NA,NA,NA,NA,NA,NA,NA,NA,N,2,0,1,2,A,-,11,21954,A,N,G,B,D,A,H,-,B,D,0,Y,NA,NA,NA,Y,NA,N,60,1,0,0,0,1,0,0,0,0,-,-,32.85668182373047,-116.92696380615234,SAN DIEGO,UNINCORPORATED,-116.92670440673828,32.85665512084961
90657544,2018,2018-02-08,9645,2018-01-29,1630,018250,NA,1,2,7,3711,0,1,1,NA,2,010,I-8 E/B,SPORTS ARENA BLVD.,1000,E,N,A,-,Y,NA,NA,8,NA,NA,NA,NA,NA,E,Y,4,0,1,4,A,-,03,22350,NA,N,C,C,A,A,H,-,A,D,0,NA,NA,NA,NA,Y,NA,D,22,0,0,1,0,0,0,0,0,0,-,-,32.758018493652344,-117.21613311767578,SAN DIEGO,SAN DIEGO,-117.2161102294922,32.75794219970703
90658758,2018,2018-02-12,9650,2018-01-19,0500,019867,NA,5,3,6,3706,0,1,1,NA,2,023,I-15 S/B,DEL LAGO BLVD,340,N,N,A,-,Y,NA,NA,15,NA,NA,NA,NA,NA,S,Y,2,0,1,6,A,-,08,22107,NA,N,B,C,A,A,H,-,C,D,0,NA,NA,NA,NA,Y,NA,A,01,1,0,0,0,0,0,0,0,0,-,-,33.07210922241211,-117.06989288330078,SAN DIEGO,ESCONDIDO,-117.06999969482422,33.072086334228516
90659939,2017,2018-02-12,9680,2017-12-03,1308,017460,NA,7,1,9,3700,0,1,3,NA,1,040,STATE ROUTE 94,EMERY ROAD,2640,E,N,B,-,Y,NA,NA,94,NA,NA,NA,NA,NA,NA,Y,1,1,0,1,A,-,03,22350,NA,N,F,A,A,A,H,-,A,A,0,NA,NA,Y,NA,Y,NA,C,02,0,0,0,0,0,0,0,1,0,-,-,32.60322,-116.63388,SAN DIEGO,UNINCORPORATED,-116.63381722,32.60325265
90660257,2018,2018-02-13,9645,2018-02-01,0845,018987,NA,4,1,7,3711,0,1,1,NA,2,010,I-8 WESTBOUND,PRESIDIO PARK O/C,1000,E,N,A,-,Y,NA,NA,8,NA,NA,NA,NA,NA,W,Y,4,0,2,4,A,-,03,22350,NA,N,C,C,A,A,H,-,A,D,0,NA,NA,NA,NA,Y,NA,A,01,0,0,2,0,0,0,0,0,0,-,-,32.759620666503906,-117.18447875976563,SAN DIEGO,SAN DIEGO,-117.18447875976563,32.75960922241211
90660329,2018,2018-02-13,9645,2018-02-01,1745,017270,NA,4,2,7,3711,0,1,3,NA,2,014,SR-52 E/B,KEARNY VILLA ROAD,50,E,N,A,-,Y,NA,NA,52,NA,NA,NA,NA,NA,E,Y,4,0,1,2,A,-,03,22350,NA,N,C,C,A,A,H,-,C,D,0,NA,NA,NA,NA,Y,NA,A,01,0,0,1,0,0,0,0,0,0,-,-,32.841400146484375,-117.12770080566406,SAN DIEGO,SAN DIEGO,-117.12770080566406,32.84156799316406
90660528,2018,2018-02-13,9645,2018-02-01,1445,017499,NA,4,2,7,3711,0,1,3,NA,1,004,SR-75 WESTBOUND (CORONADO BRIDGE),HARBOR DR.,300,E,N,A,-,Y,NA,NA,NA,NA,NA,NA,NA,NA,NA,Y,2,0,1,2,A,-,07,21658,A,F,F,A,A,A,H,-,A,D,0,NA,NA,Y,NA,Y,NA,A,01,1,0,0,0,0,0,0,0,1,-,-,32.697120666503906,-117.14615631103516,SAN DIEGO,SAN DIEGO,-117.14533996582033,32.69778060913086
90660541,2018,2018-02-13,9645,2018-02-01,1540,013648,NA,4,2,7,3711,0,1,3,NA,2,006,SR 94 EASTBOUND,SR 15,300,W,N,A,-,Y,NA,NA,NA,NA,NA,NA,NA,NA,NA,Y,3,0,3,3,A,-,04,21703,NA,N,C,C,A,A,H,-,A,D,0,NA,NA,NA,NA,Y,NA,A,01,0,3,0,0,0,0,0,0,0,-,-,32.73141098022461,-117.11126708984376,SAN DIEGO,SAN DIEGO,-117.1189193725586,32.716209411621094
90661505,2018,2018-02-14,9650,2018-02-10,1250,015788,NA,6,1,9,3700,0,1,1,NA,2,003,I-5 S/B,HARBOR DR,2640,N,N,B,-,Y,NA,NA,5,NA,NA,NA,NA,NA,S,N,4,0,1,3,A,-,03,22350,NA,N,C,C,A,A,H,-,A,D,0,NA,NA,NA,NA,Y,NA,A,01,0,0,1,0,0,0,0,0,0,-,-,33.21697998046875,-117.39077758789063,SAN DIEGO,UNINCORPORATED,-117.39069366455078,33.21700668334961
9066213,2020,2020-07-17,3711,2020-03-19,1935,SD7870,NA,4,5,7,3711,0,0,0,NA,0,721,SATURN BL,PALM AV,310,N,N,B,-,N,NA,NA,NA,NA,NA,NA,NA,NA,NA,N,3,0,1,2,A,-,05,21650,NA,N,G,B,A,A,H,-,C,A,0,NA,Y,NA,NA,Y,NA,L,04,0,1,0,0,0,0,1,0,0,-,-,NA,NA,SAN DIEGO,SAN DIEGO,-117.09259796142578,32.58458709716797
90663738,2018,2018-02-19,9650,2018-02-10,1120,021992,NA,6,1,9,3700,0,3,5,NA,2,213,SOUTH GRADE ROAD,SR-76,2112,N,N,A,-,N,NA,NA,NA,NA,NA,NA,NA,NA,NA,Y,2,0,1,2,A,-,08,22107,NA,N,D,C,A,A,H,-,A,D,0,NA,NA,Y,NA,Y,NA,C,02,1,0,0,0,0,0,0,0,1,-,-,33.29465866088867,-116.8939971923828,SAN DIEGO,UNINCORPORATED,-116.89436340332033,33.294620513916016
90664044,2018,2018-02-19,9650,2018-02-16,1425,021747,NA,5,2,9,3700,0,3,5,NA,2,213,PALA TEMECULA RD.,AROUBA RD.,3220,S,N,A,-,N,NA,NA,NA,NA,NA,NA,NA,NA,NA,N,3,0,2,1,A,-,08,22107,NA,N,E,I,A,A,H,-,A,D,0,NA,NA,NA,NA,Y,NA,D,22,0,2,0,0,0,0,0,0,0,-,-,33.39118957519531,-117.08473205566406,SAN DIEGO,UNINCORPORATED,-117.0844955444336,33.39113998413086
90664602,2018,2018-02-20,9680,2018-02-08,1655,021859,NA,4,2,9,3700,0,2,4,NA,1,026,BANCROFT DR.,KENWOOD DR.,130,N,N,A,-,N,NA,NA,NA,NA,NA,NA,NA,NA,NA,N,4,0,2,2,A,-,09,21804,A,N,D,C,A,A,H,-,A,D,0,NA,NA,NA,NA,Y,NA,A,01,0,0,2,0,0,0,0,0,0,-,-,32.744991302490234,-117.00344848632813,SAN DIEGO,UNINCORPORATED,-117.00345611572266,32.744903564453125
90664671,2018,2018-02-20,9680,2018-02-11,2325,020884,NA,7,3,9,3700,0,1,3,NA,1,024,SR-94 E/B,JAMACHA BLVD,27,W,N,B,-,Y,NA,NA,94,NA,NA,NA,NA,NA,E,N,4,0,2,2,A,-,03,22350,NA,N,C,C,A,A,H,-,D,A,0,NA,NA,NA,NA,Y,NA,A,07,0,0,2,0,0,0,0,0,0,-,-,32.740020751953125,-116.95194244384766,SAN DIEGO,UNINCORPORATED,-116.95191955566406,32.74007034301758
90664977,2018,2018-02-20,9680,2018-02-08,1702,022002,NA,4,2,5,3705,0,1,1,NA,2,082,I-8 E/B,MOLLISON AVE,103,E,N,A,-,Y,NA,NA,8,NA,NA,NA,NA,NA,E,Y,4,0,1,2,A,-,03,22350,NA,N,C,C,A,A,H,-,A,D,0,NA,NA,NA,NA,Y,NA,A,01,0,0,1,0,0,0,0,0,0,-,-,32.80295181274414,-116.95030975341795,SAN DIEGO,EL CAJON,-116.95030975341795,32.802955627441406
90665082,2018,2018-02-20,9650,2018-02-07,0830,015273,NA,3,1,9,3700,0,3,5,NA,2,211,CHAMPAGNE BLVD (27000 BLOCK),DEER SPRINGS RD,3600,N,N,A,-,N,NA,NA,NA,NA,NA,NA,NA,NA,NA,Y,4,0,1,3,A,-,03,22350,NA,N,C,C,A,A,A,-,A,D,0,NA,NA,NA,NA,Y,NA,A,08,0,0,1,0,0,0,0,0,0,-,-,33.2067985534668,-117.13098907470705,SAN DIEGO,UNINCORPORATED,-117.13046264648438,33.206119537353516
90665377,2017,2018-02-21,9680,2017-12-11,2025,018979,NA,1,2,9,3700,0,3,5,NA,2,003,SOUTH GRADE ROAD,VIA VIEJAS OESTE,528,E,N,A,-,N,NA,NA,NA,NA,NA,NA,NA,NA,NA,Y,1,1,4,2,A,-,08,22107,NA,N,E,I,A,A,H,-,D,D,0,NA,NA,NA,NA,Y,NA,A,07,0,2,2,0,0,0,0,0,0,-,-,32.81595,-116.76537,SAN DIEGO,UNINCORPORATED,-116.76579957,32.81581553
90665402,2018,2018-02-21,9645,2018-02-09,0635,016263,NA,5,1,7,3711,0,1,3,NA,2,020,SR-56 WB,CARMEL COUNTRY RD.,2112,W,N,B,-,Y,NA,NA,56,NA,NA,NA,NA,NA,W,Y,4,0,1,1,A,-,08,22107,NA,N,E,I,A,A,H,-,B,D,0,NA,NA,NA,NA,Y,NA,A,01,0,0,1,0,0,0,0,0,0,-,-,32.94071960449219,-117.2197494506836,SAN DIEGO,SAN DIEGO,-117.21986389160156,32.94106674194336
9066631,2020,2020-08-18,3711,2020-04-25,2120,SD7959,NA,6,5,7,3711,0,0,0,NA,0,521,ISLAND AV,16TH ST,0,NA,Y,B,-,N,NA,NA,NA,NA,NA,NA,NA,NA,NA,N,4,0,1,2,B,-,22,NA,NA,F,G,B,B,A,H,-,C,A,0,Y,NA,NA,NA,Y,NA,D,22,0,0,1,0,1,0,0,0,0,-,-,NA,NA,SAN DIEGO,SAN DIEGO,-117.1494598388672,32.71044921875
90666640,2018,2018-02-22,9680,2018-02-11,1425,021584,NA,7,2,9,3700,0,1,3,NA,1,052,STATE ROUTE 78,SECOND STREET,41,E,N,A,-,Y,NA,NA,78,NA,NA,NA,NA,NA,NA,N,3,0,1,1,A,-,03,22350,NA,N,F,A,A,A,H,-,A,D,0,NA,NA,Y,NA,Y,NA,C,02,0,1,0,0,0,0,0,0,1,-,-,33.07638931274414,-116.5969467163086,SAN DIEGO,UNINCORPORATED,-116.59695434570313,33.07648468017578
9066713,2020,2020-07-06,3711,2020-02-13,1412,SD7316,NA,4,5,7,3711,0,0,0,NA,0,124,LA JOLLA MESA DR,COLIMA ST,0,NA,Y,A,-,N,NA,NA,NA,NA,NA,NA,NA,NA,NA,N,3,0,1,2,A,-,08,22100,B,N,H,G,A,A,H,-,A,D,0,NA,Y,NA,NA,Y,NA,A,01,0,1,0,0,0,0,1,0,0,-,-,NA,NA,SAN DIEGO,SAN DIEGO,-117.26032257080078,32.8125
90668411,2018,2018-02-23,9680,2018-02-13,1545,022021,NA,2,2,9,3700,0,1,3,NA,2,016,SR-67 N/B,MAPLEVIEW ST,20,S,N,B,-,Y,NA,NA,67,NA,NA,NA,NA,NA,N,N,4,0,1,2,A,-,21,22106,NA,N,C,C,A,A,H,-,A,A,0,NA,NA,NA,NA,Y,NA,A,07,0,0,1,0,0,0,0,0,0,-,-,32.86280059814453,-116.9228973388672,SAN DIEGO,UNINCORPORATED,-116.92282104492188,32.86276626586914
90669526,2018,2018-02-26,9680,2018-02-23,1035,016435,NA,5,1,9,3700,0,2,4,NA,1,095,SAN VICENTE ROAD,WILDCAT CANYON ROAD,2112,E,N,B,-,N,NA,NA,NA,NA,NA,NA,NA,NA,NA,Y,4,0,1,2,A,-,09,21801,A,N,B,C,A,A,H,-,A,D,0,NA,NA,NA,NA,Y,NA,A,07,0,0,1,0,0,0,0,0,0,-,-,33.9994010925293,-116.83708190917967,SAN DIEGO,UNINCORPORATED,-116.8378677368164,32.9987678527832
90669668,2018,2018-02-26,9645,2018-02-13,1515,013648,NA,2,2,7,3711,0,1,3,NA,2,006,S.R. 94 EASTBOUND,25TH ST O/C,100,E,N,A,-,Y,NA,NA,NA,NA,NA,NA,NA,NA,NA,Y,3,0,1,2,A,-,07,21658,A,N,C,C,A,A,H,-,A,D,0,NA,NA,NA,NA,Y,NA,A,01,0,1,0,0,0,0,0,0,0,-,-,32.720558166503906,-117.1482391357422,SAN DIEGO,SAN DIEGO,NA,NA
90669906,2018,2018-02-26,9645,2018-02-01,1813,021601,NA,4,2,7,3711,0,1,1,NA,2,001,INTERSTATE-5 (SOUTHBOUND),DAIRY MART ROAD,1056,S,N,A,-,Y,NA,NA,NA,NA,NA,NA,NA,NA,NA,Y,1,1,1,2,A,-,08,22107,NA,F,E,I,A,A,H,-,C,D,0,NA,NA,NA,NA,Y,NA,-,99,0,1,0,0,0,0,0,0,0,-,-,32.73965835571289,-117.1128387451172,SAN DIEGO,SAN DIEGO,-117.05931854248048,32.557395935058594
90671147,2018,2018-02-27,9645,2018-02-09,1420,018950,NA,5,2,7,3711,0,1,1,NA,2,030,I-15 N/B HOV,SR-56,211,S,N,A,-,Y,NA,NA,15,NA,NA,NA,NA,NA,N,Y,3,0,1,1,C,-,18,NA,NA,N,E,J,A,A,H,-,A,D,0,NA,NA,NA,NA,Y,NA,-,-,0,1,0,0,0,0,0,0,0,-,-,32.96451187133789,-117.09551239013672,SAN DIEGO,SAN DIEGO,-117.09532928466795,32.96440505981445
90671451,2018,2018-02-28,9645,2018-02-16,0650,019054,NA,5,1,7,3711,0,1,1,NA,2,003,I-5 N/B,PARK BLVD. O/C,1700,S,N,A,-,Y,NA,NA,5,NA,NA,NA,NA,NA,N,Y,4,0,1,3,A,-,03,22350,NA,N,C,C,A,A,H,-,A,D,0,NA,NA,NA,NA,Y,NA,A,01,0,0,1,0,0,0,0,0,0,-,-,32.72425842285156,-117.15381622314452,SAN DIEGO,SAN DIEGO,-117.1538314819336,32.724361419677734
9067230,2020,2020-05-14,3711,2020-02-20,1341,7500,NA,4,5,7,3711,0,0,0,NA,0,615,LOCUST ST,FENELON ST,0,NA,Y,A,-,N,NA,NA,NA,NA,NA,NA,NA,NA,NA,N,3,0,1,2,A,-,08,22107,NA,N,E,E,A,A,H,-,A,D,0,NA,NA,Y,NA,Y,NA,C,03,0,1,0,0,0,0,0,0,1,-,-,NA,NA,SAN DIEGO,SAN DIEGO,-117.22989654541016,32.725589752197266
90673902,2018,2018-03-02,9650,2018-02-28,1610,019270,NA,3,2,5,3712,0,1,3,NA,2,019,SR-78 W/B,TWIN OAKS VALLEY RD,1000,E,N,A,-,Y,NA,NA,78,NA,NA,NA,NA,NA,W,N,3,0,2,2,A,-,03,22350,NA,N,C,C,A,A,H,-,A,D,0,NA,NA,NA,NA,Y,NA,A,01,0,2,0,0,0,0,0,0,0,-,-,33.13933181762695,-117.15325164794922,SAN DIEGO,SAN MARCOS,-117.15325164794922,33.13935089111328
90675639,2018,2018-03-06,9645,2018-02-11,0240,021680,NA,7,3,7,3711,0,1,1,NA,2,003,I-5 SOUTHBOUND FROM E STREET,SR-94 W/B O/C,30,S,N,A,-,Y,NA,NA,5,NA,NA,NA,R,NA,S,Y,4,0,1,2,A,-,08,22107,NA,N,B,C,A,A,H,-,D,D,0,NA,NA,NA,NA,Y,NA,-,99,0,0,1,0,0,0,0,0,0,-,-,32.713539123535156,-117.14804840087892,SAN DIEGO,SAN DIEGO,-117.14804840087892,32.713539123535156
90676898,2018,2018-04-06,9645,2018-02-23,1814,021601,NA,5,2,7,3711,0,1,1,NA,2,001,I-5 S/B FROM W. DIVISION STREET,MAIN STREET,220,S,N,A,-,Y,NA,NA,5,NA,NA,NA,R,NA,S,Y,3,0,1,1,A,-,08,22107,NA,N,F,A,A,A,H,-,C,D,0,NA,NA,Y,NA,Y,NA,C,02,0,1,0,0,0,0,0,0,1,-,-,32.682559967041016,-117.11245727539063,SAN DIEGO,SAN DIEGO,-117.11245727539063,32.682559967041016
90677067,2018,2018-03-07,9650,2018-02-20,0605,013570,NA,2,1,5,3712,0,1,3,NA,2,019,SR-78 W/B,SAN MARCOS BLVD,1000,E,N,A,-,Y,NA,NA,78,NA,NA,NA,NA,NA,W,Y,3,0,1,4,A,-,03,22350,NA,N,C,C,A,A,H,-,B,D,0,NA,NA,NA,NA,Y,NA,A,01,0,1,0,0,0,0,0,0,0,-,-,33.13862991333008,-117.15535736083984,SAN DIEGO,SAN MARCOS,-117.15540313720705,33.13878631591797
90677087,2018,2018-03-07,9650,2018-02-27,1600,017743,NA,2,2,9,3700,0,3,5,NA,2,006,AVIATION RD,MAIN AVE,0,NA,Y,A,-,N,NA,NA,NA,NA,NA,NA,NA,NA,NA,Y,4,0,1,2,A,-,09,21802,A,N,D,C,A,A,H,-,A,A,0,NA,NA,NA,NA,Y,NA,D,22,0,0,1,0,0,0,0,0,0,-,-,37.37934875488281,-117.25154113769533,SAN DIEGO,UNINCORPORATED,-117.25148010253906,33.37392044067383