CASE_ID,ACCIDENT_YEAR,PROC_DATE,JURIS,COLLISION_DATE,COLLISION_TIME,OFFICER_ID,REPORTING_DISTRICT,DAY_OF_WEEK,CHP_SHIFT,POPULATION,CNTY_CITY_LOC,SPECIAL_COND,BEAT_TYPE,CHP_BEAT_TYPE,CITY_DIVISION_LAPD,CHP_BEAT_CLASS,BEAT_NUMBER,PRIMARY_RD,SECONDARY_RD,DISTANCE,DIRECTION,INTERSECTION,WEATHER_1,WEATHER_2,STATE_HWY_IND,CALTRANS_COUNTY,CALTRANS_DISTRICT,STATE_ROUTE,ROUTE_SUFFIX,POSTMILE_PREFIX,POSTMILE,LOCATION_TYPE,RAMP_INTERSECTION,SIDE_OF_HWY,TOW_AWAY,COLLISION_SEVERITY,NUMBER_KILLED,NUMBER_INJURED,PARTY_COUNT,PRIMARY_COLL_FACTOR,PCF_CODE_OF_VIOL,PCF_VIOL_CATEGORY,PCF_VIOLATION,PCF_VIOL_SUBSECTION,HIT_AND_RUN,TYPE_OF_COLLISION,MVIW,PED_ACTION,ROAD_SURFACE,ROAD_COND_1,ROAD_COND_2,LIGHTING,CONTROL_DEVICE,CHP_ROAD_TYPE,PEDESTRIAN_ACCIDENT,BICYCLE_ACCIDENT,MOTORCYCLE_ACCIDENT,TRUCK_ACCIDENT,NOT_PRIVATE_PROPERTY,ALCOHOL_INVOLVED,STWD_VEHTYPE_AT_FAULT,CHP_VEHTYPE_AT_FAULT,COUNT_SEVERE_INJ,COUNT_VISIBLE_INJ,COUNT_COMPLAINT_PAIN,COUNT_PED_KILLED,COUNT_PED_INJURED,COUNT_BICYCLIST_KILLED,COUNT_BICYCLIST_INJURED,COUNT_MC_KILLED,COUNT_MC_INJURED,PRIMARY_RAMP,SECONDARY_RAMP,LATITUDE,LONGITUDE,COUNTY,CITY,POINT_X,POINT_Y
90731519,2018,2018-05-22,9645,2018-05-14,0745,017498,NA,1,1,7,3711,0,1,3,NA,2,023,SR-163 SOUTHBOUND,FRIARS RD OVER CROSS,1584,N,N,B,-,Y,NA,NA,163,NA,NA,NA,NA,NA,S,Y,3,0,1,3,A,-,07,21658,A,N,B,C,A,A,H,-,A,D,0,NA,NA,NA,NA,Y,NA,A,01,0,1,0,0,0,0,0,0,0,-,-,32.7746696472168,-117.16146850585938,SAN DIEGO,SAN DIEGO,-117.16144561767578,32.77467727661133
90731688,2018,2018-05-22,9650,2018-05-19,1326,016516,NA,6,1,9,3700,0,1,3,NA,1,028,SR-76,VALLEY CENTER RD,800,W,N,A,-,Y,NA,NA,76,NA,NA,NA,NA,NA,NA,N,3,0,1,2,A,-,09,21801,A,N,F,A,A,A,H,-,A,D,0,NA,NA,Y,NA,Y,NA,A,01,0,1,0,0,0,0,0,0,1,-,-,33.28947067260742,-116.96518707275392,SAN DIEGO,UNINCORPORATED,-116.96518707275392,33.28949737548828
9073262,2020,2020-06-23,3711,2020-03-01,1446,SD8377,NA,7,5,7,3711,0,0,0,NA,0,524,BROADWAY,8TH AV,0,NA,Y,B,-,N,NA,NA,NA,NA,NA,NA,NA,NA,NA,N,3,0,1,2,A,-,12,21453,A,N,D,C,A,A,H,-,A,A,0,NA,NA,NA,NA,Y,NA,A,01,0,1,0,0,0,0,0,0,0,-,-,NA,NA,SAN DIEGO,SAN DIEGO,-117.15740966796876,32.715721130371094
90733505,2018,2018-05-24,9680,2018-05-21,1500,018801,NA,1,2,5,3705,0,1,1,NA,2,082,I-8 E/B TO MOLLISON AVENUE,MOLLISON AVE,282,W,N,B,-,Y,NA,NA,8,NA,NA,NA,R,NA,E,Y,4,0,2,2,A,-,03,22350,NA,N,C,C,A,A,H,-,A,A,0,NA,NA,NA,NA,Y,NA,A,01,0,0,2,0,0,0,0,0,0,-,-,32.80276107788086,-116.9518585205078,SAN DIEGO,EL CAJON,-116.9518585205078,32.80276107788086
90735117,2018,2018-05-25,9645,2018-05-12,0221,020301,NA,6,3,7,3711,0,1,3,NA,2,016,SR-52 E/B,MAST BLVD,2640,W,N,A,-,Y,NA,NA,52,NA,NA,NA,NA,NA,E,Y,3,0,1,2,A,-,08,22107,NA,N,C,C,A,A,H,-,D,D,0,NA,NA,NA,NA,Y,NA,A,01,0,1,0,0,0,0,0,0,0,-,-,32.853919982910156,-117.054443359375,SAN DIEGO,SAN DIEGO,-117.05448150634766,32.8536376953125
90735404,2018,2018-05-28,9650,2018-05-21,1650,021933,NA,1,2,5,3701,0,1,1,NA,2,005,I-5 N/B,TAMARACK AVE,205,N,N,B,-,Y,NA,NA,5,NA,NA,NA,NA,NA,N,Y,4,0,1,3,A,-,03,22350,NA,N,C,C,A,A,H,-,A,D,0,NA,NA,NA,NA,Y,NA,A,01,0,0,1,0,0,0,0,0,0,-,-,33.152469635009766,-117.33634185791016,SAN DIEGO,CARLSBAD,-117.33641815185548,33.15242385864258
90736179,2018,2018-05-29,9645,2018-05-05,1840,021639,NA,6,2,7,3711,0,1,1,NA,2,005,I-5 SOUTHBOUND,OLD TOWN AVE,2112,N,N,A,-,Y,NA,NA,5,NA,NA,NA,NA,NA,S,Y,3,0,1,3,A,-,01,23152,A,N,C,C,A,A,H,-,A,D,0,NA,NA,NA,NA,Y,Y,A,01,0,1,0,0,0,0,0,0,0,-,-,32.7523193359375,-117.19841766357422,SAN DIEGO,SAN DIEGO,-117.19843292236328,32.7523078918457
90737006,2018,2018-05-30,9680,2018-05-22,2030,020500,NA,2,2,9,3700,0,2,4,NA,2,072,BORREGO SALTON SEAWAY,PEG LEG RD,32736,E,N,A,-,N,NA,NA,NA,NA,NA,NA,NA,NA,NA,Y,4,0,2,1,A,-,08,22107,NA,N,E,I,A,A,H,-,D,D,0,NA,NA,NA,NA,Y,NA,A,01,0,0,2,0,0,0,0,0,0,-,-,33.3002815246582,-116.1919174194336,SAN DIEGO,UNINCORPORATED,-116.19594573974608,33.301944732666016
90737778,2018,2018-05-30,9650,2018-05-30,0555,013570,NA,3,3,5,3713,0,1,3,NA,2,017,SR-78 W/B FROM VISTA VILLAGE DR,VISTA VILLAGE DR,100,W,N,B,-,Y,NA,NA,78,NA,NA,NA,R,NA,W,Y,4,0,1,1,A,-,03,22350,NA,N,E,I,A,B,H,-,B,D,0,NA,NA,NA,NA,Y,NA,A,01,0,0,1,0,0,0,0,0,0,-,-,33.195411682128906,-117.25048065185548,SAN DIEGO,VISTA,-117.25048065185548,33.195411682128906
90737984,2018,2018-05-31,9650,2018-05-17,2350,018496,NA,4,3,9,3700,0,1,3,NA,1,028,SR-76 W/B,CHURCH RD,1056,E,N,A,-,Y,NA,NA,76,NA,NA,NA,NA,NA,W,N,4,0,1,2,A,-,11,21956,A,N,G,B,E,A,H,-,D,D,0,Y,NA,NA,Y,Y,Y,N,60,0,0,1,0,1,0,0,0,0,-,-,33.28276824951172,-116.86878967285156,SAN DIEGO,UNINCORPORATED,-116.86880493164063,33.282779693603516
90738901,2018,2018-06-01,9650,2018-05-25,2050,021327,NA,5,2,9,3700,0,1,3,NA,2,065,SR-76 E/B,OLD HIGHWAY 395,30,W,N,A,-,Y,NA,NA,76,NA,NA,NA,NA,NA,E,Y,4,0,1,2,A,-,01,23152,A,N,C,C,A,A,H,-,C,A,0,NA,NA,NA,NA,Y,Y,A,01,0,0,1,0,0,0,0,0,0,-,-,33.32773971557617,-117.16277313232422,SAN DIEGO,UNINCORPORATED,-117.1628875732422,33.3278694152832
90741226,2018,2018-06-05,9645,2018-05-28,0215,020480,NA,1,3,7,3711,0,1,1,NA,2,003,I-5 N/B,32 ND STREET,300,S,N,A,-,Y,NA,NA,5,NA,NA,NA,NA,NA,N,Y,3,0,1,1,A,-,01,23152,A,N,E,I,A,A,H,-,C,D,0,NA,NA,NA,NA,Y,NA,A,01,0,1,0,0,0,0,0,0,0,-,-,32.69438934326172,-117.1247329711914,SAN DIEGO,SAN DIEGO,-117.12474060058594,32.694358825683594
90741677,2018,2018-06-05,9680,2018-05-26,0215,020249,NA,6,3,9,3700,0,3,5,NA,2,009,12TH STREET,B STREET,433,N,N,B,-,N,NA,NA,NA,NA,NA,NA,NA,NA,NA,Y,3,0,1,1,A,-,01,23152,A,N,E,J,A,A,H,-,D,A,0,NA,NA,NA,NA,Y,Y,A,01,0,1,0,0,0,0,0,0,0,-,-,33.04225158691406,-116.8733367919922,SAN DIEGO,UNINCORPORATED,-117.31813049316406,33.30352783203125
90742632,2018,2018-06-06,9650,2018-05-30,1510,014886,NA,3,2,9,3700,0,1,1,NA,2,001,I-5 N/B,USBP CHECKPOINT,5280,S,N,B,-,Y,NA,NA,5,NA,NA,NA,NA,NA,N,Y,3,0,1,2,C,-,18,NA,NA,N,E,I,A,A,H,-,A,D,0,NA,NA,NA,Y,Y,NA,-,-,0,1,0,0,0,0,0,0,0,-,-,33.34355163574219,-117.51229095458984,SAN DIEGO,UNINCORPORATED,-117.51235198974608,33.34346389770508
90743304,2018,2018-06-07,9650,2018-05-26,1120,022031,NA,6,1,5,3712,0,1,3,NA,2,019,SR-78 E/B,I-15,1400,W,N,A,-,Y,NA,NA,NA,NA,NA,NA,NA,NA,NA,Y,4,0,1,2,A,-,08,22107,NA,N,B,C,A,A,H,-,A,D,0,NA,NA,NA,NA,Y,NA,A,08,0,0,1,0,0,0,0,0,0,-,-,33.12683868408203,-117.10944366455078,SAN DIEGO,SAN MARCOS,-117.12130737304688,33.13214874267578
90743752,2018,2018-06-07,9650,2018-05-17,1425,021327,NA,4,2,9,3700,0,2,4,NA,1,027,VALLEY CENTER RD. S/B,LAKE WOHLFORD RD,5280,N,N,A,-,N,NA,NA,NA,NA,NA,NA,NA,NA,NA,N,4,0,1,2,A,-,03,22350,NA,F,C,C,A,A,H,-,A,D,0,NA,NA,NA,NA,Y,NA,A,01,0,0,1,0,0,0,0,0,0,-,-,33.17401885986328,-117.02971649169922,SAN DIEGO,UNINCORPORATED,-117.02452087402344,33.173728942871094
90744288,2018,2018-06-08,9645,2018-03-11,1624,021268,NA,7,2,7,3711,0,1,1,NA,2,011,I-805 S/B,HOME AVENUE,528,N,N,A,-,Y,NA,NA,805,NA,NA,NA,NA,NA,S,Y,4,0,1,2,A,-,08,22107,NA,N,B,A,A,A,H,-,A,D,0,NA,NA,NA,NA,Y,NA,A,01,0,0,1,0,0,0,0,0,0,-,-,32.72840118408203,-117.1060028076172,SAN DIEGO,SAN DIEGO,-117.10586547851563,32.72856903076172
90744362,2018,2018-06-08,9645,2018-06-02,1803,020165,NA,6,2,7,3711,0,1,1,NA,2,010,I-8 E/B,I-5,500,W,N,A,-,Y,NA,NA,8,NA,NA,NA,NA,NA,E,Y,4,0,1,2,A,-,03,22350,NA,N,C,C,A,A,H,-,A,D,0,NA,NA,NA,NA,Y,NA,A,01,0,0,1,0,0,0,0,0,0,-,-,32.75914001464844,-117.20729064941406,SAN DIEGO,SAN DIEGO,-117.20729064941406,32.7591667175293
90744555,2018,2018-06-11,9650,2018-06-03,0105,019490,NA,7,3,9,3700,0,1,1,NA,2,021,I-15 S/B,DEER SPRINGS RD,2112,N,N,A,-,Y,NA,NA,15,NA,NA,NA,NA,NA,S,Y,4,0,1,2,A,-,03,22350,NA,N,C,C,A,A,H,-,C,D,0,NA,NA,NA,NA,Y,NA,A,01,0,0,1,0,0,0,0,0,0,-,-,33.20207977294922,-117.12883758544922,SAN DIEGO,UNINCORPORATED,-117.12881469726563,33.20209884643555
90744582,2018,2018-06-11,9650,2018-06-07,1450,015830,NA,4,2,5,3701,0,1,1,NA,2,005,I-5 S/B,TAMARACK AVE,528,S,N,A,-,Y,NA,NA,NA,NA,NA,NA,NA,NA,NA,N,4,0,4,2,A,-,03,22350,NA,N,C,C,A,A,H,-,A,D,0,NA,NA,NA,NA,Y,NA,D,22,0,0,4,0,0,0,0,0,0,-,-,33.085880279541016,-117.20063018798828,SAN DIEGO,CARLSBAD,-117.33580017089844,33.150787353515625
90744765,2018,2018-06-11,9650,2018-06-08,1240,018840,NA,5,1,6,3710,0,1,1,NA,2,005,I-5 S/B,MISSION AVE,1500,N,N,A,-,Y,NA,NA,5,NA,NA,NA,NA,NA,S,N,4,0,1,2,A,-,03,22350,NA,F,C,C,A,A,H,-,A,D,0,NA,NA,NA,NA,Y,NA,A,07,0,0,1,0,0,0,0,0,0,-,-,33.20212173461914,-117.3774185180664,SAN DIEGO,OCEANSIDE,-117.37745666503906,33.202003479003906
90744984,2018,2018-06-11,9645,2018-05-25,2030,021873,NA,5,2,5,3709,0,1,1,NA,2,001,I-5 N/B,MILE OF CARS WAY,513,S,N,A,-,Y,NA,NA,5,NA,NA,NA,NA,NA,N,Y,4,0,1,1,A,-,01,23152,A,N,E,I,A,A,H,-,C,D,0,NA,NA,NA,NA,Y,Y,A,07,0,0,1,0,0,0,0,0,0,-,-,32.662330627441406,-117.10919189453124,SAN DIEGO,NATIONAL CITY,-117.10881805419922,32.66248321533203
90745360,2018,2018-06-11,9645,2018-06-05,1720,017270,NA,2,2,7,3711,0,1,1,NA,2,015,I-805 S/B,GOVERNOR DRIVE,775,N,N,A,-,Y,NA,NA,805,NA,NA,NA,NA,NA,S,Y,4,0,1,2,A,-,03,22350,NA,N,C,C,A,A,H,-,A,D,0,NA,NA,NA,NA,Y,NA,A,01,0,0,1,0,0,0,0,0,0,-,-,32.86349868774414,-117.18930053710938,SAN DIEGO,SAN DIEGO,-117.189208984375,32.863590240478516
90746200,2018,2018-06-12,9645,2018-06-06,1755,018678,NA,3,2,6,3702,0,1,1,NA,2,009,I-805 (S/B),J STREET O/C,800,N,N,A,-,Y,NA,NA,805,NA,NA,NA,NA,NA,NA,Y,4,0,2,3,A,-,03,22350,NA,N,C,C,A,A,H,-,A,D,0,NA,NA,NA,NA,Y,NA,A,01,0,0,2,0,0,0,0,0,0,-,-,32.63621139526367,-117.04930877685548,SAN DIEGO,CHULA VISTA,-117.04924011230467,32.63631057739258
90746813,2018,2018-06-12,9680,2018-06-05,1830,021772,NA,2,2,9,3700,0,3,5,NA,2,002,JAMUL DR,TUK A WILE DR,400,E,N,A,-,N,NA,NA,NA,NA,NA,NA,NA,NA,NA,Y,3,0,3,2,A,-,05,21460,A,N,A,C,A,A,H,-,A,D,0,NA,NA,NA,NA,Y,NA,-,-,0,2,1,0,0,0,0,0,0,-,-,32.73305892944336,-116.88221740722656,SAN DIEGO,UNINCORPORATED,-116.88227081298828,32.73311233520508
90747320,2018,2018-06-13,9680,2018-06-06,1600,020780,NA,3,2,9,3700,0,3,5,NA,2,002,OLD CHASE AVE,CHASE AVE,150,W,N,A,-,N,NA,NA,NA,NA,NA,NA,NA,NA,NA,Y,3,0,1,1,A,-,01,23152,A,N,E,I,A,A,H,-,A,D,0,NA,NA,NA,NA,Y,Y,A,07,0,1,0,0,0,0,0,0,0,-,-,32.776100158691406,-116.94319915771484,SAN DIEGO,UNINCORPORATED,-116.94822692871094,32.78038024902344
9074878,2020,2020-05-22,3700,2020-02-22,1143,SH7085,NA,6,5,5,3713,0,0,0,NA,0,308,SOUTH EMERALD DR,WEST VISTA WY,0,NA,Y,B,-,N,NA,NA,NA,NA,NA,NA,NA,NA,NA,Y,4,0,1,2,A,-,12,21453,A,N,D,C,A,B,H,-,A,A,0,NA,NA,NA,NA,Y,NA,A,01,0,0,1,0,0,0,0,0,0,-,-,NA,NA,SAN DIEGO,VISTA,-117.27955627441406,33.189178466796875
90749520,2018,2018-06-18,9650,2018-06-11,1555,021992,NA,1,2,9,3700,0,3,5,NA,2,170,BUENA CREEK RD,SUNSHINE MOUNTAIN RD,1056,W,N,A,-,N,NA,NA,NA,NA,NA,NA,NA,NA,NA,Y,4,0,1,2,A,-,09,21804,A,N,D,C,A,A,H,-,A,D,0,NA,NA,NA,NA,Y,NA,D,22,0,0,1,0,0,0,0,0,0,-,-,33.18299865722656,-117.16609954833984,SAN DIEGO,UNINCORPORATED,-117.16738128662108,33.182979583740234
90750088,2018,2018-06-18,9650,2018-06-05,1825,019191,NA,2,2,9,3700,0,3,5,NA,2,006,OLD HIGHWAY 395,TECALOTE LN,0,NA,Y,A,-,N,NA,NA,NA,NA,NA,NA,NA,NA,NA,Y,3,0,1,2,A,-,09,21801,A,N,D,C,A,A,H,-,A,D,0,NA,NA,NA,NA,Y,NA,A,01,0,1,0,0,0,0,0,0,0,-,-,33.35697937011719,-117.15979766845705,SAN DIEGO,UNINCORPORATED,-117.15975952148438,33.35696029663086
90751342,2018,2018-06-19,9645,2018-06-13,1237,015847,NA,3,1,7,3711,0,1,1,NA,2,007,I-5 N/B,VIA DE LA VALLE,3168,S,N,A,-,Y,NA,NA,5,NA,NA,NA,NA,NA,N,Y,4,0,1,3,A,-,03,22350,NA,N,C,C,A,A,H,-,A,D,0,NA,NA,NA,NA,Y,NA,A,01,0,0,1,0,0,0,0,0,0,-,-,32.969181060791016,-117.24903869628906,SAN DIEGO,SAN DIEGO,-117.24893188476563,32.96922302246094
9075214,2020,2020-06-18,3711,2020-03-05,1859,SD7632,NA,4,5,7,3711,0,0,0,NA,0,321,MISSION GORGE RD,GLACIER AV,0,NA,Y,A,-,N,NA,NA,NA,NA,NA,NA,NA,NA,NA,N,4,0,1,2,A,-,03,22350,NA,N,D,C,A,A,H,-,C,D,0,NA,NA,Y,NA,Y,NA,C,02,0,0,1,0,0,0,0,0,1,-,-,NA,NA,SAN DIEGO,SAN DIEGO,-117.09771728515624,32.78874969482422
90752761,2018,2018-07-27,9645,2018-06-12,1908,017667,NA,2,2,7,3711,0,1,3,NA,2,023,SR-163 S/B,FRIARS RD.,150,N,N,A,-,Y,NA,NA,163,NA,NA,NA,NA,NA,S,Y,3,0,2,3,A,-,03,22350,NA,N,C,C,A,A,H,-,A,D,0,NA,NA,NA,NA,Y,NA,A,01,0,2,0,0,0,0,0,0,0,-,-,32.7746696472168,-117.16145324707033,SAN DIEGO,SAN DIEGO,-117.16144561767578,32.7746696472168
90753015,2018,2018-06-21,9680,2018-06-13,0757,015061,NA,3,1,9,3700,0,2,4,NA,1,026,JAMACHA RD.,SR-125 N/B TO JAMACHA RD,10,W,N,B,-,Y,NA,NA,NA,NA,NA,NA,NA,NA,NA,Y,4,0,1,2,A,-,09,21453,C,N,D,C,A,A,H,-,A,A,0,NA,NA,NA,NA,Y,NA,A,01,0,0,1,0,0,0,0,0,0,-,-,32.71474075317383,-117.0137176513672,SAN DIEGO,UNINCORPORATED,-117.0137176513672,32.71474075317383
9075362,2020,2020-09-14,3711,2020-03-05,0914,SD6532,NA,4,5,7,3711,0,0,0,NA,0,614,FROUNDE ST,SANTA MONICA BL,170,N,N,A,-,N,NA,NA,NA,NA,NA,NA,NA,NA,NA,N,4,0,1,2,A,-,11,21954,A,N,G,B,D,A,H,-,A,B,0,Y,NA,NA,NA,Y,NA,N,60,0,0,1,0,1,0,0,0,0,-,-,NA,NA,SAN DIEGO,SAN DIEGO,-117.24307250976563,32.74378204345703
90755856,2018,2018-06-26,9680,2018-06-16,1257,022021,NA,6,1,5,3705,0,1,1,NA,2,082,I-8 W/B,MOLLISON AVE,528,W,N,B,-,Y,NA,NA,8,NA,NA,NA,NA,NA,W,Y,4,0,1,2,A,-,03,22350,NA,N,C,C,A,A,H,-,A,D,0,NA,NA,NA,NA,Y,NA,A,01,0,0,1,0,0,0,0,0,0,-,-,32.803199768066406,-116.95272827148438,SAN DIEGO,EL CAJON,-116.95272827148438,32.80315399169922
90757025,2018,2018-06-27,9650,2018-06-19,0143,020588,NA,2,3,5,3713,0,1,3,NA,2,017,SR-78 E/B,EMERALD DR,1938,E,N,B,-,Y,NA,NA,78,NA,NA,NA,NA,NA,E,Y,2,0,1,3,A,-,01,23152,A,N,E,I,A,A,H,-,C,D,0,NA,NA,NA,NA,Y,Y,A,01,1,0,0,0,0,0,0,0,0,-,-,33.191009521484375,-117.27294921875,SAN DIEGO,VISTA,-117.27298736572266,33.19108963012695
90757129,2018,2018-06-27,9650,2018-06-20,1608,015788,NA,3,2,5,3782,0,1,1,NA,2,007,I-5 N/B,MANCHESTER AVE,1584,N,N,B,-,Y,NA,NA,5,NA,NA,NA,NA,NA,N,Y,4,0,1,3,A,-,03,22350,NA,N,C,C,A,A,H,-,A,D,0,NA,NA,NA,NA,Y,NA,A,01,0,0,1,0,0,0,0,0,0,-,-,33.01388931274414,-117.2685317993164,SAN DIEGO,ENCINITAS,-117.26851654052734,33.0139045715332
90757742,2018,2018-06-28,9645,2018-05-26,1345,021680,NA,6,1,7,3711,0,1,1,NA,2,010,I-8 EASTBOUND FROM I-5 NORTH,MORENA BLVD,528,E,N,B,-,Y,NA,NA,8,NA,NA,NA,R,NA,E,Y,4,0,1,2,A,-,03,22350,NA,N,C,C,A,A,H,-,A,D,0,NA,NA,Y,NA,Y,NA,C,02,0,0,1,0,0,0,0,0,1,-,-,32.76042938232422,-117.19532012939452,SAN DIEGO,SAN DIEGO,-117.19532012939452,32.76042938232422
90760207,2018,2018-07-02,9645,2018-06-20,1550,021873,NA,3,2,7,3711,0,1,1,NA,2,001,N/B I-5 TO N/B SR-15,RIGEL ST,100,S,N,B,-,Y,NA,NA,5,NA,NA,NA,R,NA,NA,N,4,0,1,1,A,-,08,22107,NA,N,E,I,A,A,H,-,A,D,0,NA,NA,NA,NA,Y,NA,A,01,0,0,1,0,0,0,0,0,0,-,-,32.69211959838867,-117.11947631835938,SAN DIEGO,SAN DIEGO,-117.11947631835938,32.69211959838867
90760894,2018,2018-07-02,9645,2018-06-20,1745,016864,NA,3,2,7,3711,0,1,1,NA,2,015,I-805 S/B,SR-52,1584,S,N,B,-,Y,NA,NA,805,NA,NA,NA,NA,NA,S,N,3,0,1,2,A,-,03,22350,NA,N,C,C,A,A,H,-,A,D,0,NA,NA,NA,NA,Y,NA,D,22,0,1,0,0,0,0,0,0,0,-,-,32.84381866455078,-117.17617034912108,SAN DIEGO,SAN DIEGO,-117.17606353759766,32.84388732910156
90761355,2018,2018-07-03,9650,2018-06-28,0725,018840,NA,4,1,9,3700,0,1,1,NA,2,021,I-15 N/B,MESA ROCK RD,99,S,N,A,-,Y,NA,NA,15,NA,NA,NA,NA,NA,N,Y,3,0,2,2,A,-,03,22350,NA,N,C,C,A,A,H,-,A,D,0,NA,NA,NA,NA,Y,NA,A,01,0,2,0,0,0,0,0,0,0,-,-,33.1751708984375,-117.11284637451172,SAN DIEGO,UNINCORPORATED,-117.1128158569336,33.175193786621094
90761567,2018,2018-07-03,9645,2018-06-21,0655,021768,NA,4,1,7,3711,0,1,1,NA,2,021,SR-15 N/B,ORANGE AVE. O/C,140,N,N,B,-,Y,NA,NA,15,NA,NA,NA,NA,NA,N,Y,3,0,1,2,A,-,03,22350,NA,N,C,C,A,A,H,-,A,D,0,NA,NA,NA,Y,Y,NA,F,26,0,1,0,0,0,0,0,0,0,-,-,32.753761291503906,-117.10856628417967,SAN DIEGO,SAN DIEGO,-117.10860443115234,32.753761291503906
90762771,2018,2018-07-04,9650,2018-06-24,1620,021267,NA,7,2,9,3700,0,3,5,NA,2,191,BLUESAGE DR,BROKEN ROCK RD,50,N,N,A,-,N,NA,NA,NA,NA,NA,NA,NA,NA,NA,Y,4,0,1,2,A,-,01,23152,A,M,B,E,A,A,H,-,A,D,0,NA,NA,NA,NA,Y,Y,A,01,0,0,1,0,0,0,0,0,0,-,-,33.12553024291992,-117.21623992919922,SAN DIEGO,UNINCORPORATED,-117.21623992919922,33.125457763671875
90763093,2018,2018-07-05,9680,2018-06-25,1245,016181,NA,1,1,9,3700,0,1,3,NA,2,016,SR-67 S/B FROM WINTER GARDENS BLVD N/B,INDUSTRY RD,70,S,N,A,-,Y,NA,NA,67,NA,NA,NA,R,NA,S,Y,3,0,1,1,A,-,08,22107,NA,N,E,I,A,A,H,-,A,A,0,NA,NA,NA,NA,Y,NA,A,07,0,1,0,0,0,0,0,0,0,-,-,32.859588623046875,-116.93231201171876,SAN DIEGO,UNINCORPORATED,-116.93231201171876,32.859588623046875
90766029,2018,2018-07-10,9650,2018-07-07,1505,017392,NA,6,2,5,3701,0,1,1,NA,2,005,I-5 S/B,LA COSTA AVE,3168,N,N,A,-,Y,NA,NA,5,NA,NA,NA,NA,NA,S,N,3,0,1,2,A,-,03,22350,NA,N,C,C,A,A,H,-,A,D,0,NA,NA,NA,NA,Y,NA,A,01,0,1,0,0,0,0,0,0,0,-,-,33.09109878540039,-117.30259704589844,SAN DIEGO,CARLSBAD,-117.3026885986328,33.091041564941406
9076624,2020,2020-07-20,3706,2020-03-08,2139,524,ESCON,7,5,6,3706,0,0,0,NA,0,045,HALE AV,TULIP ST,5,E,N,A,-,N,NA,NA,NA,NA,NA,NA,NA,NA,NA,Y,3,0,1,1,A,-,01,23152,A,M,E,I,A,A,H,-,C,A,0,NA,NA,NA,NA,Y,Y,D,22,0,1,0,0,0,0,0,0,0,-,-,33.12071990966797,-117.10138702392578,SAN DIEGO,ESCONDIDO,-117.10106658935548,33.12078094482422
90767068,2018,2018-07-11,9680,2018-07-03,2200,014949,NA,2,3,9,3700,0,1,1,NA,2,086,I-8 E/B,MCCAIN VALLEY RD,5280,E,N,A,-,Y,NA,NA,8,NA,NA,NA,NA,NA,E,Y,4,0,1,1,C,-,18,NA,NA,N,H,H,A,A,H,-,D,D,0,NA,NA,NA,NA,Y,NA,-,-,0,0,1,0,0,0,0,0,0,-,-,32.66304016113281,-116.2431869506836,SAN DIEGO,UNINCORPORATED,-116.24320220947266,32.66299057006836
90767229,2018,2018-07-11,9650,2018-07-10,0855,015788,NA,2,1,5,3701,0,1,1,NA,2,005,I-5 S/B,CANNON RD,2112,S,N,B,-,Y,NA,NA,5,NA,NA,NA,NA,NA,S,Y,4,0,1,2,A,-,03,22350,NA,N,C,C,A,A,H,-,A,D,0,NA,NA,NA,NA,Y,NA,A,01,0,0,1,0,0,0,0,0,0,-,-,33.12860107421875,-117.32613372802734,SAN DIEGO,CARLSBAD,-117.32610321044922,33.12861633300781
90767857,2018,2018-07-12,9650,2018-07-06,1204,018840,NA,5,1,9,3700,0,3,5,NA,2,231,BEAR VALLEY PKY,ELDORADO DR,235,N,N,A,-,Y,NA,NA,NA,NA,NA,NA,NA,NA,NA,N,2,0,1,2,A,-,17,21200,NA,N,H,G,A,A,H,-,A,D,0,NA,Y,NA,NA,Y,Y,L,04,1,0,0,0,0,0,1,0,0,-,-,33.104888916015625,-117.05291748046876,SAN DIEGO,UNINCORPORATED,-117.05329132080078,33.10466766357422
9076808,2020,2020-06-23,3711,2020-03-08,1500,SD7208,NA,7,5,7,3711,0,0,0,NA,0,235,SAN PASQUAL RD,SAN PASQUAL RD 18000,0,NA,Y,A,-,N,NA,NA,NA,NA,NA,NA,NA,NA,NA,Y,2,0,2,2,A,-,08,22107,NA,N,A,C,A,A,H,-,-,D,0,NA,NA,NA,NA,Y,Y,A,01,1,0,1,0,0,0,0,0,0,-,-,NA,NA,SAN DIEGO,SAN DIEGO,NA,NA