CASE_ID,ACCIDENT_YEAR,PROC_DATE,JURIS,COLLISION_DATE,COLLISION_TIME,OFFICER_ID,REPORTING_DISTRICT,DAY_OF_WEEK,CHP_SHIFT,POPULATION,CNTY_CITY_LOC,SPECIAL_COND,BEAT_TYPE,CHP_BEAT_TYPE,CITY_DIVISION_LAPD,CHP_BEAT_CLASS,BEAT_NUMBER,PRIMARY_RD,SECONDARY_RD,DISTANCE,DIRECTION,INTERSECTION,WEATHER_1,WEATHER_2,STATE_HWY_IND,CALTRANS_COUNTY,CALTRANS_DISTRICT,STATE_ROUTE,ROUTE_SUFFIX,POSTMILE_PREFIX,POSTMILE,LOCATION_TYPE,RAMP_INTERSECTION,SIDE_OF_HWY,TOW_AWAY,COLLISION_SEVERITY,NUMBER_KILLED,NUMBER_INJURED,PARTY_COUNT,PRIMARY_COLL_FACTOR,PCF_CODE_OF_VIOL,PCF_VIOL_CATEGORY,PCF_VIOLATION,PCF_VIOL_SUBSECTION,HIT_AND_RUN,TYPE_OF_COLLISION,MVIW,PED_ACTION,ROAD_SURFACE,ROAD_COND_1,ROAD_COND_2,LIGHTING,CONTROL_DEVICE,CHP_ROAD_TYPE,PEDESTRIAN_ACCIDENT,BICYCLE_ACCIDENT,MOTORCYCLE_ACCIDENT,TRUCK_ACCIDENT,NOT_PRIVATE_PROPERTY,ALCOHOL_INVOLVED,STWD_VEHTYPE_AT_FAULT,CHP_VEHTYPE_AT_FAULT,COUNT_SEVERE_INJ,COUNT_VISIBLE_INJ,COUNT_COMPLAINT_PAIN,COUNT_PED_KILLED,COUNT_PED_INJURED,COUNT_BICYCLIST_KILLED,COUNT_BICYCLIST_INJURED,COUNT_MC_KILLED,COUNT_MC_INJURED,PRIMARY_RAMP,SECONDARY_RAMP,LATITUDE,LONGITUDE,COUNTY,CITY,POINT_X,POINT_Y
90768662,2018,2018-07-13,9645,2018-07-03,1140,016263,NA,2,1,7,3711,0,1,3,NA,2,012,SR-52 WB,I-5,2640,E,N,A,-,Y,NA,NA,52,NA,NA,NA,NA,NA,W,Y,4,0,1,3,A,-,03,22350,NA,N,C,C,A,A,H,-,A,D,0,NA,NA,NA,NA,Y,NA,D,22,0,0,1,0,0,0,0,0,0,-,-,32.83964920043945,-117.22566986083984,SAN DIEGO,SAN DIEGO,-117.22566986083984,32.839664459228516
90769950,2018,2018-07-16,9645,2018-07-03,1605,018678,NA,2,2,7,3711,0,1,1,NA,2,009,I-805 (S/B),GREENWOOD RAILROAD O/C,100,N,N,A,-,Y,NA,NA,805,NA,NA,NA,NA,NA,NA,Y,4,0,2,3,A,-,04,21703,NA,N,C,C,A,A,H,-,A,D,0,NA,NA,NA,NA,Y,NA,A,07,0,0,2,0,0,0,0,0,0,-,-,32.70616149902344,-117.09629058837892,SAN DIEGO,SAN DIEGO,-117.09610748291016,32.70626449584961
90771976,2018,2018-07-18,9680,2018-07-06,1455,018152,NA,5,2,5,3705,0,1,1,NA,2,082,I-8 W/B,2ND ST,1584,W,N,A,-,Y,NA,NA,8,NA,NA,NA,NA,NA,W,Y,4,0,2,2,A,-,03,22350,NA,N,C,C,A,A,H,-,A,D,0,NA,NA,NA,NA,Y,NA,A,08,0,0,2,0,0,0,0,0,0,-,-,32.80323028564453,-116.94161224365234,SAN DIEGO,EL CAJON,-116.94161224365234,32.803157806396484
90772108,2018,2018-07-18,9645,2018-07-07,0853,018149,NA,6,1,7,3711,0,1,1,NA,2,005,I-5 S/B,OLD TOWN AVENUE O/C,168,S,N,A,-,Y,NA,NA,5,NA,NA,NA,NA,NA,S,Y,3,0,1,1,A,-,01,23152,A,N,E,I,A,A,H,-,A,D,0,NA,NA,NA,NA,Y,Y,D,22,0,1,0,0,0,0,0,0,0,-,-,32.74674987792969,-117.1921615600586,SAN DIEGO,SAN DIEGO,-117.19210052490234,32.74687576293945
90773832,2018,2018-07-20,9650,2018-07-13,1025,018840,NA,5,1,5,3712,0,1,3,NA,2,019,SR-78 W/B,NORDAHL RD,100,E,N,A,-,Y,NA,NA,78,NA,NA,NA,NA,NA,W,Y,3,0,1,2,A,-,03,22350,NA,N,B,C,A,A,H,-,A,D,0,NA,NA,NA,NA,Y,NA,A,01,0,1,0,0,0,0,0,0,0,-,-,33.13188171386719,-117.12068176269533,SAN DIEGO,SAN MARCOS,-117.12068176269533,33.13188171386719
90773834,2018,2018-07-20,9650,2018-07-13,1115,018840,NA,5,1,5,3712,0,1,3,NA,2,019,SR-78 E/B,NORDAHL RD,1000,W,N,A,-,Y,NA,NA,78,NA,NA,NA,NA,NA,E,N,3,0,1,2,A,-,03,22350,NA,N,C,C,A,A,H,-,A,D,0,NA,NA,NA,NA,Y,NA,D,22,0,1,0,0,0,0,0,0,0,-,-,33.133888244628906,-117.12577056884766,SAN DIEGO,SAN MARCOS,-117.12577056884766,33.13389205932617
90773960,2018,2018-07-23,9650,2018-07-17,0700,019549,NA,2,1,5,3712,0,1,3,NA,2,019,SR-78 E/B,NORDAHL RD,250,E,N,A,-,Y,NA,NA,78,NA,NA,NA,NA,NA,E,N,4,0,1,3,A,-,03,22350,NA,N,C,C,A,A,H,-,A,D,0,NA,NA,NA,NA,Y,NA,D,22,0,0,1,0,0,0,0,0,0,-,-,33.13180923461914,-117.1210708618164,SAN DIEGO,SAN MARCOS,-117.12106323242188,33.131832122802734
90774077,2018,2018-07-23,9650,2018-07-17,1110,019549,NA,2,1,5,3712,0,1,3,NA,2,019,SR-78 E/B,SAN MARCOS BLVD,1056,W,N,A,-,Y,NA,NA,78,NA,NA,NA,NA,NA,E,Y,3,0,1,1,A,-,08,22107,NA,N,E,I,A,A,H,-,A,D,0,NA,NA,NA,NA,Y,NA,A,01,0,1,0,0,0,0,0,0,0,-,-,33.14094924926758,-117.18502044677734,SAN DIEGO,SAN MARCOS,-117.18505096435548,33.14085388183594
90775269,2018,2018-07-24,9645,2018-07-12,0740,013383,NA,4,1,7,3711,0,1,1,NA,2,019,I-15 S/B,WEST BERNARDO DR.,528,N,N,A,-,Y,NA,NA,15,NA,NA,NA,NA,NA,S,Y,3,0,1,2,A,-,03,22350,NA,N,C,C,A,A,H,-,A,D,0,NA,NA,NA,NA,Y,NA,A,01,0,1,0,0,0,0,0,0,0,-,-,33.0607795715332,-117.06964111328124,SAN DIEGO,SAN DIEGO,-117.06954193115234,33.060752868652344
90775366,2018,2018-07-24,9645,2018-07-12,0930,016263,NA,4,1,7,3711,0,1,3,NA,2,012,SR-52 WB,REGENTS RD.,1056,E,N,A,-,Y,NA,NA,52,NA,NA,NA,NA,NA,W,Y,4,0,1,3,A,-,03,22350,NA,N,C,C,A,A,H,-,A,D,0,NA,NA,NA,NA,Y,NA,A,01,0,0,1,0,0,0,0,0,0,-,-,32.84334182739258,-117.21472930908205,SAN DIEGO,SAN DIEGO,-117.21478271484376,32.84345626831055
90775397,2018,2018-09-21,9645,2018-07-12,1730,017953,NA,4,2,7,3711,0,1,1,NA,2,017,I-15 N/B,MIRA MESA BLVD. U/C,1055,N,N,A,-,Y,NA,NA,NA,NA,NA,NA,NA,NA,NA,N,3,0,1,2,A,-,06,21750,A,N,B,C,A,A,H,-,A,D,0,NA,NA,Y,NA,Y,NA,C,02,0,1,0,0,0,0,0,0,1,-,-,32.55126190185547,-117.65599822998048,SAN DIEGO,SAN DIEGO,-117.11582183837892,32.91714859008789
90775624,2018,2018-07-24,9680,2018-07-13,0915,015733,NA,5,1,9,3700,0,3,5,NA,2,009,THIRD ST,VIA ALEGRE DR,200,E,N,A,-,N,NA,NA,NA,NA,NA,NA,NA,NA,NA,Y,3,0,2,2,A,-,03,22350,NA,N,B,C,A,A,H,-,A,D,0,NA,NA,NA,NA,Y,NA,A,01,0,1,1,0,0,0,0,0,0,-,-,33.04050064086914,-116.85150909423828,SAN DIEGO,UNINCORPORATED,-116.85161590576172,33.04051208496094
90775839,2018,2018-07-24,9680,2018-07-13,0100,016694,NA,5,3,5,3705,0,1,1,NA,2,082,I-8 W/B,W. MAIN STREET,200,E,N,A,-,Y,NA,NA,8,NA,NA,NA,NA,NA,W,Y,3,0,1,2,A,-,07,21658,A,N,C,C,A,A,H,-,D,D,0,NA,NA,NA,NA,Y,NA,A,07,0,1,0,0,0,0,0,0,0,-,-,32.795799255371094,-116.97731018066406,SAN DIEGO,EL CAJON,-116.97718811035156,32.795780181884766
90776691,2018,2018-07-26,9650,2018-07-23,0705,015446,NA,1,1,6,3706,0,1,1,NA,2,023,I-15 FWY SOUTHBOUND,9TH AVENUE,200,S,N,A,-,Y,NA,NA,15,NA,NA,NA,NA,NA,S,N,4,0,1,2,A,-,03,22350,NA,N,C,C,A,A,H,-,A,D,0,NA,NA,NA,NA,Y,NA,A,07,0,0,1,0,0,0,0,0,0,-,-,33.1080207824707,-117.09483337402344,SAN DIEGO,ESCONDIDO,-117.09481811523438,33.10802459716797
90777211,2018,2018-07-26,9645,2018-07-17,0114,020623,NA,2,3,7,3711,0,1,1,NA,2,001,I-5 SOUTHBOUND,VESTA STREET,300,S,N,A,-,Y,NA,NA,5,NA,NA,NA,NA,NA,S,Y,3,0,1,1,A,-,08,22107,NA,N,E,I,A,A,H,-,D,D,0,NA,NA,NA,NA,Y,NA,A,07,0,1,0,0,0,0,0,0,0,-,-,32.68642044067383,-117.11313629150392,SAN DIEGO,SAN DIEGO,-117.11324310302734,32.68633270263672
90782377,2018,2018-08-01,9680,2018-07-22,2245,021501,NA,7,3,9,3700,0,3,5,NA,2,007,GREAT SOUTHERN OVERLAND STAGE RTE,SR-78,5808,S,N,A,-,N,NA,NA,NA,NA,NA,NA,NA,NA,NA,Y,2,0,1,1,A,-,01,23152,A,N,F,A,A,A,H,-,D,D,0,NA,NA,NA,NA,Y,Y,D,22,1,0,0,0,0,0,0,0,0,-,-,33.092018127441406,-116.45902252197266,SAN DIEGO,UNINCORPORATED,-116.45902252197266,33.092018127441406
90784220,2018,2018-08-06,9650,2018-07-30,0930,020673,NA,1,1,9,3700,0,2,4,NA,2,061,S. MISSION RD.,FALLBROOK ST.,0,NA,Y,A,-,N,NA,NA,NA,NA,NA,NA,NA,NA,NA,Y,4,0,1,4,A,-,12,21453,A,N,D,C,A,A,H,-,A,A,0,NA,NA,NA,NA,Y,NA,D,22,0,0,1,0,0,0,0,0,0,-,-,33.2236213684082,-117.15129089355467,SAN DIEGO,UNINCORPORATED,-117.253662109375,33.376670837402344
90784581,2018,2018-08-06,9645,2018-07-19,1550,017104,NA,4,2,7,3711,0,1,1,NA,2,017,I-15 S/B (ESCONDIDO FREEWAY),MIRAMAR WAY,1650,S,N,A,-,Y,NA,NA,15,NA,NA,NA,NA,NA,S,Y,4,0,2,4,A,-,03,22350,NA,M,C,C,A,A,H,-,A,D,0,NA,NA,NA,NA,Y,NA,D,22,0,0,2,0,0,0,0,0,0,-,-,32.87080001831055,-117.10769653320313,SAN DIEGO,SAN DIEGO,-117.10789489746094,32.87083435058594
90784791,2018,2018-08-06,9680,2018-07-25,1410,021441,NA,3,2,9,3700,0,3,5,NA,2,001,BRADLEY AVE,FIRST ST.,8,W,N,A,-,N,NA,NA,NA,NA,NA,NA,NA,NA,NA,N,4,0,1,2,A,-,08,22107,NA,F,A,C,A,A,H,-,A,A,0,NA,NA,NA,NA,Y,NA,A,01,0,0,1,0,0,0,0,0,0,-,-,32.81909942626953,-116.9447021484375,SAN DIEGO,UNINCORPORATED,-116.94463348388672,32.819087982177734
90785259,2018,2018-08-06,9645,2018-07-26,1240,016047,NA,4,1,5,3709,0,1,1,NA,2,009,I-805 NORTHBOUND,SWEETWATER ROAD,900,S,N,A,-,Y,NA,NA,NA,NA,NA,NA,NA,NA,NA,Y,4,0,2,2,A,-,08,22107,NA,N,B,C,A,A,H,-,A,D,0,NA,NA,NA,NA,Y,NA,A,01,0,0,2,0,0,0,0,0,0,-,-,32.661319732666016,-117.07279205322266,SAN DIEGO,NATIONAL CITY,-117.07511138916016,32.65884780883789
90785739,2018,2018-08-07,9680,2018-07-27,1850,021237,NA,5,2,5,3708,0,1,3,NA,2,027,SR-94 W/B TO LEMON GROVE AVENUE,LEMON GROVE AVE,328,W,N,A,-,Y,NA,NA,94,NA,NA,NA,R,NA,W,Y,3,0,1,1,A,-,08,22107,NA,N,F,A,A,A,H,-,A,D,0,NA,NA,Y,NA,Y,NA,C,02,0,1,0,0,0,0,0,0,1,-,-,32.746849060058594,-117.03235626220705,SAN DIEGO,LA MESA,-117.03235626220705,32.746849060058594
9078591,2019,2020-08-03,3710,2019-10-27,2235,OC1432,NA,7,5,6,3710,0,0,0,NA,0,006,RT 76,COAST HWY,6,N,N,B,-,N,NA,NA,NA,NA,NA,NA,NA,NA,NA,Y,4,0,1,1,A,-,01,23152,F,N,E,I,A,A,H,-,C,D,0,NA,NA,NA,NA,Y,NA,A,01,0,0,1,0,0,0,0,0,0,-,-,NA,NA,SAN DIEGO,OCEANSIDE,-117.38418579101563,33.2016487121582
90786233,2018,2018-08-07,9650,2018-08-06,0817,015446,NA,1,1,6,3706,0,1,1,NA,2,023,I-15 FWY NORTHBOUND,SR-78,500,S,N,A,-,Y,NA,NA,15,NA,NA,NA,NA,NA,N,N,4,0,2,3,A,-,00,23350,NA,N,C,C,A,A,H,-,A,D,0,NA,NA,NA,NA,Y,NA,A,01,0,0,2,0,0,0,0,0,0,-,-,33.12250900268555,-117.102783203125,SAN DIEGO,ESCONDIDO,-117.10292053222656,33.122432708740234
90787426,2018,2018-08-09,9680,2018-08-01,0815,015733,NA,3,1,9,3700,0,1,3,NA,1,090,SR-67,ROCK HOUSE RD,650,S,N,A,-,Y,NA,NA,67,NA,NA,NA,NA,NA,NA,N,4,0,1,2,A,-,08,22107,NA,N,B,C,A,A,H,-,A,D,0,NA,NA,NA,Y,Y,NA,A,01,0,0,1,0,0,0,0,0,0,-,-,32.999908447265625,-116.95860290527344,SAN DIEGO,UNINCORPORATED,-116.9585189819336,32.999855041503906
90787544,2018,2018-08-09,9645,2018-07-30,0730,017723,NA,1,1,7,3711,0,1,3,NA,2,006,SR-94 WB,47 TH ST. O/C,364,W,N,A,-,Y,NA,NA,94,NA,NA,NA,NA,NA,W,Y,4,0,1,3,A,-,08,22107,NA,F,C,C,A,A,H,-,A,D,0,NA,NA,Y,NA,Y,NA,-,99,0,0,1,0,0,0,0,0,1,-,-,32.71860122680664,-117.09410095214844,SAN DIEGO,SAN DIEGO,-117.09413146972656,32.718502044677734
90787925,2018,2018-08-09,9680,2018-08-02,1600,019910,NA,4,2,9,3700,0,3,5,NA,2,002,STEELE CANYON RD,JAMUL DR,0,NA,Y,A,-,N,NA,NA,NA,NA,NA,NA,NA,NA,NA,Y,2,0,1,2,A,-,01,23152,A,N,D,C,A,A,H,-,A,A,0,NA,NA,Y,NA,Y,Y,C,02,1,0,0,0,0,0,0,0,1,-,-,32.738948822021484,-116.91371917724608,SAN DIEGO,UNINCORPORATED,-116.91374969482422,32.73894119262695
90787955,2018,2018-09-03,9650,2018-08-03,1334,017392,NA,5,1,6,3706,0,1,1,NA,2,023,I-15 N/B,VALLEY PARKWAY,800,S,N,A,-,Y,NA,NA,15,NA,NA,NA,NA,NA,N,N,3,0,1,2,A,-,03,22350,NA,N,C,C,A,A,H,-,A,D,0,NA,NA,NA,NA,Y,NA,A,07,0,1,0,0,0,0,0,0,0,-,-,33.11360168457031,-117.0977020263672,SAN DIEGO,ESCONDIDO,-117.09775543212892,33.11356735229492
90789154,2018,2018-08-13,9645,2018-07-30,1755,021873,NA,1,2,7,3711,0,1,3,NA,2,002,SR-905 E/B,SIEMPRE VIVA,300,E,N,A,-,Y,NA,NA,905,NA,NA,NA,NA,NA,E,Y,4,0,3,2,A,-,03,22350,NA,N,C,C,A,A,H,-,A,D,0,NA,NA,NA,Y,Y,NA,F,21,0,0,3,0,0,0,0,0,0,-,-,32.55147933959961,-116.93914794921876,SAN DIEGO,SAN DIEGO,-116.93912506103516,32.551483154296875
90790211,2018,2018-08-14,9645,2018-08-02,1620,019241,NA,4,2,7,3711,0,1,1,NA,2,027,I-15 S/B,FRIARS ROAD,3168,N,N,A,-,Y,NA,NA,15,NA,NA,NA,NA,NA,S,Y,4,0,2,3,A,-,08,22107,NA,N,B,C,A,A,H,-,A,D,0,NA,NA,NA,NA,Y,Y,A,07,0,0,2,0,0,0,0,0,0,-,-,32.796321868896484,-117.11215972900392,SAN DIEGO,SAN DIEGO,-117.11231994628906,32.79629898071289
90792296,2018,2018-08-16,9645,2018-07-01,0307,020623,NA,7,3,7,3711,0,1,1,NA,2,015,I-805 NORTHBOUND,BALBOA AVENUE,2112,N,N,A,-,Y,NA,NA,805,NA,NA,NA,NA,NA,N,Y,3,0,1,2,A,-,01,23152,A,N,C,C,A,A,H,-,D,D,0,NA,NA,NA,NA,Y,Y,A,01,0,1,0,0,0,0,0,0,0,-,-,32.82725143432617,-117.16558837890624,SAN DIEGO,SAN DIEGO,-117.16560363769533,32.827239990234375
90792503,2018,2018-08-16,9645,2018-08-07,0439,020301,NA,2,3,6,3702,0,1,1,NA,2,001,I-5 N/B,L ST,500,N,N,A,-,Y,NA,NA,5,NA,NA,NA,NA,NA,N,Y,3,0,1,3,A,-,03,22350,NA,N,C,C,A,A,H,-,C,D,0,NA,NA,NA,NA,Y,NA,A,07,0,1,0,0,0,0,0,0,0,-,-,32.616981506347656,-117.0915069580078,SAN DIEGO,CHULA VISTA,-117.09136199951172,32.617008209228516
90792794,2018,2018-08-17,9650,2018-08-10,2247,021267,NA,5,3,5,3713,0,1,3,NA,2,017,SR-78 W/B,VISTA VILLAGE DR,1100,E,N,A,-,Y,NA,NA,78,NA,NA,NA,NA,NA,W,N,4,0,2,3,A,-,07,21658,A,N,B,C,A,A,H,-,C,D,0,NA,NA,NA,NA,Y,NA,A,01,0,0,2,0,0,0,0,0,0,-,-,33.19356155395508,-117.24672698974608,SAN DIEGO,VISTA,-117.24671173095705,33.1935920715332
90792990,2018,2018-08-17,9650,2018-08-15,1540,014886,NA,3,2,6,3710,0,1,1,NA,2,005,I-5 N/B TO SR-78 W/B,I-5 N/B,75,E,N,B,-,Y,NA,NA,5,NA,NA,NA,R,NA,N,N,4,0,1,2,A,-,21,22106,NA,N,C,C,A,A,H,-,A,D,0,NA,NA,NA,NA,Y,NA,A,01,0,0,1,0,0,0,0,0,0,-,-,33.1775016784668,-117.35060119628906,SAN DIEGO,OCEANSIDE,-117.35060119628906,33.1775016784668
90793340,2018,2018-08-20,9650,2018-08-16,1830,021406,NA,4,2,9,3700,0,2,4,NA,2,061,S. MISSION RD.,HELLERS BEND,0,NA,Y,A,-,N,NA,NA,NA,NA,NA,NA,NA,NA,NA,N,3,0,1,2,A,-,06,21750,A,N,D,C,A,A,H,-,A,D,0,NA,NA,Y,NA,Y,NA,O,05,0,1,0,0,0,0,0,0,1,-,-,33.3236083984375,-117.2351303100586,SAN DIEGO,UNINCORPORATED,-117.23502349853516,33.32360076904297
90793971,2018,2018-08-20,9645,2018-08-11,1125,014625,NA,6,1,7,3711,0,1,1,NA,2,005,INTERSTATE 5 SOUTHBOUND,CLAIREMONT DRIVE O/C,2482,S,N,A,-,Y,NA,NA,5,NA,NA,NA,NA,NA,S,N,4,0,1,2,A,-,03,22350,NA,N,C,C,A,A,H,-,A,D,0,NA,NA,NA,NA,Y,NA,A,07,0,0,1,0,0,0,0,0,0,-,-,32.78363037109375,-117.20783996582033,SAN DIEGO,SAN DIEGO,-117.20787811279295,32.78363800048828
90794588,2018,2018-08-21,9680,2018-08-10,1405,021945,NA,5,2,9,3700,0,3,5,NA,2,002,E. CHASE AVENUE,BERNITA RD,170,E,N,A,-,N,NA,NA,NA,NA,NA,NA,NA,NA,NA,Y,3,0,1,2,A,-,09,21804,B,N,D,C,A,A,H,-,A,D,0,NA,NA,NA,NA,Y,NA,A,07,0,1,0,0,0,0,0,0,0,-,-,32.77336120605469,-116.94158935546876,SAN DIEGO,UNINCORPORATED,-116.94168853759766,32.77342224121094
90795649,2018,2018-08-22,9645,2018-08-10,0635,018149,NA,5,1,7,3711,0,1,1,NA,2,010,I-8 W/B TO I-15 N/B,I-8 W/B,180,N,N,A,-,Y,NA,NA,8,NA,NA,NA,R,NA,W,Y,3,0,1,2,A,-,03,22350,NA,N,C,C,A,A,H,-,A,D,0,NA,NA,NA,NA,Y,NA,A,01,0,1,0,0,0,0,0,0,0,-,-,32.77920150756836,-117.11292266845705,SAN DIEGO,SAN DIEGO,-117.11292266845705,32.77920150756836
90795757,2018,2018-08-22,9645,2018-08-11,0220,021600,NA,6,3,7,3711,0,1,1,NA,2,010,I-8 E/B,LAKE MURRAY BLVD.,1356,W,N,A,-,Y,NA,NA,8,NA,NA,NA,NA,NA,E,Y,4,0,3,2,A,-,08,22107,NA,N,C,C,A,A,H,-,E,D,0,NA,NA,NA,NA,Y,NA,A,07,0,0,3,0,0,0,0,0,0,-,-,32.77608871459961,-117.05013275146484,SAN DIEGO,SAN DIEGO,-117.05013275146484,32.77607345581055
90804312,2018,2018-09-03,9650,2018-08-27,0740,013570,NA,1,1,6,3706,0,1,3,NA,2,019,SR-78 W/B,METCALF ST,50,W,N,A,-,Y,NA,NA,78,NA,NA,NA,NA,NA,W,N,4,0,1,3,A,-,03,22350,NA,N,C,C,A,A,H,-,A,D,0,NA,NA,NA,NA,Y,NA,A,07,0,0,1,0,0,0,0,0,0,-,-,33.12763977050781,-117.10336303710938,SAN DIEGO,ESCONDIDO,-117.10335540771484,33.12761688232422
90805253,2018,2018-09-04,9645,2018-08-14,2255,015698,NA,2,3,7,3711,0,1,1,NA,2,005,I-5 SB,WASHINGTON ST.,700,N,N,B,-,Y,NA,NA,5,NA,NA,NA,NA,NA,S,Y,3,0,1,2,A,-,03,22350,NA,N,C,C,A,A,H,-,D,D,0,NA,NA,NA,Y,Y,NA,A,07,0,1,0,0,0,0,0,0,0,-,-,32.74536895751953,-117.18859100341795,SAN DIEGO,SAN DIEGO,-117.18863677978516,32.74526596069336
90805276,2018,2018-09-04,9645,2018-08-14,1906,018146,NA,2,2,7,3711,0,1,1,NA,2,003,I-5 S/B FROM SR-75 N/B,28TH ST.,200,N,N,A,-,Y,NA,NA,5,NA,NA,NA,R,NA,S,Y,2,0,1,1,A,-,03,22350,NA,N,F,A,A,A,H,-,A,D,0,NA,NA,Y,NA,Y,NA,C,02,1,0,0,0,0,0,0,0,1,-,-,32.699798583984375,-117.14103698730467,SAN DIEGO,SAN DIEGO,-117.14103698730467,32.699798583984375
9080658,2020,2020-06-22,3709,2020-02-28,0253,NC0527,NA,5,5,5,3709,0,0,0,NA,0,021,HARBISON AV,PLAZA BL,5,S,N,A,-,Y,NA,NA,NA,NA,NA,NA,NA,NA,NA,NA,3,0,1,2,A,-,08,22107,NA,N,C,E,A,A,H,-,C,D,0,NA,NA,NA,NA,Y,NA,-,NA,0,1,0,0,0,0,0,0,0,-,-,NA,NA,SAN DIEGO,NATIONAL CITY,-117.07400512695313,32.681697845458984
90807131,2018,2018-09-06,9680,2018-08-26,2300,021839,NA,7,3,9,3700,0,3,5,NA,2,002,KENORA DR,KENWOOD DR,200,E,N,A,-,N,NA,NA,NA,NA,NA,NA,NA,NA,NA,N,3,0,1,2,A,-,11,21954,A,F,G,B,D,A,H,-,D,D,0,Y,NA,NA,NA,Y,NA,N,60,0,1,0,0,1,0,0,0,0,-,-,32.747039794921875,-116.98845672607422,SAN DIEGO,UNINCORPORATED,-116.98843383789063,32.74714279174805
90807646,2018,2018-09-07,9650,2018-08-16,1335,021154,NA,4,1,9,3700,0,3,5,NA,2,230,MCNALLY RD. (13500 BLOCK),OAK GLEN RD,3854,W,N,A,-,N,NA,NA,NA,NA,NA,NA,NA,NA,NA,Y,3,0,3,2,A,-,08,22107,NA,N,A,C,A,A,H,-,A,D,0,NA,NA,NA,NA,Y,NA,D,22,0,3,0,0,0,0,0,0,0,-,-,33.2965087890625,-117.04435729980467,SAN DIEGO,UNINCORPORATED,-117.03274536132813,33.2938346862793
90808366,2018,2018-09-10,9645,2018-08-26,0824,017473,NA,7,1,7,3711,0,1,1,NA,2,003,I-5 N/B,PARK BLVD.,1000,S,N,B,-,Y,NA,NA,5,NA,NA,NA,NA,NA,N,Y,4,0,1,2,A,-,08,22107,NA,N,B,C,A,A,H,-,A,D,0,NA,NA,NA,NA,Y,NA,A,07,0,0,1,0,0,0,0,0,0,-,-,32.72249984741211,-117.14917755126952,SAN DIEGO,SAN DIEGO,-117.149169921875,32.722503662109375
90809268,2018,2018-09-10,9680,2018-08-28,1445,020116,NA,2,2,9,3700,0,3,5,NA,2,002,PARADISE VALLEY RD,ELKELTON BLVD,165,W,N,A,-,N,NA,NA,NA,NA,NA,NA,NA,NA,NA,N,3,0,1,2,A,-,08,22107,NA,N,B,G,A,A,H,-,A,D,0,NA,Y,NA,NA,Y,NA,L,04,0,1,0,0,0,0,1,0,0,-,-,32.70207977294922,-117.01286315917967,SAN DIEGO,UNINCORPORATED,-117.0129165649414,32.70231246948242
9081246,2020,2020-06-19,3711,2020-03-15,1003,SD7520,NA,7,5,7,3711,0,0,0,NA,0,232,HIGHLAND RANCH RD,WORLD TRADE DR,49,N,N,A,-,N,NA,NA,NA,NA,NA,NA,NA,NA,NA,N,3,0,2,2,A,-,12,21453,A,N,D,C,A,A,H,-,A,A,0,NA,NA,NA,NA,Y,NA,A,01,0,1,1,0,0,0,0,0,0,-,-,NA,NA,SAN DIEGO,SAN DIEGO,-117.0742645263672,32.982208251953125
9081364,2020,2020-07-20,3711,2020-03-13,1014,7487,NA,5,5,7,3711,0,0,0,NA,0,124,LA JOLLA SCENIC DR,LA JOLLA PKWY,1056,N,N,C,-,N,NA,NA,NA,NA,NA,NA,NA,NA,NA,Y,4,0,1,1,A,-,03,22350,NA,N,F,I,A,B,H,-,A,D,0,NA,NA,NA,NA,Y,NA,A,07,0,0,1,0,0,0,0,0,0,-,-,NA,NA,SAN DIEGO,SAN DIEGO,-117.24767303466795,32.84836959838867
90814974,2018,2018-09-17,9645,2018-09-07,1725,020066,NA,5,2,7,3711,0,1,1,NA,2,017,I-15 N/B,SR-52,500,N,N,A,-,Y,NA,NA,15,NA,NA,NA,NA,NA,N,N,4,0,3,2,A,-,01,23152,A,N,C,C,A,A,H,-,A,D,0,NA,NA,NA,NA,Y,Y,D,22,0,0,3,0,0,0,0,0,0,-,-,32.84590148925781,-117.11801910400392,SAN DIEGO,SAN DIEGO,-117.11807250976563,32.8459358215332