CASE_ID,ACCIDENT_YEAR,PROC_DATE,JURIS,COLLISION_DATE,COLLISION_TIME,OFFICER_ID,REPORTING_DISTRICT,DAY_OF_WEEK,CHP_SHIFT,POPULATION,CNTY_CITY_LOC,SPECIAL_COND,BEAT_TYPE,CHP_BEAT_TYPE,CITY_DIVISION_LAPD,CHP_BEAT_CLASS,BEAT_NUMBER,PRIMARY_RD,SECONDARY_RD,DISTANCE,DIRECTION,INTERSECTION,WEATHER_1,WEATHER_2,STATE_HWY_IND,CALTRANS_COUNTY,CALTRANS_DISTRICT,STATE_ROUTE,ROUTE_SUFFIX,POSTMILE_PREFIX,POSTMILE,LOCATION_TYPE,RAMP_INTERSECTION,SIDE_OF_HWY,TOW_AWAY,COLLISION_SEVERITY,NUMBER_KILLED,NUMBER_INJURED,PARTY_COUNT,PRIMARY_COLL_FACTOR,PCF_CODE_OF_VIOL,PCF_VIOL_CATEGORY,PCF_VIOLATION,PCF_VIOL_SUBSECTION,HIT_AND_RUN,TYPE_OF_COLLISION,MVIW,PED_ACTION,ROAD_SURFACE,ROAD_COND_1,ROAD_COND_2,LIGHTING,CONTROL_DEVICE,CHP_ROAD_TYPE,PEDESTRIAN_ACCIDENT,BICYCLE_ACCIDENT,MOTORCYCLE_ACCIDENT,TRUCK_ACCIDENT,NOT_PRIVATE_PROPERTY,ALCOHOL_INVOLVED,STWD_VEHTYPE_AT_FAULT,CHP_VEHTYPE_AT_FAULT,COUNT_SEVERE_INJ,COUNT_VISIBLE_INJ,COUNT_COMPLAINT_PAIN,COUNT_PED_KILLED,COUNT_PED_INJURED,COUNT_BICYCLIST_KILLED,COUNT_BICYCLIST_INJURED,COUNT_MC_KILLED,COUNT_MC_INJURED,PRIMARY_RAMP,SECONDARY_RAMP,LATITUDE,LONGITUDE,COUNTY,CITY,POINT_X,POINT_Y
90987652,2019,2019-05-13,9650,2019-05-11,1500,021406,NA,6,2,6,3710,0,1,1,NA,2,005,I-5 N/B FROM MISSION AVENUE,MISSION AVE,70,S,N,A,-,Y,NA,NA,5,NA,NA,NA,R,NA,N,Y,3,0,1,2,A,-,08,22107,NA,F,B,C,A,A,H,-,A,D,0,NA,NA,NA,NA,Y,NA,-,99,0,1,0,0,0,0,0,0,0,-,-,33.2009391784668,-117.3709716796875,SAN DIEGO,OCEANSIDE,-117.3709716796875,33.2009391784668
90991391,2019,2019-05-20,9650,2019-05-16,0416,021805,NA,4,3,9,3700,0,1,1,NA,2,021,I-15 S/B,WEST COUNTRY CLUB LN.,16,N,N,A,-,Y,NA,NA,NA,NA,NA,NA,NA,NA,NA,Y,4,0,1,1,A,-,08,22107,NA,N,E,I,A,A,H,-,D,D,0,NA,NA,NA,NA,Y,Y,A,01,0,0,1,0,0,0,0,0,0,-,-,33.15687942504883,-117.1044464111328,SAN DIEGO,UNINCORPORATED,NA,NA
90992250,2019,2019-05-20,9650,2019-05-19,1040,018840,NA,7,1,6,3710,0,1,3,NA,2,015,I-5 S/B FROM SR-78,W. VISTA WAY,600,S,N,B,C,Y,NA,NA,5,NA,NA,NA,R,NA,S,Y,3,0,1,1,A,-,03,22350,NA,N,E,I,A,B,H,-,A,D,0,NA,NA,NA,NA,Y,NA,A,01,0,1,0,0,0,0,0,0,0,-,-,33.17525863647461,-117.3508071899414,SAN DIEGO,OCEANSIDE,-117.3508071899414,33.17525863647461
90992252,2019,2019-05-20,9680,2019-05-08,2018,021476,NA,3,2,5,3708,0,1,3,NA,2,028,SR-125 S/B,MARIPOSA STREET,1290,N,N,B,C,Y,NA,NA,125,NA,NA,NA,NA,NA,S,Y,3,0,2,2,A,-,03,22350,NA,N,C,C,A,B,H,-,D,D,0,NA,NA,NA,NA,Y,NA,A,01,0,1,1,0,0,0,0,0,0,-,-,32.76280975341797,-117.00229644775392,SAN DIEGO,LA MESA,-117.00228118896484,32.7628059387207
90992899,2019,2019-05-21,9645,2019-04-30,1157,016409,NA,2,1,7,3711,0,1,1,NA,2,010,I-8 W/B FROM FAIRMOUNT AVENUE N/B,I-8 O/C,380,S,N,C,-,Y,NA,NA,8,NA,NA,NA,R,NA,W,Y,4,0,1,3,A,-,03,22350,NA,N,C,C,A,B,H,-,A,D,0,NA,NA,NA,NA,Y,NA,A,01,0,0,1,0,0,0,0,0,0,-,-,32.77790832519531,-117.10015106201172,SAN DIEGO,SAN DIEGO,-117.10015106201172,32.77790832519531
9099373,2020,2020-06-26,3711,2020-03-12,0105,SD7775,NA,4,5,7,3711,0,0,0,NA,0,824,MONROE AV,MONROE AV 5025,0,NA,Y,-,-,N,NA,NA,NA,NA,NA,NA,NA,NA,NA,N,3,0,1,2,A,-,21,22106,NA,N,D,G,A,A,H,-,C,D,0,NA,Y,NA,NA,Y,NA,L,04,0,1,0,0,0,0,1,0,0,-,-,NA,NA,SAN DIEGO,SAN DIEGO,NA,NA
9099582,2020,2020-10-30,3700,2020-05-01,0117,SH0451,NA,5,5,5,3713,0,0,0,NA,0,306,TOWNSITE DR,RHEA PL,123,E,N,A,-,N,NA,NA,NA,NA,NA,NA,NA,NA,NA,Y,4,0,1,5,A,-,01,23152,A,N,H,C,A,A,H,-,C,D,0,NA,NA,NA,NA,Y,Y,D,22,0,0,1,0,0,0,0,0,0,-,-,NA,NA,SAN DIEGO,VISTA,-117.23925018310548,33.21280288696289
90996028,2019,2019-05-27,9650,2019-05-20,0725,019191,NA,1,1,9,3700,0,3,5,NA,1,212,COLE GRADE RD,COOL VALLEY RD,670,S,N,B,-,N,NA,NA,NA,NA,NA,NA,NA,NA,NA,Y,3,0,3,2,A,-,05,21460,A,N,A,C,A,B,H,-,A,D,0,NA,NA,NA,NA,Y,NA,D,22,0,1,2,0,0,0,0,0,0,-,-,33.26531982421875,-117.6235122680664,SAN DIEGO,UNINCORPORATED,-117.02346801757813,33.26536560058594
90996174,2019,2019-05-27,9650,2019-05-19,1252,019191,NA,7,1,6,3706,0,1,1,NA,2,023,I-15 N/B,SR-78,50,S,N,B,C,Y,NA,NA,15,NA,NA,NA,NA,NA,N,Y,3,0,3,5,A,-,08,22107,NA,N,D,C,A,B,H,-,A,D,0,NA,NA,NA,NA,Y,NA,D,22,0,2,1,0,0,0,0,0,0,-,-,33.12651824951172,-117.10449981689452,SAN DIEGO,ESCONDIDO,-117.10453033447266,33.12651443481445
90996453,2019,2019-05-27,9650,2019-05-15,1647,021327,NA,3,2,9,3700,0,1,3,NA,1,028,SR-76,APAPAS RD.,106,E,N,A,-,N,NA,NA,76,NA,NA,NA,NA,NA,NA,Y,3,0,2,2,A,-,08,22107,NA,N,D,C,A,A,H,-,A,D,0,NA,NA,Y,NA,Y,NA,A,01,0,1,1,0,0,0,0,0,1,-,-,33.36412048339844,-117.07569122314452,SAN DIEGO,UNINCORPORATED,-117.07569885253906,33.36404800415039
91001036,2019,2019-05-31,9680,2019-05-20,0715,013848,NA,1,1,5,3708,0,1,1,NA,2,081,I-8 W/B,I-8 W/B TO EL CAJON BLVD OFF RAMP,528,E,N,B,C,Y,NA,NA,8,NA,NA,NA,NA,NA,W,Y,3,0,1,2,A,-,03,22350,NA,N,C,C,A,B,H,-,A,D,0,NA,NA,Y,NA,Y,NA,C,02,0,1,0,0,0,0,0,0,1,-,-,32.7712287902832,-117.02024841308594,SAN DIEGO,LA MESA,-117.02025604248048,32.77125549316406
9100115,2020,2020-06-10,3706,2020-02-28,1604,520,ESCON,5,5,6,3706,0,0,0,NA,0,051,CENTRE CITY PKWY,CREST DR,245,N,N,A,-,N,NA,NA,NA,NA,NA,NA,NA,NA,NA,N,4,0,1,2,A,-,03,22350,NA,N,C,C,A,A,H,-,A,D,0,NA,NA,NA,NA,Y,NA,A,07,0,0,1,0,0,0,0,0,0,-,-,33.097190856933594,-117.07163238525392,SAN DIEGO,ESCONDIDO,-117.07150268554688,33.09722900390625
91001876,2019,2019-06-03,9680,2019-05-19,0215,020401,NA,7,3,9,3700,0,1,1,NA,2,082,I-8 E/B,DUNBAR LN,1322,W,N,B,C,Y,NA,NA,8,NA,NA,NA,NA,NA,E,Y,3,0,1,2,A,-,01,23152,A,N,B,C,A,B,H,-,C,D,0,NA,NA,NA,Y,Y,Y,A,01,0,1,0,0,0,0,0,0,0,-,-,32.85655975341797,-116.823486328125,SAN DIEGO,UNINCORPORATED,-116.82349395751952,32.85662841796875
91005252,2019,2019-06-06,9680,2019-05-26,1430,021584,NA,7,2,9,3700,0,1,3,NA,1,051,STATE ROUTE 79,YAQUI DR,165,S,N,C,E,Y,NA,NA,79,NA,NA,NA,NA,NA,NA,Y,3,0,1,2,A,-,05,21460,A,N,B,C,A,B,H,-,A,D,0,NA,NA,NA,Y,Y,NA,A,01,0,1,0,0,0,0,0,0,0,-,-,32.991111755371094,-116.580810546875,SAN DIEGO,UNINCORPORATED,-116.58082580566406,32.99107360839844
91007521,2019,2019-06-11,9680,2019-05-31,1800,021646,NA,5,2,5,3705,0,1,3,NA,2,016,SR-67 S/B,FLETCHER PARKWAY,1056,N,N,A,-,Y,NA,NA,NA,NA,NA,NA,NA,NA,NA,Y,4,0,2,2,A,-,03,22350,NA,N,C,C,A,A,H,-,A,D,0,NA,NA,NA,NA,Y,NA,A,01,0,0,2,0,0,0,0,0,0,-,-,32.81087112426758,-116.92613220214844,SAN DIEGO,EL CAJON,-116.96204376220705,32.81072235107422
91008606,2019,2019-06-12,9645,2019-06-01,1144,017473,NA,6,1,7,3711,0,1,1,NA,2,030,I-15 S/B TO GEORGE COOKE EXPRESS DR.,GEORGE COOKE EXPRESS DR.,0,NA,Y,B,-,Y,NA,NA,15,NA,NA,NA,R,NA,S,Y,4,0,3,1,A,-,21,22106,NA,N,E,I,A,A,H,-,A,A,0,NA,NA,NA,NA,Y,NA,A,07,0,0,3,0,0,0,0,0,0,-,-,33.01641082763672,-117.0797882080078,SAN DIEGO,SAN DIEGO,-117.0797882080078,33.01641082763672
91008926,2019,2019-06-12,9680,2019-06-02,1618,021353,NA,7,2,9,3700,0,2,4,NA,1,020,FUERTE DR E/B (1100 BLOCK),MAYAPAN DR,885,W,N,A,-,N,NA,NA,NA,NA,NA,NA,NA,NA,NA,Y,3,0,1,1,A,-,01,23152,A,M,F,A,A,A,H,-,A,D,0,NA,NA,NA,NA,Y,Y,A,01,0,1,0,0,0,0,0,0,0,-,-,32.76298904418945,-116.95844268798828,SAN DIEGO,UNINCORPORATED,-116.96253204345705,32.76445388793945
91009153,2019,2019-06-13,9645,2019-05-29,0514,021631,NA,3,3,7,3711,0,1,1,NA,2,019,I-15 S/B,WEST BERNARDO DRIVE,1056,S,N,A,-,Y,NA,NA,15,NA,NA,NA,NA,NA,S,Y,4,0,1,2,A,-,08,22107,NA,N,B,C,A,A,H,-,C,D,0,NA,NA,NA,NA,Y,NA,-,-,0,0,1,0,0,0,0,0,0,-,-,33.04549026489258,-117.07333374023438,SAN DIEGO,SAN DIEGO,-117.07308959960938,33.04545211791992
91009240,2019,2019-06-13,9645,2019-06-03,1605,017480,NA,1,2,7,3711,0,1,1,NA,2,005,I-5 S/B,GILMAN DRIVE,225,S,N,B,-,Y,NA,NA,5,NA,NA,NA,NA,NA,S,Y,3,0,1,3,A,-,03,22350,NA,F,C,C,A,A,H,-,A,D,0,NA,NA,NA,NA,Y,NA,A,01,0,1,0,0,0,0,0,0,0,-,-,32.84558868408203,-117.23623657226563,SAN DIEGO,SAN DIEGO,-117.2363739013672,32.845611572265625
91009693,2019,2019-06-13,9645,2019-06-04,2009,016864,NA,2,2,7,3711,0,1,1,NA,2,015,I-805 N/B,SR-52,550,N,N,B,-,Y,NA,NA,805,NA,NA,NA,NA,NA,N,Y,3,0,1,2,A,-,03,22350,NA,N,C,C,A,A,C,-,B,D,0,NA,NA,NA,NA,Y,NA,A,01,0,1,0,0,0,0,0,0,0,-,-,32.84934997558594,-117.17906188964844,SAN DIEGO,SAN DIEGO,-117.17905426025392,32.8493537902832
91010829,2019,2019-06-17,9650,2019-06-07,1715,019490,NA,5,2,5,3712,0,1,3,NA,2,019,SR-78 E/B,SAN MARCOS BLVD,1584,W,N,B,-,Y,NA,NA,78,NA,NA,NA,NA,NA,E,Y,4,0,1,2,A,-,01,23152,A,N,C,C,A,A,H,-,A,D,0,NA,NA,NA,NA,Y,Y,A,07,0,0,1,0,0,0,0,0,0,-,-,33.13962936401367,-117.18154907226563,SAN DIEGO,SAN MARCOS,-117.18155670166016,33.139617919921875
91011608,2019,2019-06-17,9645,2019-06-06,0630,013784,NA,4,1,7,3711,0,1,1,NA,2,015,I-805 N/B,BALBOA AVE,800,N,N,B,-,Y,NA,NA,805,NA,NA,NA,NA,NA,N,N,3,0,1,2,A,-,07,21658,A,N,F,A,A,A,H,-,A,D,0,NA,NA,Y,NA,Y,NA,D,22,0,1,0,0,0,0,0,0,1,-,-,32.82392120361328,-117.16364288330078,SAN DIEGO,SAN DIEGO,-117.16362762451172,32.82392501831055
91011962,2019,2019-06-18,9680,2019-06-08,2500,016535,NA,6,4,9,3700,0,3,5,NA,2,003,JAPATUL VALLEY RD,JAPATUL VISTA LN,1584,N,N,A,-,N,NA,NA,NA,NA,NA,NA,NA,NA,NA,Y,3,0,1,1,A,-,01,23152,A,N,E,J,A,A,H,-,D,D,0,NA,NA,NA,NA,Y,Y,A,01,0,1,0,0,0,0,0,0,0,-,-,32.796871185302734,-116.65561676025392,SAN DIEGO,UNINCORPORATED,-116.65658569335938,32.79584503173828
91012171,2019,2019-10-01,9645,2019-05-28,1310,017717,NA,2,1,5,3709,0,1,1,NA,2,001,I-5 N/B,19TH ST,425,S,N,B,-,Y,NA,NA,5,NA,NA,NA,NA,NA,N,Y,3,0,1,2,A,-,08,22107,NA,N,B,C,A,A,H,-,A,D,0,NA,NA,Y,NA,Y,NA,C,02,0,1,0,0,0,0,0,0,1,-,-,32.664588928222656,-117.10951232910156,SAN DIEGO,NATIONAL CITY,-117.10964965820313,32.66453170776367
91014516,2018,2019-06-20,9645,2018-11-05,1820,021731,NA,1,2,7,3711,0,1,1,NA,2,001,I-5 S/B,DAIRY MART RD,1584,N,N,A,-,Y,NA,NA,5,NA,NA,NA,NA,NA,S,Y,1,1,2,5,A,-,03,22350,NA,N,C,C,A,A,H,-,D,D,0,NA,NA,NA,NA,Y,NA,A,01,0,0,2,0,0,0,0,0,0,-,-,32.56050109863281,-117.06625366210938,SAN DIEGO,SAN DIEGO,-117.06623840332033,32.56052017211914
91014624,2019,2019-06-20,9680,2019-06-11,0715,017621,NA,2,1,9,3700,0,1,3,NA,1,091,SR-78,HORIZON VIEW DR,150,W,N,A,-,Y,NA,NA,78,NA,NA,NA,NA,NA,NA,Y,3,0,1,2,A,-,09,21804,A,N,D,C,A,A,H,-,A,D,0,NA,NA,NA,NA,Y,NA,D,22,0,1,0,0,0,0,0,0,0,-,-,33.07487869262695,-116.9028091430664,SAN DIEGO,UNINCORPORATED,-116.90279388427734,33.07488250732422
91015635,2019,2019-06-24,9650,2019-06-14,1651,021463,NA,5,2,9,3700,0,3,5,NA,2,006,PEPPER TREE LN,MCDONALD RD,0,NA,Y,A,-,N,NA,NA,NA,NA,NA,NA,NA,NA,NA,Y,3,0,2,2,A,-,09,21803,A,N,D,C,A,A,H,-,A,D,0,NA,NA,NA,NA,Y,NA,A,07,0,2,0,0,0,0,0,0,0,-,-,33.36199951171875,-117.23622131347656,SAN DIEGO,UNINCORPORATED,-117.23622894287108,33.361968994140625
9101572,2020,2020-11-09,3711,2020-05-15,1200,SD6468,NA,5,5,7,3711,0,0,0,NA,0,611,NORTH HARBOR DR,LANNING RD,0,NA,Y,A,-,N,NA,NA,NA,NA,NA,NA,NA,NA,NA,N,4,0,1,2,A,-,12,21453,A,N,D,C,A,A,H,-,A,A,0,NA,NA,NA,NA,Y,NA,A,01,0,0,1,0,0,0,0,0,0,-,-,NA,NA,SAN DIEGO,SAN DIEGO,-117.21826171875,32.72726821899414
9101578,2020,2020-11-09,3711,2020-05-17,1955,SD7884,NA,7,5,7,3711,0,0,0,NA,0,937,CAMINO DEL SUR,GARRETSON ST,0,NA,Y,A,-,N,NA,NA,NA,NA,NA,NA,NA,NA,NA,Y,3,0,1,1,A,-,08,22100,B,N,E,I,A,A,H,-,D,D,0,NA,NA,NA,NA,Y,NA,A,01,0,1,0,0,0,0,0,0,0,-,-,NA,NA,SAN DIEGO,SAN DIEGO,-117.12650299072266,33.02178192138672
9101580,2020,2020-11-09,3711,2020-05-16,2109,SD6812,NA,6,5,7,3711,0,0,0,NA,0,122,THOMAS AV,FANUEL ST,39,E,N,A,-,N,NA,NA,NA,NA,NA,NA,NA,NA,NA,N,4,0,1,1,A,-,03,22350,NA,N,H,A,A,A,H,-,D,D,0,NA,Y,NA,NA,Y,Y,L,04,0,0,1,0,0,0,1,0,0,-,-,NA,NA,SAN DIEGO,SAN DIEGO,-117.2453384399414,32.79569625854492
91016145,2019,2019-06-24,9645,2019-05-26,0945,014625,NA,7,1,7,3711,0,1,1,NA,2,009,INTERSTATE 805 SOUTHBOUND,MARKET STREET O/C,200,N,N,B,-,Y,NA,NA,805,NA,NA,NA,NA,NA,S,Y,3,0,1,2,A,-,01,23152,A,N,C,C,A,A,H,-,A,D,0,NA,NA,NA,NA,Y,Y,A,07,0,1,0,0,0,0,0,0,0,-,-,32.71202087402344,-117.1013412475586,SAN DIEGO,SAN DIEGO,-117.1013641357422,32.71199417114258
91016200,2019,2019-06-24,9650,2019-06-22,1150,019549,NA,6,1,5,3701,0,1,3,NA,2,015,SR-78 E/B,EL CAMINO REAL,1000,E,N,A,-,Y,NA,NA,78,NA,NA,NA,NA,NA,E,Y,2,0,1,1,A,-,08,22107,NA,N,E,I,A,A,H,-,A,D,0,NA,NA,Y,NA,Y,NA,C,02,1,0,0,0,0,0,0,0,1,-,-,33.18220901489258,-117.3230209350586,SAN DIEGO,CARLSBAD,-117.3230209350586,33.182186126708984
91016360,2019,2019-06-24,9645,2019-06-13,1600,020479,NA,4,2,7,3711,0,1,1,NA,2,010,I-8 E/B,MISSION BAY DR,1200,E,N,A,-,Y,NA,NA,8,NA,NA,NA,NA,NA,E,Y,4,0,1,4,A,-,03,22350,NA,N,C,C,A,A,H,-,A,D,0,NA,NA,NA,NA,Y,NA,D,22,0,0,1,0,0,0,0,0,0,-,-,32.758419036865234,-117.21370697021484,SAN DIEGO,SAN DIEGO,-117.21370697021484,32.7584114074707
91017299,2019,2019-06-25,9650,2019-06-21,1600,015830,NA,5,2,9,3700,0,1,1,NA,2,003,I-5 S/B,LAS PULGAS RD,1584,S,N,A,-,Y,NA,NA,5,NA,NA,NA,NA,NA,S,Y,4,0,1,2,A,-,03,22350,NA,N,C,C,A,A,H,-,A,D,0,NA,NA,NA,NA,Y,NA,A,01,0,0,1,0,0,0,0,0,0,-,-,33.29505157470703,-117.46038818359376,SAN DIEGO,UNINCORPORATED,-117.46033477783205,33.29512023925781
91017541,2019,2019-07-29,9680,2019-06-16,1055,016102,NA,7,1,9,3700,0,1,3,NA,1,040,STATE ROUTE 94 (SR-94),FORREST GATE ROAD,11088,W,N,A,-,Y,NA,NA,94,NA,NA,NA,NA,NA,NA,Y,4,0,2,2,A,-,05,21460,A,N,D,C,A,A,H,-,A,D,0,NA,NA,Y,NA,Y,NA,C,02,0,0,2,0,0,0,0,0,1,-,-,32.59701156616211,-116.50707244873048,SAN DIEGO,UNINCORPORATED,-116.50704956054688,32.596981048583984
91018581,2019,2019-06-27,9645,2019-06-18,1545,018678,NA,2,2,6,3702,0,1,1,NA,2,009,I-805 (N/B),EAST H STREET O/C,50,N,N,A,-,Y,NA,NA,805,NA,NA,NA,NA,NA,NA,Y,4,0,1,2,A,-,03,22350,NA,N,C,C,A,A,H,-,A,D,0,NA,NA,NA,NA,Y,NA,A,01,0,0,1,0,0,0,0,0,0,-,-,32.64065933227539,-117.05548095703124,SAN DIEGO,CHULA VISTA,-117.05542755126952,32.64072036743164
91019334,2019,2019-06-27,9645,2019-06-17,0730,021731,NA,1,1,7,3711,0,1,1,NA,2,003,I-5 N/B,IMPERIAL AVE,200,N,N,B,-,Y,NA,NA,5,NA,NA,NA,NA,NA,N,Y,4,0,2,3,A,-,03,22350,NA,N,C,C,A,A,H,-,A,D,0,NA,NA,NA,NA,Y,NA,-,99,0,0,2,0,0,0,0,0,0,-,-,32.70690155029297,-117.14746856689452,SAN DIEGO,SAN DIEGO,-117.14752197265624,32.70690155029297
91022656,2019,2019-07-02,9645,2019-06-23,0256,021338,NA,7,3,7,3711,0,1,3,NA,2,006,SR-94 E/B,SR-15 S/B,2000,W,N,B,-,Y,NA,NA,94,NA,NA,NA,NA,NA,E,Y,3,0,1,2,A,-,01,23152,A,N,C,C,A,A,H,-,D,D,0,NA,NA,NA,NA,Y,Y,A,01,0,1,0,0,0,0,0,0,0,-,-,32.71512985229492,-117.12425994873048,SAN DIEGO,SAN DIEGO,-117.124267578125,32.715152740478516
91023711,2019,2019-07-03,9645,2019-06-26,1020,017139,NA,3,1,7,3711,0,1,1,NA,2,001,I-5 S/B,CAMINO DE LA PLAZA O/C,40,S,N,A,-,Y,NA,NA,NA,NA,NA,NA,NA,NA,NA,Y,4,0,1,1,A,-,08,22107,NA,N,E,I,A,A,H,-,A,D,0,NA,NA,NA,NA,Y,NA,A,01,0,0,1,0,0,0,0,0,0,-,-,32.54328155517578,-117.03276824951172,SAN DIEGO,SAN DIEGO,-117.03248596191406,32.5443000793457
9102473,2020,2020-11-05,3711,2020-05-19,1221,SD7417,NA,2,5,7,3711,0,0,0,NA,0,436,PARADISE VALLEY RD,PARADISE VALLEY RD 8000,0,NA,Y,A,-,N,NA,NA,NA,NA,NA,NA,NA,NA,NA,Y,4,0,1,2,A,-,09,21800,A,N,D,C,A,-,H,-,A,A,0,NA,NA,NA,NA,Y,NA,-,NA,0,0,1,0,0,0,0,0,0,-,-,NA,NA,SAN DIEGO,SAN DIEGO,NA,NA
9102479,2020,2020-11-05,3711,2020-05-21,0746,SD7713,NA,4,5,7,3711,0,0,0,NA,0,931,MIAMI CT,NOBEL DR,57,E,N,A,-,N,NA,NA,NA,NA,NA,NA,NA,NA,NA,Y,4,0,1,2,D,-,00,NA,NA,N,D,C,A,A,H,-,A,A,0,NA,NA,NA,NA,Y,NA,-,-,0,0,1,0,0,0,0,0,0,-,-,NA,NA,SAN DIEGO,SAN DIEGO,NA,NA
91025147,2019,2019-08-29,9645,2019-06-27,2223,017671,NA,4,3,7,3711,0,1,1,NA,2,010,I-8 E/B,WARING ROAD U/C,1700,W,N,A,-,Y,NA,NA,8,NA,NA,NA,NA,NA,E,Y,3,0,2,4,A,-,01,23152,A,F,B,C,A,A,D,-,C,D,0,NA,NA,NA,NA,Y,Y,A,01,0,1,1,0,0,0,0,0,0,-,-,32.77878189086914,-117.10501098632813,SAN DIEGO,SAN DIEGO,-117.10499572753906,32.778663635253906
9102522,2020,2020-08-18,3706,2020-04-17,1529,492,ESCON,5,5,6,3706,0,0,0,NA,0,523,GRAND AV,DATE ST,50,E,N,A,-,N,NA,NA,NA,NA,NA,NA,NA,NA,NA,NA,3,0,1,2,A,-,11,21954,A,N,G,B,E,A,H,-,A,A,0,Y,NA,NA,NA,Y,NA,N,60,0,1,0,0,1,0,0,0,0,-,-,33.125831604003906,-117.07009887695313,SAN DIEGO,ESCONDIDO,-117.06978607177734,33.12589645385742
91028898,2019,2019-07-11,9680,2019-06-29,1904,021322,NA,6,2,9,3700,0,1,3,NA,2,028,SR-125 S/B,JAMACHA RD,1584,S,N,B,-,Y,NA,NA,125,NA,NA,NA,NA,NA,S,Y,4,0,1,2,A,-,08,22107,NA,N,B,C,A,A,H,-,A,D,0,NA,NA,NA,NA,Y,NA,A,08,0,0,1,0,0,0,0,0,0,-,-,32.71112060546875,-117.01319122314452,SAN DIEGO,UNINCORPORATED,-117.01315307617188,32.71113586425781
91029741,2019,2019-07-12,9645,2019-07-02,1725,017480,NA,2,2,7,3711,0,1,1,NA,2,005,INTERSTATE 5 S/B,CLAIREMONT DRIVE,606,S,N,A,-,Y,NA,NA,5,NA,NA,NA,NA,NA,S,N,3,0,1,3,A,-,03,22350,NA,N,C,C,A,A,H,-,A,D,0,NA,NA,NA,NA,Y,NA,A,08,0,1,0,0,0,0,0,0,0,-,-,32.78411102294922,-117.20791625976563,SAN DIEGO,SAN DIEGO,-117.20779418945313,32.784088134765625
91029751,2019,2019-07-12,9680,2019-07-02,1745,020682,NA,2,2,5,3708,0,1,1,NA,2,081,I-8 E/B,JACKSON DR,890,W,N,A,-,Y,NA,NA,8,NA,NA,NA,NA,NA,E,Y,3,0,2,2,A,-,03,22350,NA,N,C,C,A,A,H,-,A,D,0,NA,NA,NA,NA,Y,NA,A,07,0,1,1,0,0,0,0,0,0,-,-,32.77381134033203,-117.013671875,SAN DIEGO,LA MESA,-117.01370239257813,32.77389144897461
91030571,2019,2019-07-15,9645,2019-07-03,0404,021731,NA,3,3,6,3702,0,1,1,NA,2,009,I-805 S/B,H ST,50,N,N,A,-,Y,NA,NA,805,NA,NA,NA,NA,NA,S,Y,4,0,1,1,A,-,08,22107,NA,N,F,A,A,A,H,-,C,D,0,NA,NA,NA,NA,Y,Y,A,01,0,0,1,0,0,0,0,0,0,-,-,32.64051818847656,-117.0559310913086,SAN DIEGO,CHULA VISTA,-117.0557861328125,32.640655517578125
91030986,2019,2019-07-15,9645,2019-07-10,1815,020180,NA,3,2,7,3711,0,1,1,NA,2,005,I-5 S/B,OLD TOWN AVE,1584,N,N,A,-,Y,NA,NA,5,NA,NA,NA,NA,NA,S,Y,4,0,1,3,A,-,03,22350,NA,N,C,C,A,A,H,-,A,D,0,NA,NA,NA,NA,Y,NA,A,07,0,0,1,0,0,0,0,0,0,-,-,32.75122833251953,-117.19725036621094,SAN DIEGO,SAN DIEGO,-117.19733428955078,32.751155853271484
91031001,2019,2019-07-15,9650,2019-07-11,1509,021327,NA,4,2,9,3700,0,3,5,NA,2,213,SOUTH GRADE RD,CANFIELD RD.,5450,S,N,A,-,N,NA,NA,NA,NA,NA,NA,NA,NA,NA,Y,2,0,1,1,A,-,08,22107,NA,N,E,I,A,A,H,-,A,D,0,NA,NA,Y,NA,Y,NA,C,02,1,0,0,0,0,0,0,0,1,-,-,33.20412063598633,-116.52349090576172,SAN DIEGO,UNINCORPORATED,-116.87176513671876,33.307342529296875
9103371,2020,2020-11-13,3706,2020-05-08,1424,1860,ESCON,5,5,6,3706,0,0,0,NA,0,045,SIMPSON WY,ANDREASEN DR,779,E,N,A,-,N,NA,NA,NA,NA,NA,NA,NA,NA,NA,N,3,0,1,2,A,-,09,21804,A,N,D,C,A,A,H,-,A,D,0,NA,NA,NA,Y,Y,NA,G,25,0,1,0,0,0,0,0,0,0,-,-,33.12192916870117,-117.10790252685548,SAN DIEGO,ESCONDIDO,-117.10530090332033,33.12102127075195
9103387,2020,2020-11-05,3700,2020-05-02,0006,SH009,NA,6,5,5,3713,0,0,0,NA,0,316,MAR VISTA DR,STONERIDGE TER,500,E,N,A,-,N,NA,NA,NA,NA,NA,NA,NA,NA,NA,Y,3,0,1,1,A,-,01,23152,A,M,E,I,A,A,H,-,D,D,0,NA,NA,NA,NA,Y,Y,D,22,0,1,0,0,0,0,0,0,0,-,-,NA,NA,SAN DIEGO,VISTA,-117.2273178100586,33.18039321899414