CASE_ID,ACCIDENT_YEAR,PROC_DATE,JURIS,COLLISION_DATE,COLLISION_TIME,OFFICER_ID,REPORTING_DISTRICT,DAY_OF_WEEK,CHP_SHIFT,POPULATION,CNTY_CITY_LOC,SPECIAL_COND,BEAT_TYPE,CHP_BEAT_TYPE,CITY_DIVISION_LAPD,CHP_BEAT_CLASS,BEAT_NUMBER,PRIMARY_RD,SECONDARY_RD,DISTANCE,DIRECTION,INTERSECTION,WEATHER_1,WEATHER_2,STATE_HWY_IND,CALTRANS_COUNTY,CALTRANS_DISTRICT,STATE_ROUTE,ROUTE_SUFFIX,POSTMILE_PREFIX,POSTMILE,LOCATION_TYPE,RAMP_INTERSECTION,SIDE_OF_HWY,TOW_AWAY,COLLISION_SEVERITY,NUMBER_KILLED,NUMBER_INJURED,PARTY_COUNT,PRIMARY_COLL_FACTOR,PCF_CODE_OF_VIOL,PCF_VIOL_CATEGORY,PCF_VIOLATION,PCF_VIOL_SUBSECTION,HIT_AND_RUN,TYPE_OF_COLLISION,MVIW,PED_ACTION,ROAD_SURFACE,ROAD_COND_1,ROAD_COND_2,LIGHTING,CONTROL_DEVICE,CHP_ROAD_TYPE,PEDESTRIAN_ACCIDENT,BICYCLE_ACCIDENT,MOTORCYCLE_ACCIDENT,TRUCK_ACCIDENT,NOT_PRIVATE_PROPERTY,ALCOHOL_INVOLVED,STWD_VEHTYPE_AT_FAULT,CHP_VEHTYPE_AT_FAULT,COUNT_SEVERE_INJ,COUNT_VISIBLE_INJ,COUNT_COMPLAINT_PAIN,COUNT_PED_KILLED,COUNT_PED_INJURED,COUNT_BICYCLIST_KILLED,COUNT_BICYCLIST_INJURED,COUNT_MC_KILLED,COUNT_MC_INJURED,PRIMARY_RAMP,SECONDARY_RAMP,LATITUDE,LONGITUDE,COUNTY,CITY,POINT_X,POINT_Y
91298750,2020,2020-09-03,9680,2020-08-25,1135,021813,NA,2,1,9,3700,0,3,5,NA,2,002,SAN FRANCISCO ST,GRAND AVE,0,NA,Y,A,-,N,NA,NA,NA,NA,NA,NA,NA,NA,NA,N,3,0,1,2,A,-,09,21802,A,N,D,C,A,A,H,-,A,A,0,NA,NA,NA,NA,Y,NA,A,01,0,1,0,0,0,0,0,0,0,-,-,32.70975112915039,-116.9975128173828,SAN DIEGO,UNINCORPORATED,-116.99745178222656,32.709720611572266
91299079,2020,2020-09-04,9680,2020-08-25,1750,021901,NA,2,2,9,3700,0,3,5,NA,2,007,GREAT SOUTHERN OVERLAND STAGE RTE,AGUA CALIENE SPRING RD.,6864,W,N,A,-,N,NA,NA,NA,NA,NA,NA,NA,NA,NA,Y,2,0,1,1,A,-,08,22107,NA,N,F,A,A,A,H,-,A,D,0,NA,NA,Y,NA,Y,NA,C,02,1,0,0,0,0,0,0,0,1,-,-,32.96969985961914,-116.31857299804688,SAN DIEGO,UNINCORPORATED,-116.3185806274414,32.969661712646484
91300528,2020,2020-09-08,9645,2020-08-29,1825,019480,NA,6,2,7,3711,0,1,1,NA,2,003,I-5 SOUTHBOUND TO SR-94 EASTBOUND,SR-94 WESTBOUND,305,N,N,A,-,Y,NA,NA,5,NA,NA,NA,R,NA,S,Y,3,0,1,2,A,-,03,22350,NA,N,C,C,A,A,H,-,A,D,0,NA,NA,NA,NA,Y,NA,A,01,0,1,0,0,0,0,0,0,0,-,-,32.714298248291016,-117.14781951904295,SAN DIEGO,SAN DIEGO,-117.14781951904295,32.714298248291016
9130193,2020,2020-10-06,3706,2020-07-08,1458,512,ESCON,3,5,6,3706,0,0,0,NA,0,055,GAMBLE LN,FELICITA RD,0,NA,Y,A,-,N,NA,NA,NA,NA,NA,NA,NA,NA,NA,Y,3,0,2,2,A,-,08,22107,NA,N,A,C,A,A,H,-,A,A,0,NA,NA,NA,NA,Y,NA,A,01,0,1,1,0,0,0,0,0,0,-,FR,NA,NA,SAN DIEGO,ESCONDIDO,-117.08432769775392,33.09278106689453
91303223,2020,2020-09-11,9680,2020-08-31,1900,020780,NA,1,2,9,3700,0,1,3,NA,1,017,SR-67 S/B,FOSTER TRUCK TRAIL,5280,S,N,A,-,Y,NA,NA,67,NA,NA,NA,NA,NA,S,Y,3,0,1,1,A,-,08,22107,NA,N,E,I,A,A,H,-,B,D,0,NA,NA,NA,NA,Y,NA,D,22,0,1,0,0,0,0,0,0,0,-,-,32.92784118652344,-116.94905090332033,SAN DIEGO,UNINCORPORATED,-116.9490203857422,32.92790985107422
91304819,2020,2020-09-15,9680,2020-09-03,0810,015410,NA,4,1,5,3781,0,1,3,NA,2,015,SR-52 W/B,MISSION GORGE RD,60,W,N,A,-,Y,NA,NA,52,NA,NA,NA,NA,NA,W,Y,4,0,1,3,A,-,03,22350,NA,M,C,C,A,A,H,-,A,D,0,NA,NA,NA,NA,Y,NA,D,22,0,0,1,0,0,0,0,0,0,-,-,32.8367805480957,-117.006103515625,SAN DIEGO,SANTEE,-117.006103515625,32.83681106567383
91305606,2020,2020-09-16,9680,2020-08-27,0423,016694,NA,4,3,9,3700,0,1,1,NA,2,084,I-8 W/B,VICTORIA DRIVE,420,W,N,A,-,Y,NA,NA,8,NA,NA,NA,NA,NA,W,Y,3,0,1,1,A,-,08,22107,NA,N,F,A,A,A,H,-,D,D,0,NA,NA,NA,Y,Y,NA,G,27,0,1,0,0,0,0,0,0,0,-,-,32.83626174926758,-116.75334167480467,SAN DIEGO,UNINCORPORATED,-116.7533721923828,32.836143493652344
91307317,2020,2020-09-18,9645,2020-08-18,1430,020474,NA,2,2,7,3711,0,1,1,NA,2,010,I-8 E/B,I-5 UNDERCROSSING,1531,W,N,A,-,Y,NA,NA,8,NA,NA,NA,NA,NA,E,Y,2,0,2,2,A,-,03,22350,NA,F,C,C,A,A,H,-,A,D,0,NA,NA,Y,NA,Y,NA,A,01,1,1,0,0,0,0,0,0,2,-,-,32.75886917114258,-117.20941162109376,SAN DIEGO,SAN DIEGO,-117.20941925048828,32.758934020996094
9130758,2020,2020-10-06,3705,2020-07-17,0919,WX0219,NA,5,5,5,3705,0,0,0,NA,0,002,BROADWAY,CHERRYWOOD DR,315,W,N,A,-,N,NA,NA,NA,NA,NA,NA,NA,NA,NA,NA,4,0,1,2,A,-,21,22106,NA,N,G,B,E,A,H,-,A,D,0,Y,NA,NA,NA,Y,NA,A,07,0,0,1,0,1,0,0,0,0,-,-,NA,NA,SAN DIEGO,EL CAJON,-116.95475769042967,32.80768966674805
91308055,2020,2020-09-28,9680,2020-08-26,0943,018356,NA,3,1,9,3700,0,2,4,NA,1,032,LA CRESTA RD,MOUNTAIN VIEW RD,3696,W,N,A,-,N,NA,NA,NA,NA,NA,NA,NA,NA,NA,Y,4,0,3,2,A,-,01,23152,F,N,B,C,A,A,H,-,A,D,0,NA,NA,NA,NA,Y,NA,A,01,0,0,3,0,0,0,0,0,0,-,-,32.812191009521484,-116.87441253662108,SAN DIEGO,UNINCORPORATED,-116.87346649169922,32.812599182128906
91310719,2020,2020-09-24,9645,2020-09-23,1720,016864,NA,3,2,7,3711,0,1,1,NA,2,015,I-805 S/B,NOBEL DRIVE O/C,600,S,N,A,-,Y,NA,NA,805,NA,NA,NA,NA,NA,S,Y,3,0,1,4,A,-,03,22350,NA,N,C,C,A,A,H,-,A,D,0,NA,NA,NA,NA,Y,NA,A,01,0,1,0,0,0,0,0,0,0,-,-,32.867271423339844,-117.19268798828124,SAN DIEGO,SAN DIEGO,-117.19268798828124,32.867271423339844
9131152,2020,2020-09-25,3711,2020-07-17,1602,SD7574,NA,5,5,7,3711,0,0,0,NA,0,615,CANON ST,AKRON ST,0,NA,Y,A,-,N,NA,NA,NA,NA,NA,NA,NA,NA,NA,Y,4,0,1,2,A,-,08,22107,NA,N,C,E,A,A,H,-,A,D,0,NA,NA,Y,Y,Y,NA,C,02,0,0,1,0,0,0,0,0,1,-,-,NA,NA,SAN DIEGO,SAN DIEGO,-117.23626708984376,32.72446823120117
91315009,2020,2020-09-30,9680,2020-09-18,1430,022161,NA,5,2,9,3700,0,1,3,NA,1,040,SR-94 (CAMPO RD.),BARRET SMITH RD.,25,W,N,A,-,Y,NA,NA,94,NA,NA,NA,NA,NA,NA,N,4,0,1,2,A,-,03,22350,NA,N,C,C,A,A,H,-,A,D,0,NA,NA,NA,NA,Y,NA,A,01,0,0,1,0,0,0,0,0,0,-,-,32.59933090209961,-116.6816177368164,SAN DIEGO,UNINCORPORATED,-116.68158721923828,32.5993537902832
9131591,2020,2020-09-18,3711,2020-07-01,1811,SD6686,NA,3,5,7,3711,0,0,0,NA,0,311,MURRAY RIDGE RD,LARKDALE AV,0,NA,Y,A,-,N,NA,NA,NA,NA,NA,NA,NA,NA,NA,Y,3,0,1,2,A,-,09,21801,A,N,D,C,A,A,H,-,A,D,0,NA,NA,Y,Y,Y,NA,F,21,0,1,0,0,0,0,0,0,1,-,-,NA,NA,SAN DIEGO,SAN DIEGO,-117.14192962646484,32.80152130126953
9131796,2020,2020-10-06,3711,2020-07-26,2045,SD1000,NA,7,5,7,3711,0,0,0,NA,0,123,INGRAHAM ST,SEA WORLD DR,200,S,N,A,-,N,NA,NA,NA,NA,NA,NA,NA,NA,NA,Y,4,0,1,2,A,-,04,21703,NA,N,C,C,A,A,H,-,C,D,0,NA,NA,NA,NA,Y,NA,A,07,0,0,1,0,0,0,0,0,0,-,-,NA,NA,SAN DIEGO,SAN DIEGO,-117.22947692871094,32.761070251464844
9131797,2020,2020-10-06,3711,2020-07-26,1135,SD7831,NA,7,5,7,3711,0,0,0,NA,0,527,PACIFIC HWY,WEST GRAPE ST,0,NA,Y,A,-,N,NA,NA,NA,NA,NA,NA,NA,NA,NA,N,3,0,2,2,D,-,00,NA,NA,N,D,C,A,A,H,-,A,A,0,NA,NA,NA,NA,Y,NA,-,-,0,1,1,0,0,0,0,0,0,-,-,NA,NA,SAN DIEGO,SAN DIEGO,-117.17156982421876,32.72460174560547
91318735,2020,2020-10-06,9650,2020-09-25,1203,017392,NA,5,1,9,3700,0,1,1,NA,2,003,I-5 S/B FROM LAS FLORES VIEWPOINT,LAS PULGAS RD,6864,N,N,A,-,Y,NA,NA,5,NA,NA,NA,R,NA,S,Y,4,0,1,1,A,-,01,23152,F,N,E,I,A,A,H,-,A,D,0,NA,NA,NA,NA,Y,NA,A,07,0,0,1,0,0,0,0,0,0,-,-,33.31330108642578,-117.48210144042967,SAN DIEGO,UNINCORPORATED,-117.48210144042967,33.31330108642578
91320745,2020,2020-10-09,9680,2020-09-30,0850,021901,NA,3,1,9,3700,0,1,3,NA,1,052,SR-78,GREAT SOUTHERN OVERLAND STAGE RTE,5280,W,N,A,-,Y,NA,NA,78,NA,NA,NA,NA,NA,NA,Y,3,0,1,1,A,-,08,22107,NA,N,E,I,A,A,H,-,A,D,0,NA,NA,NA,NA,Y,NA,A,07,0,1,0,0,0,0,0,0,0,-,-,33.09389114379883,-116.48338317871094,SAN DIEGO,UNINCORPORATED,-116.48336029052734,33.093833923339844
91322577,2020,2020-10-13,9650,2020-10-11,0210,019766,NA,7,3,5,3713,0,1,3,NA,2,017,SR-78 WESTBOUND,CIVIC CENTER DRIVE,75,E,N,A,-,Y,NA,NA,78,NA,NA,NA,NA,NA,W,Y,4,0,1,2,A,-,03,22350,NA,N,B,C,A,A,H,-,D,D,0,NA,NA,NA,NA,Y,NA,D,22,0,0,1,0,0,0,0,0,0,-,-,33.18907928466797,-117.23905181884766,SAN DIEGO,VISTA,-117.2390594482422,33.18906021118164
91323548,2020,2020-10-14,9645,2020-10-10,0047,020165,NA,6,3,7,3711,0,1,1,NA,2,017,I-15 S/B,POWAY ROAD,700,N,N,A,-,Y,NA,NA,15,NA,NA,NA,NA,NA,S,Y,3,0,1,2,A,-,01,23152,A,N,C,C,A,A,H,-,C,D,0,NA,NA,NA,NA,Y,Y,A,01,0,1,0,0,0,0,0,0,0,-,-,32.95444869995117,-117.10208892822266,SAN DIEGO,SAN DIEGO,-117.10193634033205,32.954345703125
91324686,2020,2020-10-15,9645,2020-02-11,0219,016047,NA,2,3,5,3709,0,1,1,NA,2,001,I-5 NORTHBOUND TO SR-54 EASTBOUND,NATIONAL CITY BOULEVARD,1095,W,N,A,-,Y,NA,NA,NA,NA,NA,NA,NA,NA,NA,Y,1,1,0,1,A,-,01,23152,A,N,F,A,A,A,H,-,C,D,0,NA,NA,NA,NA,Y,Y,A,01,0,0,0,0,0,0,0,0,0,-,-,32.6513786315918,-117.0993194580078,SAN DIEGO,NATIONAL CITY,-117.11215972900392,32.68519973754883
91324716,2020,2020-12-08,9650,2020-09-12,1503,019594,NA,6,2,6,3710,0,1,3,NA,2,015,SR-78 W/B,COLLEGE BLVD,13,E,N,A,-,Y,NA,NA,78,NA,NA,NA,NA,NA,W,Y,1,1,0,2,A,-,01,23152,G,N,E,I,A,A,H,-,A,D,0,NA,NA,NA,NA,Y,Y,A,01,0,0,0,0,0,0,0,0,0,-,-,33.183380126953125,-117.29624938964844,SAN DIEGO,OCEANSIDE,-117.29624176025392,33.1832389831543
91326029,2020,2020-10-19,9645,2020-10-10,0143,021639,NA,6,3,7,3711,0,1,1,NA,2,017,I-15 SOUTHBOUND,MIRA MESA BLVD,13,N,N,A,-,Y,NA,NA,15,NA,NA,NA,NA,NA,S,Y,3,0,1,1,A,-,08,22107,NA,N,E,I,A,A,H,-,D,D,0,NA,NA,NA,NA,Y,NA,A,07,0,1,0,0,0,0,0,0,0,-,-,32.91701126098633,-117.11660003662108,SAN DIEGO,SAN DIEGO,-117.11632537841795,32.9169921875
91329009,2020,2020-10-21,9680,2020-10-11,1950,022233,NA,7,2,9,3700,0,3,5,NA,2,005,WYNOLA RD,JULIAN ORCHARDS DR,6336,W,N,A,-,N,NA,NA,NA,NA,NA,NA,NA,NA,NA,Y,4,0,1,1,A,-,01,23152,A,N,E,I,A,A,H,-,D,D,0,NA,NA,NA,NA,Y,Y,A,01,0,0,1,0,0,0,0,0,0,-,-,33.096771240234375,-116.61937713623048,SAN DIEGO,UNINCORPORATED,-116.61603546142578,33.09638977050781
91331311,2020,2020-10-26,9680,2020-10-18,1945,021441,NA,7,2,4,3720,0,1,3,NA,2,027,SR-94 W/B TO COLLEGE AVE.,COLLEGE AVE,24,E,N,A,-,Y,NA,NA,94,NA,NA,NA,R,NA,W,N,4,0,1,2,A,-,03,22350,NA,N,C,C,A,A,H,-,D,A,0,NA,NA,NA,NA,Y,NA,A,01,0,0,1,0,0,0,0,0,0,-,-,32.742401123046875,-117.0509033203125,SAN DIEGO,LEMON GROVE,-117.0509033203125,32.742401123046875
91331531,2020,2020-10-26,9680,2020-10-14,1425,018801,NA,3,2,5,3708,0,1,3,NA,2,028,I-8 E/B FROM SR-125 S/B,EAST EDGE OF SR-125 N/B O/C,22,W,N,A,-,Y,NA,NA,8,NA,NA,NA,R,NA,E,Y,3,0,1,1,A,-,01,23152,A,N,E,I,A,A,H,-,A,D,0,NA,NA,NA,NA,Y,Y,D,22,0,1,0,0,0,0,0,0,0,-,-,32.777488708496094,-117.00328826904295,SAN DIEGO,LA MESA,-117.00328826904295,32.777488708496094
91335514,2020,2020-10-30,9680,2020-10-20,1700,015983,NA,2,2,9,3700,0,1,3,NA,1,017,SR-67,WILLOW ROAD,120,N,N,A,-,Y,NA,NA,67,NA,NA,NA,NA,NA,NA,N,4,0,2,2,A,-,21,22106,NA,N,C,C,A,A,H,-,A,A,0,NA,NA,NA,NA,Y,NA,D,22,0,0,2,0,0,0,0,0,0,-,-,32.87424850463867,-116.924560546875,SAN DIEGO,UNINCORPORATED,-116.92448425292967,32.874267578125
91336303,2020,2020-11-02,9650,2020-10-25,0121,021698,NA,7,3,9,3700,0,1,1,NA,2,001,I-5 S/B,BASILONE RD,14784,S,N,A,-,Y,NA,NA,5,NA,NA,NA,NA,NA,S,Y,2,0,1,2,A,-,03,22350,NA,N,C,C,A,A,H,-,C,D,0,NA,NA,Y,NA,Y,NA,C,02,1,0,0,0,0,0,0,0,1,-,-,33.36381912231445,-117.54213714599608,SAN DIEGO,UNINCORPORATED,-117.54215240478516,33.363807678222656
91336829,2020,2020-11-02,9650,2020-10-26,0636,015446,NA,1,1,9,3700,0,3,5,NA,1,160,GOPHER CANYON ROAD,TWIN OAKS VALLEY ROAD,50,E,N,A,-,N,NA,NA,NA,NA,NA,NA,NA,NA,NA,N,4,0,2,2,A,-,03,22350,NA,F,C,C,A,A,H,-,A,D,0,NA,NA,NA,NA,Y,NA,A,01,0,0,2,0,0,0,0,0,0,-,-,33.25246047973633,-117.18383026123048,SAN DIEGO,UNINCORPORATED,-117.18377685546876,33.252742767333984
9133723,2020,2020-09-22,3711,2020-07-31,1354,SD5747,NA,5,5,7,3711,0,0,0,NA,0,614,SUNSET CLIFFS BL,WEST POINT LOMA BL,21,N,N,A,-,N,NA,NA,NA,NA,NA,NA,NA,NA,NA,N,4,0,1,2,A,-,09,21800,B,N,D,C,A,A,H,-,A,D,0,NA,NA,Y,NA,Y,NA,A,01,0,0,1,0,0,0,0,0,1,-,-,NA,NA,SAN DIEGO,SAN DIEGO,-117.24222564697266,32.75098419189453
91337360,2020,2020-11-03,9680,2020-10-22,2055,018801,NA,4,2,5,3705,0,1,1,NA,2,082,I-8 E/B TO NORTH JOHNSON AVE,NORTH JOHNSON AVE,30,W,N,A,-,Y,NA,NA,8,NA,NA,NA,R,NA,E,N,4,0,1,2,A,-,03,22350,NA,N,C,C,A,A,H,-,C,A,0,NA,NA,NA,NA,Y,NA,A,01,0,0,1,0,0,0,0,0,0,-,-,32.80228042602539,-116.9712371826172,SAN DIEGO,EL CAJON,-116.9712371826172,32.80228042602539
91338159,2020,2020-11-03,9650,2020-10-30,1622,020497,NA,5,2,5,3713,0,1,3,NA,2,017,SR-78 W/B FROM CIVIC CENTER DR.,CIVIC CENTER DR,367,W,N,A,-,Y,NA,NA,78,NA,NA,NA,R,NA,W,Y,4,0,2,3,A,-,01,23152,A,N,C,C,A,A,H,-,A,D,0,NA,NA,NA,NA,Y,Y,A,01,0,0,2,0,0,0,0,0,0,-,-,33.19002914428711,-117.24031829833984,SAN DIEGO,VISTA,-117.24031829833984,33.19002914428711
91338310,2020,2020-11-03,9645,2020-10-30,2034,020992,NA,5,2,7,3711,0,1,1,NA,2,003,I-5 NORTHBOUND FROM 1ST AVE,1ST AVE,20,N,N,A,-,Y,NA,NA,5,NA,NA,NA,R,NA,N,Y,4,0,1,1,A,-,01,23152,F,N,E,I,A,A,H,-,C,D,0,NA,NA,NA,NA,Y,NA,A,07,0,0,1,0,0,0,0,0,0,-,-,32.724098205566406,-117.16400146484376,SAN DIEGO,SAN DIEGO,-117.16400146484376,32.724098205566406
91338518,2020,2020-11-03,9650,2020-10-30,1220,018950,NA,5,1,9,3700,0,3,5,NA,2,170,SOUTH SANTA FE AVENUE,SMILAX ROAD,646,N,N,A,-,N,NA,NA,NA,NA,NA,NA,NA,NA,NA,N,4,0,1,2,A,-,09,21804,A,N,D,C,A,A,H,-,A,D,0,NA,NA,NA,NA,Y,NA,D,22,0,0,1,0,0,0,0,0,0,-,-,33.16350173950195,-117.20542907714844,SAN DIEGO,UNINCORPORATED,-117.20537567138672,33.16350173950195
91339441,2020,2020-11-04,9680,2020-10-24,0848,018672,NA,6,1,9,3700,0,3,5,NA,2,009,DAY STREET,LA BREA STREET,0,NA,Y,A,-,N,NA,NA,NA,NA,NA,NA,NA,NA,NA,Y,2,0,4,2,A,-,09,21803,A,N,D,C,A,A,H,-,A,A,0,NA,NA,NA,NA,Y,NA,A,01,1,1,2,0,0,0,0,0,0,-,-,33.03678894042969,-116.88220977783205,SAN DIEGO,UNINCORPORATED,-116.8822021484375,33.03657150268555
91340165,2020,2020-11-05,9645,2020-11-05,0035,021735,NA,4,3,7,3711,0,1,1,NA,2,010,I-8 W/B,FAIRMOUNT AVENUE,245,W,N,A,-,Y,NA,NA,NA,NA,NA,NA,NA,NA,NA,Y,3,0,1,1,A,-,08,22107,NA,N,E,I,A,A,H,-,C,D,0,NA,NA,NA,NA,Y,NA,A,07,0,1,0,0,0,0,0,0,0,-,-,NA,NA,SAN DIEGO,SAN DIEGO,-117.10212707519533,32.77908706665039
91341092,2020,2020-11-06,9680,2020-10-30,1450,021441,NA,5,2,9,3700,0,1,3,NA,1,024,SR-94 (CAMPO RD.),SR-54 (JAMACHA BLVD.),0,NA,Y,A,-,Y,NA,NA,94,NA,NA,NA,NA,NA,NA,N,4,0,1,2,A,-,12,21453,A,N,D,C,A,A,H,-,A,A,0,NA,NA,NA,NA,Y,NA,D,22,0,0,1,0,0,0,0,0,0,-,-,32.739601135253906,-116.94249725341795,SAN DIEGO,UNINCORPORATED,-116.94252777099608,32.739593505859375
91343999,2020,2020-11-12,9680,2020-11-01,1720,017011,NA,7,2,4,3720,0,1,3,NA,2,027,SR-94 W/B,COLLEGE AVE,178,W,N,A,-,Y,NA,NA,94,NA,NA,NA,NA,NA,W,Y,3,0,1,1,A,-,08,22107,NA,N,F,A,A,A,H,-,C,D,0,NA,NA,Y,NA,Y,NA,C,02,0,1,0,0,0,0,0,0,1,-,-,32.74161148071289,-117.05133056640624,SAN DIEGO,LEMON GROVE,-117.05135345458984,32.741641998291016
9134438,2020,2020-10-13,3711,2020-08-09,1515,SD1066,NA,7,5,7,3711,0,0,0,NA,0,813,MEADE AV,BOUNDARY ST,0,NA,Y,A,-,N,NA,NA,NA,NA,NA,NA,NA,NA,NA,Y,4,0,1,2,A,-,12,21453,A,M,D,C,A,A,H,-,A,A,0,NA,NA,NA,Y,Y,NA,F,26,0,0,1,0,0,0,0,0,0,-,-,NA,NA,SAN DIEGO,SAN DIEGO,-117.12648010253906,32.75727844238281
91345423,2020,2020-11-16,9650,2020-11-08,2341,020343,NA,7,3,5,3713,0,1,3,NA,2,017,SR-78 WB,MAR VISTA DR,10560,E,N,C,-,Y,NA,NA,78,NA,NA,NA,NA,NA,W,Y,2,0,1,1,A,-,01,23152,A,N,E,I,A,B,H,-,C,D,0,NA,NA,NA,NA,Y,Y,A,01,1,0,0,0,0,0,0,0,0,-,-,33.17824935913086,-117.22828674316406,SAN DIEGO,VISTA,-117.22825622558594,33.17827224731445
91345749,2020,2020-11-16,9680,2020-11-10,1725,019910,NA,2,2,9,3700,0,2,4,NA,1,013,WILLOW RD,WILDCAT CANYON RD,0,NA,Y,A,-,N,NA,NA,NA,NA,NA,NA,NA,NA,NA,N,4,0,1,2,A,-,09,21800,A,N,D,C,A,A,H,-,D,A,0,NA,NA,NA,NA,Y,NA,A,07,0,0,1,0,0,0,0,0,0,-,-,32.87504959106445,-116.91002655029295,SAN DIEGO,UNINCORPORATED,-116.90995025634766,32.87506866455078
91347128,2020,2020-11-17,9650,2020-11-08,0300,018950,NA,7,3,9,3700,0,3,5,NA,2,231,BEAR VALLEY PKWY,OLD SPANISH TRAIL,467,N,N,B,C,N,NA,NA,NA,NA,NA,NA,NA,NA,NA,Y,3,0,1,1,A,-,08,22107,NA,N,E,I,A,B,H,-,C,D,0,NA,NA,NA,NA,Y,Y,D,22,0,1,0,0,0,0,0,0,0,-,-,33.08919143676758,-117.05835723876952,SAN DIEGO,UNINCORPORATED,-117.05843353271484,33.08964920043945
91348654,2020,2020-11-19,9645,2020-11-13,1435,020992,NA,5,2,7,3711,0,1,1,NA,2,009,I-805 NORTHBOUND TO 43RD STREET,43RD STREET,100,E,N,A,-,Y,NA,NA,NA,NA,NA,NA,NA,NA,NA,N,4,0,1,2,A,-,03,22350,NA,N,C,C,A,A,H,-,A,D,0,NA,NA,NA,NA,Y,NA,A,01,0,0,1,0,0,0,0,0,0,-,-,32.69169998168945,-117.10169982910156,SAN DIEGO,SAN DIEGO,NA,NA
9135037,2020,2020-10-15,3711,2020-08-01,1331,SD7580,NA,6,5,7,3711,0,0,0,NA,0,722,SATURN BL,PALM AV,0,NA,Y,A,-,N,NA,NA,NA,NA,NA,NA,NA,NA,NA,Y,4,0,1,2,A,-,03,22350,NA,N,E,D,A,A,H,-,A,D,0,NA,NA,Y,NA,Y,NA,C,02,0,0,1,0,0,0,0,0,1,-,-,NA,NA,SAN DIEGO,SAN DIEGO,-117.09262847900392,32.583740234375
9135040,2020,2020-10-13,3711,2020-08-02,1240,SD5245,NA,7,5,7,3711,0,0,0,NA,0,124,LA JOLLA SHORES DR,BIOLOGICAL GRADE,250,S,N,A,-,N,NA,NA,NA,NA,NA,NA,NA,NA,NA,N,4,0,1,2,A,-,08,22107,NA,M,G,B,E,A,H,-,A,D,0,Y,NA,NA,NA,Y,NA,-,99,0,0,1,0,1,0,0,0,0,-,-,NA,NA,SAN DIEGO,SAN DIEGO,-117.25165557861328,32.86962890625
91350429,2020,2021-02-09,9645,2020-07-14,2120,018678,NA,2,2,9,3700,0,1,3,NA,2,008,STATE ROUTE 54 (SR-54) WESTBOUND,PLAZA BONITA CENTER WAY O/C,1647,E,N,A,-,Y,NA,NA,54,NA,NA,NA,NA,NA,W,Y,1,1,3,3,A,-,08,22107,NA,F,F,A,A,A,H,-,D,D,0,NA,NA,NA,NA,Y,NA,D,22,3,0,0,0,0,0,0,0,0,-,-,32.666629791259766,-117.05088806152344,SAN DIEGO,UNINCORPORATED,-117.05089569091795,32.66664505004883
91350840,2020,2020-11-23,9650,2020-11-13,0850,017392,NA,5,1,5,3713,0,1,3,NA,2,017,SR-78 W/B,SYCAMORE AVE,528,E,N,A,-,Y,NA,NA,78,NA,NA,NA,NA,NA,W,N,4,0,1,2,A,-,03,22350,NA,N,C,C,A,A,H,-,A,D,0,NA,NA,NA,NA,Y,NA,D,22,0,0,1,0,0,0,0,0,0,-,-,33.16474151611328,-117.212646484375,SAN DIEGO,VISTA,-117.2126235961914,33.16476058959961
91351157,2020,2020-11-23,9680,2020-11-08,0135,021944,NA,7,3,9,3700,0,1,3,NA,2,028,SR 125 NB,TROY ST,140,N,N,A,-,Y,NA,NA,125,NA,NA,NA,NA,NA,N,Y,4,0,1,3,C,-,18,NA,NA,F,C,C,A,A,H,-,D,D,0,NA,NA,NA,NA,Y,Y,-,-,0,0,1,0,0,0,0,0,0,-,-,32.73704147338867,-117.0156707763672,SAN DIEGO,UNINCORPORATED,-117.0156707763672,32.73704147338867
91351895,2020,2020-11-23,9645,2020-11-15,0400,021768,NA,7,3,7,3711,0,1,1,NA,2,017,I-15 N/B,H AVE. O/C,1000,N,N,A,-,Y,NA,NA,15,NA,NA,NA,NA,NA,N,Y,3,0,1,1,A,-,08,22107,NA,N,E,I,A,A,H,-,D,D,0,NA,NA,NA,NA,Y,NA,A,01,0,1,0,0,0,0,0,0,0,-,-,32.85770034790039,-117.11280059814452,SAN DIEGO,SAN DIEGO,-117.11268615722656,32.857635498046875
91351933,2020,2020-11-24,9645,2020-11-18,1710,017953,NA,3,2,7,3711,0,1,1,NA,2,011,I-805 S/B,LANDIS STREET O/C,100,S,N,A,-,Y,NA,NA,805,NA,NA,NA,NA,NA,S,Y,3,0,1,1,A,-,08,22107,NA,N,F,A,A,A,H,-,D,D,0,NA,NA,Y,NA,Y,NA,C,02,0,1,0,0,0,0,0,0,1,-,-,32.74559020996094,-117.1200714111328,SAN DIEGO,SAN DIEGO,-117.12012481689452,32.74554443359375