CASE_ID,ACCIDENT_YEAR,PROC_DATE,JURIS,COLLISION_DATE,COLLISION_TIME,OFFICER_ID,REPORTING_DISTRICT,DAY_OF_WEEK,CHP_SHIFT,POPULATION,CNTY_CITY_LOC,SPECIAL_COND,BEAT_TYPE,CHP_BEAT_TYPE,CITY_DIVISION_LAPD,CHP_BEAT_CLASS,BEAT_NUMBER,PRIMARY_RD,SECONDARY_RD,DISTANCE,DIRECTION,INTERSECTION,WEATHER_1,WEATHER_2,STATE_HWY_IND,CALTRANS_COUNTY,CALTRANS_DISTRICT,STATE_ROUTE,ROUTE_SUFFIX,POSTMILE_PREFIX,POSTMILE,LOCATION_TYPE,RAMP_INTERSECTION,SIDE_OF_HWY,TOW_AWAY,COLLISION_SEVERITY,NUMBER_KILLED,NUMBER_INJURED,PARTY_COUNT,PRIMARY_COLL_FACTOR,PCF_CODE_OF_VIOL,PCF_VIOL_CATEGORY,PCF_VIOLATION,PCF_VIOL_SUBSECTION,HIT_AND_RUN,TYPE_OF_COLLISION,MVIW,PED_ACTION,ROAD_SURFACE,ROAD_COND_1,ROAD_COND_2,LIGHTING,CONTROL_DEVICE,CHP_ROAD_TYPE,PEDESTRIAN_ACCIDENT,BICYCLE_ACCIDENT,MOTORCYCLE_ACCIDENT,TRUCK_ACCIDENT,NOT_PRIVATE_PROPERTY,ALCOHOL_INVOLVED,STWD_VEHTYPE_AT_FAULT,CHP_VEHTYPE_AT_FAULT,COUNT_SEVERE_INJ,COUNT_VISIBLE_INJ,COUNT_COMPLAINT_PAIN,COUNT_PED_KILLED,COUNT_PED_INJURED,COUNT_BICYCLIST_KILLED,COUNT_BICYCLIST_INJURED,COUNT_MC_KILLED,COUNT_MC_INJURED,PRIMARY_RAMP,SECONDARY_RAMP,LATITUDE,LONGITUDE,COUNTY,CITY,POINT_X,POINT_Y
91736393,2022,2022-03-29,9650,2022-03-26,2200,019191,NA,6,3,9,3700,0,3,5,NA,2,006,AMMUNITION ROAD,S. MISSION ROAD,650,W,N,A,-,N,NA,NA,NA,NA,NA,NA,NA,NA,NA,Y,3,0,1,2,A,-,03,22350,NA,N,D,C,A,A,H,-,C,D,0,NA,NA,Y,NA,Y,NA,C,02,0,1,0,0,0,0,0,0,1,-,-,33.37110137939453,-117.25462341308594,SAN DIEGO,UNINCORPORATED,-117.25442504882813,33.371150970458984
91737312,2022,2022-03-30,9645,2022-03-19,1557,022739,NA,6,2,7,3711,0,1,3,NA,2,023,SR-163 S/B,UNIVERSITY AVE. O/C,42,S,N,A,-,Y,SD,NA,163,NA,NA,2.591,H,NA,L,Y,4,0,1,3,A,-,03,22350,NA,N,C,C,A,A,H,-,A,D,0,NA,NA,NA,NA,Y,NA,A,01,0,0,1,0,0,0,0,0,0,-,-,32.7481803894043,-117.15611267089844,SAN DIEGO,SAN DIEGO,-117.15608978271484,32.74817657470703
91737542,2022,2022-03-30,9680,2022-03-20,0735,021646,NA,7,1,9,3700,0,1,1,NA,2,086,I-8 WESTBOUND,MCCAIN VALLEY ROAD,335,E,N,A,-,Y,SD,NA,8,NA,R,67.905,H,NA,L,Y,3,0,1,2,A,-,01,23152,A,N,C,C,A,A,H,-,A,D,0,NA,NA,NA,NA,Y,Y,A,01,0,1,0,0,0,0,0,0,0,-,-,32.66781997680664,-116.25888824462892,SAN DIEGO,UNINCORPORATED,-116.25888824462892,32.66782760620117
9173867,2020,2020-10-28,3702,2020-09-30,1100,CV1004,NA,3,5,6,3702,0,0,0,NA,0,041,WEAVERVILLE ST,MT MACLURE ST,250,S,N,A,-,N,NA,NA,NA,NA,NA,NA,NA,NA,NA,Y,4,0,1,2,A,-,03,22350,NA,N,F,E,A,A,H,-,A,D,0,NA,NA,NA,NA,Y,NA,A,01,0,0,1,0,0,0,0,0,0,-,-,NA,NA,SAN DIEGO,CHULA VISTA,-117.00066375732422,32.61902618408203
9173887,2020,2020-10-28,3702,2020-08-08,1923,CV1254,NA,6,5,6,3702,0,0,0,NA,0,022,3RD AV,KENNEDY ST,0,NA,Y,A,-,N,NA,NA,NA,NA,NA,NA,NA,NA,NA,Y,3,0,1,2,A,-,09,21804,A,N,D,C,A,A,H,-,B,D,0,NA,NA,NA,NA,Y,NA,A,01,0,1,0,0,0,0,0,0,0,-,-,NA,NA,SAN DIEGO,CHULA VISTA,-117.06707000732422,32.608489990234375
9173891,2020,2020-10-27,3702,2020-08-07,1757,CV1254,NA,5,5,6,3702,0,0,0,NA,0,024,MAIN ST,SYCAMORE DR,450,E,N,A,-,N,NA,NA,NA,NA,NA,NA,NA,NA,NA,Y,3,0,2,4,A,-,08,22107,NA,N,B,E,D,A,H,-,B,D,0,Y,NA,NA,NA,Y,NA,A,01,0,2,0,0,1,0,0,0,0,-,-,NA,NA,SAN DIEGO,CHULA VISTA,-117.04539489746094,32.594730377197266
91741332,2022,2022-04-05,9645,2022-03-28,1630,022814,NA,1,2,5,3709,0,1,1,NA,2,001,I-5 NORTHBOUND,W. 18TH STREET,129,N,N,B,C,Y,SD,NA,5,NA,R,10.471,H,NA,R,Y,3,0,2,2,A,-,03,22350,NA,N,C,C,A,B,H,-,A,D,0,NA,NA,NA,NA,Y,NA,A,01,0,1,1,0,0,0,0,0,0,-,-,32.66579818725586,-117.11022186279295,SAN DIEGO,NATIONAL CITY,-117.11017608642578,32.66581344604492
91745593,2022,2022-04-11,9650,2022-04-09,1600,021933,NA,6,2,9,3700,0,3,5,NA,1,212,LILAC RD,CANDLE WAY,193,E,N,A,-,N,NA,NA,NA,NA,NA,NA,NA,NA,NA,Y,2,0,1,1,A,-,01,23152,A,N,F,A,A,A,H,-,A,D,0,NA,NA,NA,NA,Y,Y,D,22,1,0,0,0,0,0,0,0,0,-,-,33.22943115234375,-117.04318237304688,SAN DIEGO,UNINCORPORATED,-117.04513549804688,33.2317008972168
91746640,2022,2022-04-12,9650,2022-04-10,1545,018386,NA,7,2,9,3700,0,1,1,NA,2,022,I-15 S/B,MISSION RD,2112,N,N,B,-,Y,NA,NA,NA,NA,NA,NA,NA,NA,NA,Y,3,0,1,1,A,-,08,22107,NA,N,F,A,A,A,H,-,A,D,0,NA,NA,Y,NA,Y,NA,C,02,0,1,0,0,0,0,0,0,1,-,-,33.39276885986328,-117.14115142822266,SAN DIEGO,UNINCORPORATED,-117.17461395263672,33.390377044677734
91747385,2022,2022-04-13,9680,2022-04-02,0235,021944,NA,6,3,5,3705,0,1,1,NA,2,081,I-8 WB TO SR-67 NB,MAGNOLIA AVENUE,360,E,N,A,-,Y,NA,NA,NA,NA,NA,NA,NA,NA,NA,Y,4,0,1,1,A,-,08,22107,NA,N,E,I,A,A,H,-,D,A,0,NA,NA,NA,NA,Y,NA,A,08,0,0,1,0,0,0,0,0,0,-,-,32.80390930175781,-116.96109008789063,SAN DIEGO,EL CAJON,-116.96109008789063,32.80390930175781
9174985,2020,2020-12-21,3711,2020-10-26,0622,SD7514,NA,1,5,7,3711,0,0,0,NA,0,713,SIEMPRE VIVA RD,RT 905,0,NA,Y,A,-,Y,SD,11,905,-,R,11.227,R,3,W,N,3,0,1,2,A,-,10,21950,A,N,D,G,A,A,H,-,B,A,0,NA,Y,NA,NA,Y,NA,A,07,0,1,0,0,0,0,1,0,0,-,WO,NA,NA,SAN DIEGO,SAN DIEGO,-116.94127655029295,32.55726623535156
91749857,2022,2022-04-18,9650,2022-04-03,1630,019480,NA,7,2,9,3700,0,1,1,NA,2,001,I-5 NORTHBOUND,BASILONE ROAD O/C,115,S,N,B,-,Y,NA,NA,NA,NA,NA,NA,NA,NA,NA,Y,4,0,1,3,A,-,03,22350,NA,N,C,C,A,A,H,-,A,D,0,NA,NA,NA,NA,Y,NA,A,01,0,0,1,0,0,0,0,0,0,-,-,NA,NA,SAN DIEGO,UNINCORPORATED,-117.5847396850586,33.386390686035156
9175715,2020,2020-12-03,3710,2020-10-10,1227,OC1185,NA,6,5,6,3710,0,0,0,NA,0,009,VISTA WY,S DITMAR ST,0,NA,Y,A,-,N,NA,NA,NA,NA,NA,NA,NA,NA,NA,Y,4,0,1,2,A,-,08,22107,NA,N,A,C,A,A,H,-,A,A,0,NA,NA,NA,NA,Y,NA,A,01,0,0,1,0,0,0,0,0,0,-,-,NA,NA,SAN DIEGO,OCEANSIDE,-117.35758209228516,33.17327117919922
91757721,2022,2022-04-27,9645,2022-04-19,0455,021651,NA,2,3,7,3711,0,1,3,NA,2,008,SR-54 W/B TO I-5 N/B,I-5,500,E,N,A,-,Y,SD,NA,54,NA,NA,0.182,H,NA,L,N,4,0,1,3,A,-,03,22350,NA,N,C,C,A,A,H,-,D,D,0,NA,NA,NA,NA,Y,NA,A,01,0,0,1,0,0,0,0,0,0,-,-,32.65279006958008,-117.10179138183594,SAN DIEGO,SAN DIEGO,-117.10171508789063,32.65252685546875
91757945,2022,2022-04-27,9645,2022-04-12,1145,015676,NA,2,1,7,3711,0,1,3,NA,2,023,SR-163 S/B,I-5,1500,N,N,A,-,Y,SD,NA,163,NA,NA,1.364,H,NA,L,N,4,0,1,3,A,-,08,22107,NA,M,B,C,A,A,H,-,A,D,0,NA,NA,NA,NA,Y,NA,A,01,0,0,1,0,0,0,0,0,0,-,-,32.73067855834961,-117.1545867919922,SAN DIEGO,SAN DIEGO,-117.15465545654295,32.73068618774414
91759177,2022,2022-04-28,9680,2022-04-18,0615,021584,NA,1,1,9,3700,0,1,3,NA,1,052,STATE ROUTE 78,MASTROS TRAILER PARK ROAD,1584,W,N,A,-,Y,SD,NA,78,NA,NA,66.698,H,NA,R,Y,3,0,1,1,C,-,18,NA,NA,N,H,H,A,A,H,-,A,D,0,NA,NA,NA,NA,Y,NA,-,-,0,1,0,0,0,0,0,0,0,-,-,33.08137893676758,-116.52263641357422,SAN DIEGO,UNINCORPORATED,-116.52262878417967,33.08134841918945
91761017,2022,2022-04-29,9645,2022-04-28,0840,020165,NA,4,1,7,3711,0,1,3,NA,2,012,SR-52 WESTBOUND,I-5,1000,E,N,B,-,Y,SD,NA,52,NA,NA,0.716,H,NA,L,Y,4,0,2,2,A,-,03,22350,NA,N,C,C,A,A,H,-,A,D,0,NA,NA,NA,NA,Y,NA,A,07,0,0,2,0,0,0,0,0,0,-,-,32.83924865722656,-117.22821807861328,SAN DIEGO,SAN DIEGO,-117.22821044921876,32.83920669555664
91762480,2022,2022-05-02,9645,2022-04-25,0514,022729,NA,1,3,7,3711,0,1,1,NA,2,010,I-8 EASTBOUND,I-15,2640,W,N,A,-,Y,SD,NA,8,NA,NA,5.135,H,NA,R,N,4,0,2,2,A,-,03,22350,NA,N,C,C,A,A,H,-,B,D,0,NA,NA,NA,NA,Y,NA,A,01,0,0,2,0,0,0,0,0,0,-,-,32.77695083618164,-117.12059020996094,SAN DIEGO,SAN DIEGO,-117.12064361572266,32.777015686035156
91764775,2022,2022-05-04,9650,2022-04-23,1745,021404,NA,6,2,9,3700,0,3,5,NA,2,006,GIRD RD,VIA DEL ROBLES,100,N,N,A,-,N,NA,NA,NA,NA,NA,NA,NA,NA,NA,Y,3,0,1,1,A,-,08,22107,NA,N,E,I,A,A,H,-,A,D,0,NA,NA,NA,NA,Y,NA,A,07,0,1,0,0,0,0,0,0,0,-,-,33.351070404052734,-117.1962432861328,SAN DIEGO,UNINCORPORATED,-117.1962432861328,33.35102081298828
91767818,2022,2022-05-09,9650,2022-05-05,0633,016490,NA,4,1,5,3701,0,1,1,NA,2,005,I-5 S/B,TAMARACK AVE.,1200,N,N,B,-,Y,SD,NA,5,NA,R,49.63,H,NA,L,Y,4,0,1,2,A,-,03,22350,NA,N,C,C,A,A,D,-,A,D,0,NA,NA,NA,NA,Y,NA,A,07,0,0,1,0,0,0,0,0,0,-,-,33.1567497253418,-117.33907318115234,SAN DIEGO,CARLSBAD,-117.33909606933594,33.156742095947266
91768805,2022,2022-05-10,9680,2022-01-12,1805,021901,NA,3,2,9,3700,0,1,3,NA,1,052,STATE ROUTE 78,STATE ROUTE 79,2640,E,N,A,-,Y,SD,NA,78,NA,NA,51.622,H,NA,R,Y,1,1,0,1,A,-,01,23152,G,N,E,8,A,A,H,-,D,A,0,NA,NA,NA,NA,Y,Y,A,01,0,0,0,0,0,0,0,0,0,-,-,33.10633850097656,-116.66805267333984,SAN DIEGO,UNINCORPORATED,-116.66799926757813,33.10633850097656
91768908,2022,2022-05-10,9645,2022-05-06,1836,017667,NA,5,2,7,3711,0,1,1,NA,2,015,I-805 S/B,GOVERNOR DR.,500,S,N,A,-,Y,SD,NA,805,NA,NA,24.343,H,NA,L,Y,3,0,2,4,A,-,03,22350,NA,N,C,C,A,A,H,-,A,D,0,NA,NA,NA,NA,Y,NA,A,01,0,2,0,0,0,0,0,0,0,-,-,32.856449127197266,-117.1836395263672,SAN DIEGO,SAN DIEGO,-117.18370819091795,32.85641860961914
91769472,2022,2022-05-11,9680,2022-04-29,0739,015578,NA,5,1,9,3700,0,1,3,NA,2,028,STATE ROUTE 125 NORTHBOUND,JAMACHA ROAD,1056,S,N,A,-,Y,SD,NA,125,NA,NA,10.373,H,NA,R,Y,4,0,2,2,A,-,03,22350,NA,N,C,C,A,A,H,-,A,D,0,NA,NA,NA,NA,Y,NA,A,01,0,0,2,0,0,0,0,0,0,-,-,32.71110916137695,-117.01278686523438,SAN DIEGO,UNINCORPORATED,-117.01272583007813,32.71112823486328
91770009,2022,2022-05-11,9645,2022-05-10,1838,018936,NA,2,2,7,3711,0,1,3,NA,2,023,SR-163 S/B,ROBINSON AVE,150,S,N,A,-,Y,SD,NA,163,NA,NA,2.442,H,NA,L,N,4,0,1,2,A,-,03,22350,NA,F,C,C,A,A,H,-,A,D,0,NA,NA,NA,NA,Y,NA,-,99,0,0,1,0,0,0,0,0,0,-,-,32.746070861816406,-117.15659332275392,SAN DIEGO,SAN DIEGO,-117.15659332275392,32.746070861816406
91770669,2022,2022-05-12,9680,2022-05-01,1100,020541,NA,7,1,9,3700,0,3,5,NA,2,001,PINO RD,LAUREL ST,0,NA,Y,A,-,N,NA,NA,NA,NA,NA,NA,NA,NA,NA,Y,4,0,1,2,A,-,08,22103,NA,N,D,C,A,A,H,-,A,D,0,NA,NA,NA,NA,Y,NA,A,08,0,0,1,0,0,0,0,0,0,-,-,32.86307144165039,-116.90950012207033,SAN DIEGO,UNINCORPORATED,-116.90950012207033,32.863033294677734
91772630,2022,2022-05-16,9645,2022-05-04,2100,022729,NA,3,2,6,3702,0,1,1,NA,2,009,I-805 SOUTHBOUND TO MAIN STREET,MAIN STREET,500,N,N,A,-,Y,SD,NA,805,NA,NA,3.752,H,NA,L,Y,3,0,1,1,A,-,03,22350,NA,N,E,I,A,A,H,-,D,D,0,NA,NA,NA,NA,Y,Y,A,07,0,1,0,0,0,0,0,0,0,-,-,32.596168518066406,-117.03668975830078,SAN DIEGO,CHULA VISTA,-117.03646850585938,32.59617233276367
91773746,2022,2022-05-17,9680,2022-04-30,2205,022625,NA,6,3,9,3700,0,1,3,NA,1,024,SR-94,JAMACHA BLVD,5,W,N,A,-,Y,SD,NA,94,NA,NA,14.353,H,NA,R,Y,3,0,2,2,D,-,00,NA,NA,N,D,C,A,A,H,-,C,A,0,NA,NA,NA,NA,Y,NA,-,-,0,1,1,0,0,0,0,0,0,-,-,32.73979187011719,-116.95127868652344,SAN DIEGO,UNINCORPORATED,-116.9512939453125,32.73976135253906
91773762,2022,2022-05-17,9645,2022-05-09,1158,017473,NA,1,1,7,3711,0,1,1,NA,2,009,I-805 SOUTHBOUND,47TH ST.,500,S,N,A,-,Y,SD,NA,805,NA,NA,11.101,H,NA,L,Y,3,0,1,3,A,-,08,22107,NA,N,E,I,A,A,H,-,A,A,0,NA,NA,NA,NA,Y,NA,A,01,0,1,0,0,0,0,0,0,0,-,-,32.6867790222168,-117.0923309326172,SAN DIEGO,SAN DIEGO,-117.09229278564452,32.68681335449219
91774370,2022,2022-05-17,9680,2022-05-06,2000,022161,NA,5,2,4,3720,0,1,3,NA,2,027,SR-94 W/B,COLLEGE AVE.,1056,E,N,A,-,Y,SD,NA,94,NA,NA,8.001,H,NA,L,Y,3,0,1,1,A,-,01,23152,A,N,E,I,A,A,H,-,D,D,0,NA,NA,NA,NA,Y,Y,A,01,0,1,0,0,0,0,0,0,0,-,-,32.74443054199219,-117.04778289794922,SAN DIEGO,LEMON GROVE,-117.04770660400392,32.74433135986328
91775003,2022,2022-05-18,9645,2022-05-12,0035,022739,NA,4,3,9,3700,0,1,1,NA,2,009,I-805 SOUTHBOUND,BONITA ROAD,2112,N,N,A,-,Y,SD,NA,805,NA,NA,8.242,H,NA,L,Y,3,0,1,2,A,-,03,22350,NA,N,C,C,A,A,H,-,D,D,0,NA,NA,NA,NA,Y,NA,A,01,0,1,0,0,0,0,0,0,0,-,-,32.651309967041016,-117.06816864013672,SAN DIEGO,UNINCORPORATED,-117.06808471679688,32.65140151977539
91775913,2022,2022-05-19,9680,2022-05-08,1045,021584,NA,7,1,9,3700,0,1,3,NA,1,051,STATE ROUTE 79,CHIHUAHUA VALLEY RD,528,S,N,A,-,Y,SD,NA,79,NA,NA,45.661,H,NA,R,Y,2,0,3,2,A,-,05,21460,A,N,A,C,A,A,H,-,A,D,0,NA,NA,NA,NA,Y,NA,A,01,1,1,1,0,0,0,0,0,0,-,-,33.36981964111328,-116.7474365234375,SAN DIEGO,UNINCORPORATED,-116.7474365234375,33.36981964111328
91776208,2022,2022-05-19,9680,2022-05-09,1738,021800,NA,1,2,9,3700,0,3,5,NA,2,004,JAMUL DRIVE,IVANHOE RANCH ROAD,12,E,N,A,-,N,NA,NA,NA,NA,NA,NA,NA,NA,NA,N,4,0,1,2,A,-,03,22350,NA,N,C,C,A,A,H,-,A,A,0,NA,NA,Y,NA,Y,NA,C,02,0,0,1,0,0,0,0,0,1,-,-,32.740699768066406,-116.91103363037108,SAN DIEGO,UNINCORPORATED,-116.91107177734376,32.740631103515625
9177693,2020,2020-12-15,3710,2020-10-23,0626,OC1480,NA,5,5,6,3710,0,0,0,NA,0,011,MISSION AV,CANYON DR,30,W,N,B,-,N,NA,NA,NA,NA,NA,NA,NA,NA,NA,Y,4,0,2,2,A,-,12,21453,A,N,D,C,A,A,H,-,B,A,0,NA,NA,NA,NA,Y,NA,A,01,0,0,2,0,0,0,0,0,0,-,-,NA,NA,SAN DIEGO,OCEANSIDE,-117.36440277099608,33.2042350769043
91778397,2022,2022-05-23,9645,2022-05-12,0322,022739,NA,4,3,7,3711,0,1,3,NA,2,032,SR-125,CAMP GROUND RD.,514,N,N,A,-,Y,SD,NA,125,NA,NA,7.503,H,NA,L,Y,3,0,1,1,A,-,08,22107,NA,N,E,I,A,A,H,-,D,D,0,NA,NA,NA,NA,Y,NA,A,01,0,1,0,0,0,0,0,0,0,-,-,32.680931091308594,-116.99954223632813,SAN DIEGO,SAN DIEGO,-116.99951171875,32.68088912963867
91780755,2022,2022-05-26,9650,2022-05-21,0405,015080,NA,6,3,3,3783,0,1,1,NA,2,007,I-5 N/B,"MANCHESTER AVE,",2020,S,N,A,-,Y,SD,NA,5,NA,R,38.156,H,NA,R,Y,3,0,1,2,A,-,08,22107,NA,N,B,2,A,A,H,-,C,D,0,NA,NA,NA,Y,Y,NA,A,08,0,1,0,0,0,0,0,0,0,-,-,33.006439208984375,-117.2597885131836,SAN DIEGO,SOLANA BEACH,-117.25991058349608,33.006351470947266
91781136,2022,2023-06-21,9650,2022-05-14,1000,019346,NA,6,1,6,3710,0,1,3,NA,2,015,SR-78 W/B TO I-5 S/B,VISTA WAY,75,S,N,A,-,Y,NA,NA,NA,NA,NA,NA,NA,NA,NA,N,4,0,1,2,A,-,08,22107,NA,N,B,C,A,A,H,-,A,D,0,NA,NA,NA,NA,Y,NA,B,07,0,0,1,0,0,0,0,0,0,-,-,33.17601013183594,-117.35191345214844,SAN DIEGO,OCEANSIDE,-117.35191345214844,33.17601013183594
91781650,2022,2022-05-26,9680,2022-05-16,2220,021724,NA,1,3,9,3700,0,1,3,NA,2,027,SR-125 SB TO JAMACHA RD,JAMACHA RD,0,NA,Y,A,-,N,NA,NA,NA,NA,NA,NA,NA,NA,NA,N,3,0,3,2,A,-,12,21453,A,F,B,C,A,A,H,-,C,A,0,NA,NA,NA,NA,Y,NA,A,01,0,3,0,0,0,0,0,0,0,-,-,32.71482849121094,-117.0151824951172,SAN DIEGO,UNINCORPORATED,-117.01449584960938,32.71474838256836
9178287,2020,2020-12-03,3710,2020-08-30,2343,OC1177,NA,7,5,6,3710,0,0,0,NA,0,016,RT 76,DOUGLAS DR,0,NA,Y,A,-,Y,SD,11,76,-,R,3.745,I,5,W,Y,2,0,10,2,A,-,12,21453,A,N,D,C,A,A,H,-,C,A,0,NA,NA,NA,NA,Y,Y,-,NA,8,1,1,0,0,0,0,0,0,-,-,NA,NA,SAN DIEGO,OCEANSIDE,-117.32568359375,33.22587585449219
91786167,2022,2022-06-01,9680,2022-05-19,2155,021944,NA,4,2,5,3705,0,1,1,NA,2,082,I-8 W/B,BALLANTYNE ST,475,W,N,A,-,Y,SD,NA,8,NA,NA,15.962,H,NA,L,Y,4,0,1,2,A,-,03,22350,NA,N,C,C,A,A,H,-,C,D,0,NA,NA,NA,NA,Y,NA,D,22,0,0,1,0,0,0,0,0,0,-,-,32.803218841552734,-116.95982360839844,SAN DIEGO,EL CAJON,-116.95982360839844,32.80315017700195
91786218,2022,2022-06-01,9645,2022-05-17,0555,016047,NA,2,3,7,3711,0,1,3,NA,2,006,SR-94 WESTBOUND,EUCLID AVENUE,70,E,N,A,-,Y,SD,NA,94,NA,NA,5.169,H,NA,L,N,3,0,3,3,A,-,08,22107,NA,N,E,I,A,A,H,-,A,D,0,NA,NA,NA,NA,Y,NA,A,01,0,1,2,0,0,0,0,0,0,-,-,32.71826934814453,-117.0845184326172,SAN DIEGO,SAN DIEGO,-117.08451080322266,32.71823501586914
91786354,2022,2022-06-02,9650,2022-05-27,1107,016490,NA,5,1,9,3700,0,1,1,NA,2,003,I-5 S/B,HARBOR DR.,2640,N,N,B,-,Y,SD,NA,5,NA,R,55.822,H,NA,L,N,4,0,1,2,A,-,03,22350,NA,N,C,C,A,A,H,-,A,D,0,NA,NA,NA,NA,Y,NA,A,01,0,0,1,0,0,0,0,0,0,-,-,33.22835159301758,-117.39871215820313,SAN DIEGO,UNINCORPORATED,-117.39878845214844,33.22828674316406
91786968,2022,2022-06-02,9650,2022-05-18,0850,017328,NA,3,1,9,3700,0,3,5,NA,2,070,VIA DE LA VALLE,LA GRACIA,4,W,N,A,-,N,NA,NA,NA,NA,NA,NA,NA,NA,NA,Y,3,0,4,2,A,-,09,21804,A,N,D,C,A,A,H,-,A,D,0,NA,NA,NA,Y,Y,NA,F,26,0,3,1,0,0,0,0,0,0,-,-,33.01055145263672,-117.20358276367188,SAN DIEGO,UNINCORPORATED,-117.20359802246094,33.010581970214844
91791801,2022,2022-06-09,9680,2022-05-29,1205,021501,NA,7,1,9,3700,0,1,3,NA,1,051,SR-79,YAQUI DRIVE,350,N,N,A,-,Y,SD,NA,79,NA,NA,12.562,H,NA,R,Y,3,0,1,1,A,-,08,22107,NA,N,E,I,A,A,H,-,A,A,0,NA,NA,Y,NA,Y,NA,C,02,0,1,0,0,0,0,0,0,1,-,-,32.99095916748047,-116.5788116455078,SAN DIEGO,UNINCORPORATED,-116.57884979248048,32.99100112915039
91791849,2022,2022-06-09,9645,2022-05-28,2240,022206,NA,6,3,7,3711,0,1,1,NA,2,003,I-5 N/B FROM SEA WORLD DRIVE,SEA WORLD DRIVE,800,N,N,B,C,Y,SD,NA,5,NA,R,20.974,H,NA,R,Y,3,0,1,1,A,-,01,23152,A,N,E,I,A,B,H,-,C,D,0,NA,NA,NA,NA,Y,Y,A,01,0,1,0,0,0,0,0,0,0,-,-,32.772239685058594,-117.20684051513672,SAN DIEGO,SAN DIEGO,-117.20706176757813,32.77219772338867
91795196,2022,2022-06-15,9650,2022-06-04,2020,021933,PALA,6,2,9,3700,0,3,5,NA,2,213,PALA MISSION ROAD,HENDERSON ROAD,0,NA,Y,B,-,N,NA,NA,NA,NA,NA,NA,NA,NA,NA,Y,2,0,1,2,A,-,09,21801,A,N,D,C,A,A,H,-,B,D,0,NA,NA,Y,NA,Y,NA,D,22,1,0,0,0,0,0,0,0,1,-,-,33.3651008605957,-117.07176208496094,SAN DIEGO,UNINCORPORATED,-117.0717315673828,33.36507034301758
91798280,2022,2022-06-20,9650,2022-06-12,1440,021154,NA,7,2,9,3700,0,1,1,NA,2,001,I-5 N/B,UNITED STATES BORDER PATROL CHECKPOINT (U.S.B.P),4154,N,N,A,-,Y,SD,NA,5,NA,R,68.107,H,NA,R,Y,3,0,1,5,A,-,03,22350,NA,N,C,C,A,A,H,-,A,D,0,NA,NA,NA,NA,Y,NA,A,07,0,1,0,0,0,0,0,0,0,-,-,33.35982894897461,-117.53594207763672,SAN DIEGO,UNINCORPORATED,-117.53592681884766,33.35984802246094
91798694,2022,2022-06-20,9645,2022-06-08,1810,016061,NA,3,2,7,3711,0,1,1,NA,2,015,I-805 S/B,NOBEL DR.,2265,S,N,A,-,Y,SD,NA,805,NA,NA,24.943,H,NA,L,Y,3,0,1,4,A,-,03,22350,NA,N,C,C,A,A,H,-,A,D,0,NA,NA,NA,NA,Y,Y,A,01,0,1,0,0,0,0,0,0,0,-,-,32.86375045776367,-117.18926239013672,SAN DIEGO,SAN DIEGO,-117.18932342529295,32.86370849609375
91798971,2022,2022-06-20,9645,2022-06-11,0135,022193,NA,6,3,7,3711,0,1,3,NA,2,008,SR-54 W/B,WOODMAN STREET,900,E,N,A,-,Y,SD,NA,54,NA,NA,4.457,H,NA,L,N,4,0,1,2,A,-,03,22350,NA,M,C,C,A,A,H,-,C,D,0,NA,NA,NA,NA,Y,NA,A,01,0,0,1,0,0,0,0,0,0,-,-,32.67631912231445,-117.0368881225586,SAN DIEGO,SAN DIEGO,-117.03690338134766,32.67633056640625
91800929,2022,2022-06-22,9650,2022-06-21,1028,021406,NA,2,1,5,3701,0,1,1,NA,2,005,I-5 S/B,TAMARACK AVE,400,S,N,A,-,Y,SD,NA,5,NA,R,49.181,H,NA,L,N,4,0,1,2,A,-,03,22350,NA,N,E,I,A,A,D,-,A,D,0,NA,NA,NA,NA,Y,NA,A,01,0,0,1,0,0,0,0,0,0,-,-,33.15087890625,-117.33570861816406,SAN DIEGO,CARLSBAD,-117.33582305908205,33.15083312988281