CASE_ID,ACCIDENT_YEAR,PROC_DATE,JURIS,COLLISION_DATE,COLLISION_TIME,OFFICER_ID,REPORTING_DISTRICT,DAY_OF_WEEK,CHP_SHIFT,POPULATION,CNTY_CITY_LOC,SPECIAL_COND,BEAT_TYPE,CHP_BEAT_TYPE,CITY_DIVISION_LAPD,CHP_BEAT_CLASS,BEAT_NUMBER,PRIMARY_RD,SECONDARY_RD,DISTANCE,DIRECTION,INTERSECTION,WEATHER_1,WEATHER_2,STATE_HWY_IND,CALTRANS_COUNTY,CALTRANS_DISTRICT,STATE_ROUTE,ROUTE_SUFFIX,POSTMILE_PREFIX,POSTMILE,LOCATION_TYPE,RAMP_INTERSECTION,SIDE_OF_HWY,TOW_AWAY,COLLISION_SEVERITY,NUMBER_KILLED,NUMBER_INJURED,PARTY_COUNT,PRIMARY_COLL_FACTOR,PCF_CODE_OF_VIOL,PCF_VIOL_CATEGORY,PCF_VIOLATION,PCF_VIOL_SUBSECTION,HIT_AND_RUN,TYPE_OF_COLLISION,MVIW,PED_ACTION,ROAD_SURFACE,ROAD_COND_1,ROAD_COND_2,LIGHTING,CONTROL_DEVICE,CHP_ROAD_TYPE,PEDESTRIAN_ACCIDENT,BICYCLE_ACCIDENT,MOTORCYCLE_ACCIDENT,TRUCK_ACCIDENT,NOT_PRIVATE_PROPERTY,ALCOHOL_INVOLVED,STWD_VEHTYPE_AT_FAULT,CHP_VEHTYPE_AT_FAULT,COUNT_SEVERE_INJ,COUNT_VISIBLE_INJ,COUNT_COMPLAINT_PAIN,COUNT_PED_KILLED,COUNT_PED_INJURED,COUNT_BICYCLIST_KILLED,COUNT_BICYCLIST_INJURED,COUNT_MC_KILLED,COUNT_MC_INJURED,PRIMARY_RAMP,SECONDARY_RAMP,LATITUDE,LONGITUDE,COUNTY,CITY,POINT_X,POINT_Y
9344534,2021,2021-11-16,3711,2021-09-29,0259,SD7964,NA,3,5,7,3711,0,0,0,NA,0,723,30TH ST,DEL SOL BL,0,NA,Y,A,-,N,NA,NA,NA,NA,NA,NA,NA,NA,NA,N,4,0,1,2,A,-,-,NA,NA,N,C,E,A,A,H,-,C,D,0,NA,NA,NA,NA,Y,NA,A,01,0,0,1,0,0,0,0,0,0,-,-,NA,NA,SAN DIEGO,SAN DIEGO,-117.06893157958984,32.57352828979492
9344713,2021,2021-12-23,3711,2021-10-02,2000,SD1557,NA,6,5,7,3711,0,0,0,NA,0,123,WEST MISSION BAY DR,WEST MISSION BAY DR 2263,0,NA,N,A,-,N,NA,NA,NA,NA,NA,NA,NA,NA,NA,N,4,0,2,2,A,-,04,21703,NA,M,C,C,A,A,H,-,C,D,0,NA,NA,NA,NA,Y,NA,A,01,0,0,2,0,0,0,0,0,0,-,-,NA,NA,SAN DIEGO,SAN DIEGO,-117.21102905273438,32.79828643798828
9344716,2021,2021-11-10,3711,2021-10-02,1131,SD1574,NA,6,5,7,3711,0,0,0,NA,0,613,CATALINA BL,ATASCADERO DR,0,NA,Y,A,-,N,NA,NA,NA,NA,NA,NA,NA,NA,NA,N,3,0,1,2,C,-,18,NA,NA,N,E,I,A,A,D,-,A,D,0,NA,Y,NA,NA,Y,NA,-,-,0,1,0,0,0,0,1,0,0,-,-,NA,NA,SAN DIEGO,SAN DIEGO,-117.23661041259766,32.74022674560547
9347789,2021,2021-11-10,3711,2021-10-16,1330,SD1068,NA,6,5,7,3711,0,0,0,NA,0,825,CENTRAL AV,EL CAJON BL,50,E,N,A,-,N,NA,NA,NA,NA,NA,NA,NA,NA,NA,N,4,0,1,2,A,-,03,22350,NA,M,C,C,A,A,H,-,A,A,0,NA,NA,NA,NA,Y,NA,-,NA,0,0,1,0,0,0,0,0,0,-,-,NA,NA,SAN DIEGO,SAN DIEGO,-117.10822296142578,32.7552604675293
9347792,2021,2021-11-17,3711,2021-10-15,1723,SD1571,NA,5,5,7,3711,0,0,0,NA,0,611,MIDWAY DR,ROSECRANS ST,617,E,N,A,-,N,NA,NA,NA,NA,NA,NA,NA,NA,NA,Y,4,0,1,3,A,-,03,22350,NA,N,A,C,A,A,H,-,A,A,0,NA,NA,NA,NA,Y,NA,A,07,0,0,1,0,0,0,0,0,0,-,-,NA,NA,SAN DIEGO,SAN DIEGO,-117.20455932617188,32.748695373535156
9347799,2021,2021-11-19,3711,2021-10-14,1048,SD7274,NA,4,5,7,3711,0,0,0,NA,0,442,NATIONAL AV,S 35TH ST,0,NA,Y,A,-,N,NA,NA,NA,NA,NA,NA,NA,NA,NA,N,4,0,1,2,A,-,04,21703,NA,N,D,C,A,B,H,-,A,A,0,NA,NA,NA,NA,Y,NA,A,08,0,0,1,0,0,0,0,0,0,-,-,NA,NA,SAN DIEGO,SAN DIEGO,-117.11888885498048,32.69599914550781
93480316,2024,2024-08-02,9645,2024-07-11,502,022988,NA,4,3,7,3711,0,1,3,NA,2,002,SR-905 W/B FROM SIEMPRE VIVA ROAD,SIEMPRE VIVA ROAD,20,E,N,A,-,Y,NA,NA,NA,NA,NA,NA,NA,NA,NA,N,3,0,1,2,A,-,08,22107,NA,N,B,C,A,A,H,-,C,A,0,NA,NA,NA,Y,Y,NA,G,25,0,1,0,0,0,0,0,0,0,-,-,32.55588150024414,-116.93948364257813,SAN DIEGO,SAN DIEGO,-116.93972778320313,32.55548095703125
93491504,2024,2024-08-05,9650,2024-07-25,715,022625,NA,4,1,9,3700,0,1,3,NA,1,028,SR-76 E/B,MAGEE RD,5280,E,N,A,-,Y,SD,NA,76,NA,NA,25.498,H,NA,R,Y,4,0,1,1,A,-,08,22107,NA,N,E,I,A,A,H,-,A,D,0,NA,NA,NA,NA,Y,NA,A,01,0,0,1,0,0,0,0,0,0,-,-,33.36022186279297,-117.04338836669922,SAN DIEGO,UNINCORPORATED,-117.04336547851563,33.360267639160156
9349218,2021,2021-11-30,3711,2021-10-01,0731,SD1128,NA,5,5,7,3711,0,0,0,NA,0,833,45TH ST,DWIGHT ST,0,NA,Y,A,-,N,NA,NA,NA,NA,NA,NA,NA,NA,NA,N,4,0,1,2,A,-,09,21802,A,N,D,C,A,A,H,-,A,D,0,NA,NA,NA,NA,Y,NA,A,01,0,0,1,0,0,0,0,0,0,-,-,NA,NA,SAN DIEGO,SAN DIEGO,-117.09774780273438,32.743980407714844
9349247,2021,2021-11-13,3703,2021-10-05,2102,1370,1,2,5,3,3703,0,0,0,NA,0,001,4TH ST,C AV,0,NA,Y,A,-,N,NA,NA,NA,NA,NA,NA,NA,NA,NA,N,3,0,1,2,A,-,09,21802,A,N,D,C,A,A,H,-,C,A,0,NA,NA,NA,NA,Y,NA,A,01,0,1,0,0,0,0,0,0,0,-,-,32.6939697265625,-117.1736297607422,SAN DIEGO,CORONADO,-117.1736068725586,32.6939582824707
9351155,2021,2021-11-16,3711,2021-10-23,1110,SD7663,NA,6,5,7,3711,0,0,0,NA,0,115,JUDICIAL DR,EASTGATE MALL,360,N,N,A,-,N,NA,NA,NA,NA,NA,NA,NA,NA,NA,Y,4,0,1,1,A,-,08,22107,NA,N,A,I,A,A,H,-,A,D,0,NA,NA,NA,NA,Y,Y,A,01,0,0,1,0,0,0,0,0,0,-,-,NA,NA,SAN DIEGO,SAN DIEGO,-117.20570373535156,32.87982940673828
9351407,2021,2021-11-15,3711,2021-10-20,1740,SD7738,NA,3,5,7,3711,0,0,0,NA,0,124,TORREY PINES RD,CAMINITO DEL CID,10,S,N,A,-,N,NA,NA,NA,NA,NA,NA,NA,NA,NA,N,4,0,1,2,A,-,09,21801,A,M,D,C,A,A,H,-,A,D,0,NA,NA,NA,NA,Y,NA,A,01,0,0,1,0,0,0,0,0,0,-,-,NA,NA,SAN DIEGO,SAN DIEGO,-117.25193786621094,32.85049819946289
9351528,2021,2021-12-03,3710,2021-10-23,0751,OC1227,NA,6,5,6,3710,0,0,0,NA,0,019,SLEEPING INDIAN RD,PUERTA DE LOMAS,182,N,N,C,-,N,NA,NA,NA,NA,NA,NA,NA,NA,NA,Y,4,0,1,2,A,-,03,22350,NA,N,A,C,A,B,H,-,A,D,0,NA,NA,NA,NA,Y,NA,A,01,0,0,1,0,0,0,0,0,0,-,-,NA,NA,SAN DIEGO,OCEANSIDE,-117.26517486572266,33.29322052001953
9351748,2021,2021-11-17,3711,2021-10-31,1957,SD8334,NA,7,5,7,3711,0,0,0,NA,0,437,PARADISE VALLEY RD,DEEP DELL RD,0,NA,Y,A,-,N,NA,NA,NA,NA,NA,NA,NA,NA,NA,Y,3,0,2,2,D,-,00,NA,NA,N,A,C,A,A,H,-,C,A,0,NA,NA,NA,NA,Y,NA,-,-,0,1,1,0,0,0,0,0,0,-,-,NA,NA,SAN DIEGO,SAN DIEGO,-117.02935028076172,32.69541549682617
9351757,2021,2021-11-17,3711,2021-10-29,1826,SD7776,NA,5,5,7,3711,0,0,0,NA,0,627,WEST WASHINGTON ST,DOVE ST,45,W,N,A,-,N,NA,NA,NA,NA,NA,NA,NA,NA,NA,Y,4,0,1,3,B,-,22,NA,NA,M,C,C,A,A,H,-,C,A,0,NA,NA,NA,NA,Y,NA,-,NA,0,0,1,0,0,0,0,0,0,-,-,NA,NA,SAN DIEGO,SAN DIEGO,-117.16879272460938,32.74980163574219
9352455,2021,2021-12-16,3703,2021-10-21,1454,1406,1,4,5,3,3703,0,0,0,NA,0,001,4TH ST,A AV,0,NA,Y,A,-,N,NA,NA,NA,NA,NA,NA,NA,NA,NA,Y,4,0,1,3,A,-,09,21800,A,N,B,C,A,A,H,-,A,A,0,NA,NA,NA,NA,Y,NA,A,01,0,0,1,0,0,0,0,0,0,-,-,32.69303894042969,-117.1714096069336,SAN DIEGO,CORONADO,-117.1714096069336,32.69303894042969
9353751,2021,2021-11-10,3702,2021-09-02,1500,CV1281,NA,4,5,6,3702,0,0,0,NA,0,032,OTAY LAKES RD,CANYON DR,500,N,N,A,-,N,NA,NA,NA,NA,NA,NA,NA,NA,NA,Y,4,0,1,1,A,-,08,22107,NA,N,A,I,A,A,H,-,A,D,0,NA,NA,NA,NA,Y,NA,A,01,0,0,1,0,0,0,0,0,0,-,-,NA,NA,SAN DIEGO,CHULA VISTA,-117.00448608398438,32.64784622192383
9353757,2021,2021-12-23,3709,2021-09-09,1845,CV1228,NA,4,5,5,3709,0,0,0,NA,0,200,PLAZA BONITA RD,BONITA RD,624,N,N,B,-,N,NA,NA,NA,NA,NA,NA,NA,NA,NA,N,4,0,1,2,A,-,09,21801,A,N,D,G,A,A,H,-,B,D,0,NA,Y,NA,NA,Y,Y,A,01,0,0,1,0,0,0,1,0,0,-,-,NA,NA,SAN DIEGO,NATIONAL CITY,-117.05989837646484,32.64814758300781
9354317,2021,2021-11-20,3702,2021-09-21,1350,CV1114,NA,2,5,6,3702,0,0,0,NA,0,011,BROADWAY,E ST,300,N,N,A,-,N,NA,NA,NA,NA,NA,NA,NA,NA,NA,N,4,0,1,2,A,-,03,22350,NA,N,C,C,A,A,H,-,A,D,0,NA,NA,NA,NA,Y,NA,D,22,0,0,1,0,0,0,0,0,0,-,-,NA,NA,SAN DIEGO,CHULA VISTA,-117.09381103515624,32.6421012878418
9354330,2021,2021-11-15,3702,2021-08-15,1550,CV1268,NA,7,5,6,3702,0,0,0,NA,0,023,EAST L ST,55TH CUYAMACA AV,55,N,N,A,-,N,NA,NA,NA,NA,NA,NA,NA,NA,NA,N,4,0,1,2,A,-,03,22350,NA,F,C,C,A,A,H,-,A,A,0,NA,NA,NA,NA,Y,NA,A,01,0,0,1,0,0,0,0,0,0,-,-,NA,NA,SAN DIEGO,CHULA VISTA,-117.05576324462892,32.625118255615234
9354346,2021,2021-11-10,3702,2021-09-03,1325,CV1342,NA,5,5,6,3702,0,0,0,NA,0,024,3RD AV,MONTGOMERY ST,200,S,N,A,-,N,NA,NA,NA,NA,NA,NA,NA,NA,NA,Y,3,0,5,2,A,-,09,21801,A,N,D,C,A,A,H,-,A,D,0,NA,NA,NA,NA,Y,NA,A,01,0,2,3,0,0,0,0,0,0,-,-,NA,NA,SAN DIEGO,CHULA VISTA,-117.06450653076172,32.59627151489258
9354730,2021,2021-11-10,3710,2021-10-19,1745,OC1382,NA,2,5,6,3710,0,0,0,NA,0,032,MISSION AV,OLD GROVE,0,NA,Y,A,-,N,NA,NA,NA,NA,NA,NA,NA,NA,NA,Y,4,0,1,2,A,-,12,21453,A,N,D,C,A,A,H,-,A,A,0,NA,NA,NA,NA,Y,NA,A,01,0,0,1,0,0,0,0,0,0,-,-,NA,NA,SAN DIEGO,OCEANSIDE,-117.30626678466795,33.22905349731445
9354837,2021,2021-11-20,3711,2021-10-16,2211,SD1148,NA,6,5,7,3711,0,0,0,NA,0,523,6TH AV,G ST,95,S,N,A,-,N,NA,NA,NA,NA,NA,NA,NA,NA,NA,N,3,0,1,1,A,-,03,22350,NA,N,E,J,A,A,H,-,C,D,0,NA,NA,NA,NA,Y,NA,-,NA,0,1,0,0,0,0,0,0,0,-,-,NA,NA,SAN DIEGO,SAN DIEGO,-117.15924072265624,32.712310791015625
9354838,2021,2021-11-20,3711,2021-10-16,1837,SD6000,NA,6,5,7,3711,0,0,0,NA,0,9333,DEL MAR HEIGHTS RD,MAR SCENIC DR,0,NA,Y,A,-,N,NA,NA,NA,NA,NA,NA,NA,NA,NA,Y,2,0,1,2,A,-,09,21802,A,N,D,C,A,A,H,-,C,A,0,NA,NA,Y,NA,Y,NA,A,07,1,0,0,0,0,0,0,0,1,-,-,NA,NA,SAN DIEGO,SAN DIEGO,-117.25425720214844,32.9491081237793
9354840,2021,2021-11-20,3711,2021-10-21,1536,SD7738,NA,4,5,7,3711,0,0,0,NA,0,122,INGRAHAM ST,FELSPAR ST,0,NA,Y,A,-,N,NA,NA,NA,NA,NA,NA,NA,NA,NA,N,4,0,1,2,A,-,17,21451,A,N,A,C,A,A,H,-,A,A,0,NA,NA,NA,NA,Y,NA,A,01,0,0,1,0,0,0,0,0,0,-,-,NA,NA,SAN DIEGO,SAN DIEGO,-117.24114227294922,32.8006706237793
9355075,2021,2021-12-08,3710,2021-10-16,0906,OC1018,NA,6,5,6,3710,0,0,0,NA,0,009,SOUTH COAST HWY,EATON ST,0,NA,Y,A,-,N,NA,NA,NA,NA,NA,NA,NA,NA,NA,N,3,0,2,2,A,-,09,21801,A,N,D,G,A,A,H,-,A,D,0,NA,Y,Y,NA,Y,NA,C,02,0,1,1,0,0,0,1,0,1,-,-,NA,NA,SAN DIEGO,OCEANSIDE,-117.35832214355467,33.17060852050781
9356033,2021,2021-10-29,3711,2021-10-18,1928,SD1516,NA,1,5,7,3711,0,0,0,NA,0,614,ORCHARD AV,CABLE ST,129,W,N,A,-,N,NA,NA,NA,NA,NA,NA,NA,NA,NA,N,3,0,2,1,A,-,03,22350,NA,N,H,J,A,A,H,-,C,D,0,NA,NA,NA,NA,Y,NA,A,01,0,1,1,0,0,0,0,0,0,-,-,NA,NA,SAN DIEGO,SAN DIEGO,-117.25475311279295,32.74009323120117
9359235,2021,2021-12-08,3711,2021-10-28,1353,SD6967,NA,4,5,7,3711,0,0,0,NA,0,623,HOTEL CIRCLE PL,HOTEL CIRCLE PL 2400,368,E,N,A,-,N,NA,NA,NA,NA,NA,NA,NA,NA,NA,N,3,0,1,2,A,-,11,21954,A,N,G,B,D,A,H,-,-,D,0,Y,NA,NA,NA,Y,NA,N,60,0,1,0,0,1,0,0,0,0,-,-,NA,NA,SAN DIEGO,SAN DIEGO,-117.18587493896484,32.75993728637695
9359679,2021,2021-11-15,3710,2021-10-18,1228,OC1493,NA,1,5,6,3710,0,0,0,NA,0,022,RT 76,N SANTA FE,0,NA,Y,A,-,Y,SD,11,76,-,R,6.721,I,5,E,Y,4,0,3,2,A,-,12,21453,A,N,D,C,A,A,H,-,A,A,0,NA,NA,NA,NA,Y,NA,A,01,0,0,3,0,0,0,0,0,0,-,-,NA,NA,SAN DIEGO,OCEANSIDE,-117.28152465820313,33.24592590332031
9360442,2021,2021-12-28,3711,2021-11-05,1145,SD1532,NA,5,5,7,3711,0,0,0,NA,0,124,LA JOLLA BL,LA JOLLA BL 7000,0,NA,N,E,-,N,NA,NA,NA,NA,NA,NA,NA,NA,NA,N,4,0,1,2,A,-,03,22350,NA,N,C,C,A,A,H,-,A,D,0,NA,NA,NA,NA,Y,NA,A,01,0,0,1,0,0,0,0,0,0,-,-,NA,NA,SAN DIEGO,SAN DIEGO,NA,NA
9360446,2021,2021-12-28,3711,2021-11-05,2500,SD1580,NA,5,5,7,3711,0,0,0,NA,0,115,EXECUTIVE DR,EXECUTIVE DR 4350,0,NA,N,A,-,N,NA,NA,NA,NA,NA,NA,NA,NA,NA,Y,3,0,1,4,A,-,08,38314,NA,N,D,C,A,A,H,-,A,D,0,NA,NA,NA,NA,Y,NA,A,01,0,1,0,0,0,0,0,0,0,-,-,NA,NA,SAN DIEGO,SAN DIEGO,-117.21014404296876,32.87559509277344
9360450,2021,2021-12-28,3711,2021-11-06,1652,SD1553,NA,6,5,7,3711,0,0,0,NA,0,831,EUCLID AV,ORANGE AV,0,NA,Y,A,-,N,NA,NA,NA,NA,NA,NA,NA,NA,NA,N,3,0,2,3,A,-,08,22107,NA,M,G,B,B,A,H,-,A,A,0,Y,NA,NA,NA,Y,NA,-,NA,0,2,0,0,2,0,0,0,0,-,-,NA,NA,SAN DIEGO,SAN DIEGO,-117.09224700927734,32.75309753417969
9360511,2021,2021-11-24,3702,2021-10-09,1720,CV1308,NA,6,5,6,3702,0,0,0,NA,0,011,E ST,CEDAR ST,44,E,N,A,-,N,NA,NA,NA,NA,NA,NA,NA,NA,NA,N,4,0,1,3,A,-,03,22350,NA,M,C,C,A,A,H,-,A,D,0,NA,NA,NA,NA,Y,NA,-,NA,0,0,1,0,0,0,0,0,0,-,-,NA,NA,SAN DIEGO,CHULA VISTA,-117.09036254882813,32.6422004699707
9360513,2021,2021-11-29,3702,2021-10-10,1025,CV1357,NA,7,5,6,3702,0,0,0,NA,0,024,ORANGE AV,2ND AV,0,NA,Y,A,-,N,NA,NA,NA,NA,NA,NA,NA,NA,NA,Y,4,0,2,2,A,-,12,21453,A,N,F,C,A,A,H,-,A,A,0,NA,NA,NA,NA,Y,NA,A,07,0,0,2,0,0,0,0,0,0,-,-,NA,NA,SAN DIEGO,CHULA VISTA,-117.06011962890624,32.60153579711914
9360518,2021,2021-11-29,3702,2021-10-01,1711,CV1308,NA,5,5,6,3702,0,0,0,NA,0,012,F ST,WOODLAWN AV,0,NA,Y,A,-,N,NA,NA,NA,NA,NA,NA,NA,NA,NA,Y,3,0,1,2,A,-,09,21803,A,N,D,C,A,A,H,-,A,D,0,NA,NA,Y,NA,Y,NA,A,01,0,1,0,0,0,0,0,0,1,-,-,NA,NA,SAN DIEGO,CHULA VISTA,-117.09620666503906,32.63671875
9361039,2021,2021-12-28,3711,2021-11-12,1315,SD8447,NA,5,5,7,3711,0,0,0,NA,0,723,CORONADO AV,27TH ST,0,NA,Y,A,-,N,NA,NA,NA,NA,NA,NA,NA,NA,NA,Y,4,0,2,3,A,-,03,22350,NA,N,C,C,A,A,H,-,A,A,0,NA,NA,NA,NA,Y,NA,A,01,0,0,2,0,0,0,0,0,0,-,-,NA,NA,SAN DIEGO,SAN DIEGO,-117.07543182373048,32.576473236083984
9361202,2021,2021-12-27,3711,2021-11-13,0943,SD7697,NA,6,5,7,3711,0,0,0,NA,0,831,ORANGE AV,ORANGE AV 4400,0,NA,N,A,-,N,NA,NA,NA,NA,NA,NA,NA,NA,NA,Y,4,0,1,2,A,-,09,21804,A,N,D,C,A,A,H,-,A,D,0,NA,NA,NA,NA,Y,NA,A,01,0,0,1,0,0,0,0,0,0,-,-,NA,NA,SAN DIEGO,SAN DIEGO,-117.1740951538086,32.69593811035156
9361260,2021,2022-03-10,3711,2021-11-15,2354,SD1086,NA,1,5,7,3711,0,0,0,NA,0,126,GENESSE AV,JOHN JAY HOPKINS DR,0,NA,Y,E,-,N,NA,NA,NA,NA,NA,NA,NA,NA,NA,N,4,0,1,2,A,-,17,21461,A,N,A,C,A,B,B,-,C,A,0,NA,NA,NA,NA,Y,NA,A,01,0,0,1,0,0,0,0,0,0,-,-,NA,NA,SAN DIEGO,SAN DIEGO,-117.2391357421875,32.890968322753906
9361953,2021,2021-12-03,3710,2021-10-19,1518,OC1086,NA,2,5,6,3710,0,0,0,NA,0,008,OCEANSIDE BL,RT 56,5,E,N,A,-,N,NA,NA,NA,NA,NA,NA,NA,NA,NA,Y,4,0,1,2,A,-,12,21453,A,N,D,C,A,A,H,-,A,A,0,NA,NA,NA,NA,Y,NA,D,22,0,0,1,0,0,0,0,0,0,-,SF,NA,NA,SAN DIEGO,OCEANSIDE,NA,NA
9362742,2021,2021-11-23,3711,2021-06-09,2023,SD6996,NA,3,5,7,3711,0,0,0,NA,0,452,IMPERIAL AV,63RD ST,0,NA,Y,A,-,N,NA,NA,NA,NA,NA,NA,NA,NA,NA,N,2,0,1,2,A,-,11,21950,B,F,G,B,D,A,H,-,B,A,0,Y,NA,NA,NA,Y,NA,N,60,1,0,0,0,1,0,0,0,0,-,-,NA,NA,SAN DIEGO,SAN DIEGO,-117.06238555908205,32.710060119628906
93645766,2024,2024-08-05,9680,2024-07-25,1025,019870,NA,4,1,5,3705,0,3,5,NA,2,003,OLD HIGHWAY 80,SPRING VIEW COURT,0,NA,Y,A,-,N,NA,NA,NA,NA,NA,NA,NA,NA,NA,N,3,0,1,2,A,-,09,21804,A,N,D,C,A,A,H,-,A,D,0,NA,NA,NA,NA,Y,NA,A,01,0,1,0,0,0,0,0,0,0,-,-,32.847660064697266,-116.86888122558594,SAN DIEGO,EL CAJON,-117.33096313476563,34.01206970214844
9365162,2021,2021-12-21,3710,2021-11-10,0900,OC1286,NA,3,5,6,3710,0,0,0,NA,0,001,MISSION AV,NORTH HORNE ST,200,W,N,A,-,N,NA,NA,NA,NA,NA,NA,NA,NA,NA,Y,4,0,1,2,A,-,09,21804,A,N,D,C,A,A,H,-,A,D,0,NA,NA,NA,NA,Y,NA,A,01,0,0,1,0,0,0,0,0,0,-,-,NA,NA,SAN DIEGO,OCEANSIDE,-117.37625885009766,33.19783401489258
9366694,2021,2022-01-14,3705,2021-12-10,1038,EC0383,NA,5,5,5,3705,0,0,0,NA,0,003,E WASHINGTON AV,SOUTH 2ND ST,35,E,N,A,-,N,NA,NA,NA,NA,NA,NA,NA,NA,NA,Y,4,0,2,2,A,-,01,23153,A,F,C,C,A,A,H,-,A,D,0,NA,NA,NA,NA,Y,Y,A,01,0,0,2,0,0,0,0,0,0,-,-,NA,NA,SAN DIEGO,EL CAJON,-116.93717956542967,32.78765106201172
9367141,2021,2021-11-24,3700,2021-10-31,1927,SH3183,NA,7,5,5,3713,0,0,0,NA,0,314,CIVIC CENTER DR,RT 78,0,NA,Y,A,-,Y,SD,11,78,-,-,7.064,R,4,W,Y,4,0,1,2,A,-,12,21453,A,N,D,C,A,A,H,-,C,A,0,NA,NA,NA,NA,Y,NA,A,07,0,0,1,0,0,0,0,0,0,-,WO,NA,NA,SAN DIEGO,VISTA,-117.23762512207033,33.1882438659668
9367704,2021,2021-12-16,3711,2021-11-22,1510,SD7973,NA,1,5,7,3711,0,0,0,NA,0,621,TAIT ST,WESTINGHOUSE ST,104,E,N,A,-,N,NA,NA,NA,NA,NA,NA,NA,NA,NA,N,3,0,1,2,A,-,08,22107,NA,N,B,C,A,A,H,-,A,D,0,NA,NA,NA,NA,Y,Y,A,01,0,1,0,0,0,0,0,0,0,-,-,NA,NA,SAN DIEGO,SAN DIEGO,-117.16857147216795,32.78115463256836
9367798,2021,2021-12-16,3711,2021-11-03,1030,SD7963,NA,3,5,7,3711,0,0,0,NA,0,114,CLAIREMONT MESA BL,DOLIVA DR,1775,E,N,A,-,N,NA,NA,NA,NA,NA,NA,NA,NA,NA,N,3,0,1,2,A,-,08,22107,NA,N,B,C,A,A,H,-,A,D,0,NA,NA,Y,NA,Y,NA,-,99,0,1,0,0,0,0,0,0,1,-,-,NA,NA,SAN DIEGO,SAN DIEGO,-117.17000579833984,32.83360290527344
9367799,2021,2021-12-16,3711,2021-11-03,2329,SD7852,NA,3,5,7,3711,0,0,0,NA,0,526,ASH ST,9TH AV,0,NA,Y,A,-,N,NA,NA,NA,NA,NA,NA,NA,NA,NA,Y,3,0,1,1,A,-,03,22350,NA,N,E,J,A,A,H,-,C,A,0,NA,NA,NA,NA,Y,NA,A,01,0,1,0,0,0,0,0,0,0,-,-,NA,NA,SAN DIEGO,SAN DIEGO,-117.15654754638672,32.71989440917969
9369002,2021,2022-01-10,3711,2021-11-29,1824,SD8861,NA,1,5,7,3711,0,0,0,NA,0,521,IMPERIAL AV,15TH ST,0,NA,N,A,-,N,NA,NA,NA,NA,NA,NA,NA,NA,NA,N,3,0,1,2,D,-,00,NA,NA,M,G,B,D,A,H,-,C,-,0,Y,NA,NA,NA,Y,NA,-,-,0,1,0,0,1,0,0,0,0,-,-,NA,NA,SAN DIEGO,SAN DIEGO,-117.15035247802734,32.7062873840332
9369924,2021,2022-01-18,3711,2021-12-08,0627,SD8447,NA,3,5,7,3711,0,0,0,NA,0,712,ALAQUINAS DR,BEYER BL,0,NA,Y,B,-,N,NA,NA,NA,NA,NA,NA,NA,NA,NA,N,4,0,1,2,A,-,08,22107,NA,N,C,E,A,A,H,-,A,D,0,NA,NA,NA,NA,Y,NA,A,01,0,0,1,0,0,0,0,0,0,-,-,NA,NA,SAN DIEGO,SAN DIEGO,-117.04454040527344,32.558319091796875
9370068,2021,2022-01-11,3711,2021-12-12,1920,SD8404,NA,7,5,7,3711,0,0,0,NA,0,624,TEXAS ST,HOWARD AV,0,NA,Y,B,-,N,NA,NA,NA,NA,NA,NA,NA,NA,NA,N,3,0,1,2,A,-,11,21954,A,M,G,B,D,A,H,-,D,A,0,Y,NA,NA,NA,Y,NA,N,60,0,1,0,0,1,0,0,0,0,-,-,NA,NA,SAN DIEGO,SAN DIEGO,-117.13880157470705,32.754032135009766
9370655,2021,2021-12-29,3709,2021-11-24,0136,NC0531,NA,3,5,5,3709,0,0,0,NA,0,020,EAST DIVISION ST,E DIVISON ST 400,0,NA,Y,A,-,N,NA,NA,NA,NA,NA,NA,NA,NA,NA,Y,3,0,1,4,A,-,01,23152,A,N,B,E,A,A,H,-,D,D,0,NA,NA,NA,NA,Y,NA,A,01,0,1,0,0,0,0,0,0,0,-,-,NA,NA,SAN DIEGO,NATIONAL CITY,-117.0776824951172,32.691654205322266
9372219,2022,2022-06-25,3711,2022-05-06,1505,SD7335,NA,5,5,7,3711,0,0,0,NA,0,836,HOME AV,FAIRMOUNT DR,135,E,N,A,-,N,NA,NA,NA,NA,NA,NA,NA,NA,NA,N,4,0,2,2,A,-,21,22106,NA,N,C,C,A,A,H,-,A,A,0,NA,NA,NA,NA,Y,NA,J,48,0,0,2,0,0,0,0,0,0,-,-,NA,NA,SAN DIEGO,SAN DIEGO,-117.09941864013672,32.729129791259766
9372471,2021,2021-11-30,3702,2021-09-16,1622,CV1283,NA,4,5,6,3702,0,0,0,NA,0,042,SANTA PAULA DR,OTAY LAKES RD,243,S,N,A,-,N,NA,NA,NA,NA,NA,NA,NA,NA,NA,Y,4,0,1,1,A,-,03,22350,NA,N,F,A,A,A,H,-,A,D,0,NA,NA,Y,NA,Y,NA,C,02,0,0,1,0,0,0,0,0,1,-,-,NA,NA,SAN DIEGO,CHULA VISTA,-116.97550201416016,32.64299011230469
9372804,2021,2021-12-16,3711,2021-11-19,1849,SD7555,NA,5,5,7,3711,0,0,0,NA,0,934,DEL MAR HEIGHTS RD,PASEO PL,360,W,N,A,-,N,NA,NA,NA,NA,NA,NA,NA,NA,NA,Y,4,0,1,3,A,-,03,22350,NA,N,C,A,A,A,H,-,C,D,0,NA,NA,NA,NA,Y,Y,A,01,0,0,1,0,0,0,0,0,0,-,-,NA,NA,SAN DIEGO,SAN DIEGO,-117.23764038085938,32.95245361328125
9372865,2021,2021-12-21,3711,2021-11-19,0002,SD1448,NA,5,5,7,3711,0,0,0,NA,0,511,HARBOR DR,SOUTH 32ND ST,0,NA,Y,-,-,N,NA,NA,NA,NA,NA,NA,NA,NA,NA,N,3,0,1,2,A,-,08,38314,NA,N,-,-,A,-,-,-,-,-,0,NA,NA,NA,NA,Y,NA,A,01,0,1,0,0,0,0,0,0,0,-,-,NA,NA,SAN DIEGO,SAN DIEGO,-117.12542724609376,32.68584060668945