CASE_ID,ACCIDENT_YEAR,PROC_DATE,JURIS,COLLISION_DATE,COLLISION_TIME,OFFICER_ID,REPORTING_DISTRICT,DAY_OF_WEEK,CHP_SHIFT,POPULATION,CNTY_CITY_LOC,SPECIAL_COND,BEAT_TYPE,CHP_BEAT_TYPE,CITY_DIVISION_LAPD,CHP_BEAT_CLASS,BEAT_NUMBER,PRIMARY_RD,SECONDARY_RD,DISTANCE,DIRECTION,INTERSECTION,WEATHER_1,WEATHER_2,STATE_HWY_IND,CALTRANS_COUNTY,CALTRANS_DISTRICT,STATE_ROUTE,ROUTE_SUFFIX,POSTMILE_PREFIX,POSTMILE,LOCATION_TYPE,RAMP_INTERSECTION,SIDE_OF_HWY,TOW_AWAY,COLLISION_SEVERITY,NUMBER_KILLED,NUMBER_INJURED,PARTY_COUNT,PRIMARY_COLL_FACTOR,PCF_CODE_OF_VIOL,PCF_VIOL_CATEGORY,PCF_VIOLATION,PCF_VIOL_SUBSECTION,HIT_AND_RUN,TYPE_OF_COLLISION,MVIW,PED_ACTION,ROAD_SURFACE,ROAD_COND_1,ROAD_COND_2,LIGHTING,CONTROL_DEVICE,CHP_ROAD_TYPE,PEDESTRIAN_ACCIDENT,BICYCLE_ACCIDENT,MOTORCYCLE_ACCIDENT,TRUCK_ACCIDENT,NOT_PRIVATE_PROPERTY,ALCOHOL_INVOLVED,STWD_VEHTYPE_AT_FAULT,CHP_VEHTYPE_AT_FAULT,COUNT_SEVERE_INJ,COUNT_VISIBLE_INJ,COUNT_COMPLAINT_PAIN,COUNT_PED_KILLED,COUNT_PED_INJURED,COUNT_BICYCLIST_KILLED,COUNT_BICYCLIST_INJURED,COUNT_MC_KILLED,COUNT_MC_INJURED,PRIMARY_RAMP,SECONDARY_RAMP,LATITUDE,LONGITUDE,COUNTY,CITY,POINT_X,POINT_Y
9819918,2025,2025-10-14,3711,2025-09-10,1940,SD6513,NA,3,5,7,3711,0,0,0,NA,0,122,GRAND AV,LEE ST,681,E,N,A,-,N,NA,NA,NA,NA,NA,NA,NA,NA,NA,N,2,0,1,2,A,-,11,21954,A,N,G,B,D,A,H,-,C,D,0,Y,NA,NA,NA,Y,NA,N,60,1,0,0,0,1,0,0,0,0,-,-,NA,NA,SAN DIEGO,SAN DIEGO,-117.22251129150392,32.80182647705078
9820004,2025,2025-10-27,3711,2025-09-16,2140,SD1841,NA,2,5,7,3711,0,0,0,NA,0,611,NORTH HARBOR DR,NORTH HARBOR DR 2900,0,NA,N,B,-,N,NA,NA,NA,NA,NA,NA,NA,NA,NA,N,3,0,1,2,A,-,04,21703,NA,M,C,C,A,A,-,-,C,-,0,NA,NA,NA,NA,Y,NA,-,NA,0,1,0,0,0,0,0,0,0,-,-,NA,NA,SAN DIEGO,SAN DIEGO,-117.17105865478516,32.71147155761719
9820006,2025,2025-10-22,3711,2025-09-16,1139,SD1511,NA,2,5,7,3711,0,0,0,NA,0,524,BROADWAY,8TH AV,0,NA,Y,A,-,N,NA,NA,NA,NA,NA,NA,NA,NA,NA,N,3,0,1,2,A,-,10,21950,A,N,G,B,B,A,H,-,A,A,0,Y,NA,NA,NA,Y,NA,A,01,0,1,0,0,1,0,0,0,0,-,-,NA,NA,SAN DIEGO,SAN DIEGO,-117.15740966796876,32.715721130371094
9820895,2025,2025-08-29,3711,2025-08-10,1654,SD2121,NA,7,5,7,3711,0,0,0,NA,0,526,4TH AV,CEDAR ST,0,NA,Y,A,-,N,NA,NA,NA,NA,NA,NA,NA,NA,NA,Y,4,0,1,2,A,-,09,21800,A,N,D,C,A,A,H,-,A,A,0,NA,NA,NA,NA,Y,NA,A,01,0,0,1,0,0,0,0,0,0,-,-,NA,NA,SAN DIEGO,SAN DIEGO,-117.1611099243164,32.72196578979492
9821112,2025,2025-08-05,3711,2025-07-18,941,SD1706,NA,5,5,7,3711,0,0,0,NA,0,518,DALE ST,CEDAR ST,0,NA,Y,A,-,N,NA,NA,NA,NA,NA,NA,NA,NA,NA,N,3,0,2,2,A,-,09,21803,A,N,D,C,A,A,H,-,A,A,0,NA,NA,NA,NA,Y,NA,J,48,0,2,0,0,0,0,0,0,0,-,-,NA,NA,SAN DIEGO,SAN DIEGO,-117.1311492919922,32.722354888916016
9821698,2025,2025-10-06,3711,2025-08-01,1440,SD1534,NA,5,5,7,3711,0,0,0,NA,0,313,RUFFIN RD,RIDGEHAVEN CT,0,NA,Y,A,-,N,NA,NA,NA,NA,NA,NA,NA,NA,NA,Y,3,0,1,2,A,-,08,22100,B,N,D,C,A,A,H,-,A,D,0,NA,NA,Y,NA,Y,NA,A,01,0,1,0,0,0,0,0,0,1,-,-,NA,NA,SAN DIEGO,SAN DIEGO,-117.12651824951172,32.81947326660156
9821911,2025,2025-08-18,3700,2025-05-20,1900,SH0671,NA,2,5,5,3781,0,0,0,NA,0,NA,N MAGNOLIA AV,PARK CENTER DR,140,N,N,A,-,N,NA,NA,NA,NA,NA,NA,NA,NA,NA,Y,3,0,3,3,A,-,03,22350,NA,N,C,C,A,A,H,-,A,D,0,NA,NA,NA,NA,Y,NA,A,01,0,3,0,0,0,0,0,0,0,-,-,32.849159240722656,-116.96997833251952,SAN DIEGO,SANTEE,-116.96810150146484,32.8399772644043
9822557,2024,2025-01-03,3702,2024-12-19,1519,CV1340,NA,4,5,6,3702,0,0,0,NA,0,013,L ST,OAKLAWN AV,0,NA,Y,A,-,N,NA,NA,NA,NA,NA,NA,NA,NA,NA,N,4,0,2,2,A,-,08,22107,NA,N,D,C,A,A,H,-,A,D,0,NA,NA,NA,NA,Y,NA,A,07,0,0,2,0,0,0,0,0,0,-,-,NA,NA,SAN DIEGO,CHULA VISTA,-117.08773803710938,32.61614227294922
9822665,2025,2025-08-27,3711,2025-08-15,1635,SD1767,NA,5,5,7,3711,0,0,0,NA,0,512,OCEAN VIEW BL,31ST ST,0,NA,Y,A,-,N,NA,NA,NA,NA,NA,NA,NA,NA,NA,N,3,0,1,2,A,-,12,21453,A,N,G,B,D,A,H,-,A,A,0,Y,NA,NA,NA,Y,NA,N,60,0,1,0,0,1,0,0,0,0,-,-,NA,NA,SAN DIEGO,SAN DIEGO,-117.12738800048828,32.701202392578125
9824228,2025,2025-10-10,3711,2025-09-26,1352,SD7290,NA,5,5,7,3711,0,0,0,NA,0,821,EL CAJON BL,EL CAJON BL 6800,0,NA,N,A,-,N,NA,NA,NA,NA,NA,NA,NA,NA,NA,N,3,0,1,2,A,-,03,22350,NA,M,C,C,A,A,H,-,A,D,0,NA,NA,NA,NA,Y,NA,-,99,0,1,0,0,0,0,0,0,0,-,-,NA,NA,SAN DIEGO,SAN DIEGO,-116.9778289794922,32.784767150878906
9824287,2025,2025-09-25,3705,2025-08-03,1545,EC0383,NA,7,5,5,3705,0,0,0,NA,0,002,BROADWAY,GRAVES AV,0,NA,Y,A,-,N,NA,NA,NA,NA,NA,NA,NA,NA,NA,Y,3,0,2,2,D,-,00,NA,NA,N,D,C,A,A,H,-,A,A,0,NA,NA,NA,NA,Y,NA,-,-,0,2,0,0,0,0,0,0,0,-,-,NA,NA,SAN DIEGO,EL CAJON,-116.96038818359376,32.80778121948242
9824854,2025,2025-09-11,3711,2025-08-29,1959,SD1921,NA,5,5,7,3711,0,0,0,NA,0,523,6TH AV,MARKET,0,NA,Y,A,-,N,NA,NA,NA,NA,NA,NA,NA,NA,NA,N,2,0,1,2,A,-,08,22107,NA,N,G,B,F,A,H,-,C,A,0,Y,NA,NA,NA,Y,NA,A,01,1,0,0,0,1,0,0,0,0,-,-,NA,NA,SAN DIEGO,SAN DIEGO,-117.15927124023438,32.711509704589844
9824855,2025,2025-09-11,3711,2025-08-29,2250,SD1687,NA,5,5,7,3711,0,0,0,NA,0,613,MENDOCINO ST,VOLTAIRE ST,0,NA,Y,A,-,N,NA,NA,NA,NA,NA,NA,NA,NA,NA,Y,3,0,2,4,A,-,08,22107,NA,N,C,C,A,A,H,-,C,A,0,NA,NA,NA,NA,Y,Y,A,01,0,2,0,0,0,0,0,0,0,-,-,NA,NA,SAN DIEGO,SAN DIEGO,-117.23569488525392,32.745094299316406
9825005,2025,2025-10-08,3702,2025-09-13,809,CV1450,NA,6,5,6,3702,0,0,0,NA,0,013,MARINA PKWY,BAY BL,0,NA,Y,B,-,N,NA,NA,NA,NA,NA,NA,NA,NA,NA,Y,3,0,1,2,A,-,12,22450,A,N,D,C,A,A,H,-,A,D,0,NA,NA,NA,NA,Y,NA,A,01,0,1,0,0,0,0,0,0,0,-,-,NA,NA,SAN DIEGO,CHULA VISTA,-117.09474182128906,32.62186813354492
9825047,2025,2025-09-15,3711,2025-08-12,1450,SD7820,NA,2,5,7,3711,0,0,0,NA,0,712,OTAY MESA RD,OTAY MESA RD 4345,0,NA,N,A,-,N,NA,NA,NA,NA,NA,NA,NA,NA,NA,N,4,0,1,2,A,-,03,22350,NA,N,C,C,A,A,H,-,A,D,0,NA,NA,NA,NA,Y,NA,A,01,0,0,1,0,0,0,0,0,0,-,-,NA,NA,SAN DIEGO,SAN DIEGO,-116.96665191650392,32.56774139404297
9825054,2025,2025-09-08,3711,2025-08-27,1656,SD6839,NA,3,5,7,3711,0,0,0,NA,0,932,CARMEL VALLEY RD,POINTE DEL MAR WY,0,NA,Y,A,-,N,NA,NA,NA,NA,NA,NA,NA,NA,NA,N,3,0,1,2,A,-,09,21801,A,N,A,G,A,A,H,-,A,A,0,NA,Y,NA,NA,Y,NA,A,01,0,1,0,0,0,0,1,0,0,-,-,NA,NA,SAN DIEGO,SAN DIEGO,-117.2430419921875,32.931358337402344
9825076,2025,2025-09-18,3702,2025-08-09,2135,CV1545,NA,6,5,6,3702,0,0,0,NA,0,012,H ST,JEFFERSON AV,146,E,N,A,-,N,NA,NA,NA,NA,NA,NA,NA,NA,NA,Y,3,0,1,2,A,-,08,22107,NA,N,D,C,A,A,H,-,C,D,0,NA,NA,NA,NA,Y,NA,A,01,0,1,0,0,0,0,0,0,0,-,-,NA,NA,SAN DIEGO,CHULA VISTA,-117.09140014648438,32.63043212890625
9825128,2025,2025-09-09,3702,2025-08-01,709,CV1448,NA,5,5,6,3702,0,0,0,NA,0,012,BROADWAY,G ST,609,N,N,B,-,N,NA,NA,NA,NA,NA,NA,NA,NA,NA,Y,3,0,1,2,A,-,08,22107,NA,N,C,C,A,A,H,-,A,D,0,NA,NA,NA,NA,Y,NA,-,NA,0,1,0,0,0,0,0,0,0,-,-,NA,NA,SAN DIEGO,CHULA VISTA,-117.09143829345705,32.635990142822266
9825132,2025,2025-09-09,3702,2025-08-02,200,CV1523,NA,6,5,6,3702,0,0,0,NA,0,021,L ST,WOODLAWN,0,NA,Y,A,-,N,NA,NA,NA,NA,NA,NA,NA,NA,NA,N,3,0,1,2,A,-,00,21760,C,F,C,G,A,A,H,-,C,D,0,NA,Y,NA,NA,Y,Y,-,NA,0,1,0,0,0,0,1,0,0,-,-,NA,NA,SAN DIEGO,CHULA VISTA,-117.0885009765625,32.615928649902344
9825475,2025,2025-09-05,3702,2025-08-14,1215,CV1390,NA,4,5,6,3702,0,0,0,NA,0,022,L ST,2ND AV,601,W,N,A,-,N,NA,NA,NA,NA,NA,NA,NA,NA,NA,N,3,0,1,2,C,-,18,NA,NA,N,E,J,A,A,H,-,A,A,0,NA,NA,NA,Y,Y,NA,-,-,0,1,0,0,0,0,0,0,0,-,-,NA,NA,SAN DIEGO,CHULA VISTA,-117.06974029541016,32.62166213989258
9825576,2025,2025-09-09,3700,2025-07-01,57,SH0392,NA,2,5,4,3780,0,0,0,NA,0,411,POWAY RD,WESTMARK WY,0,NA,Y,A,-,N,NA,NA,NA,NA,NA,NA,NA,NA,NA,Y,3,0,1,1,A,-,01,23152,G,N,E,I,A,A,H,-,C,D,0,NA,NA,NA,NA,Y,Y,A,01,0,1,0,0,0,0,0,0,0,-,-,NA,NA,SAN DIEGO,POWAY,-117.03237152099608,32.95627212524414
9825777,2025,2025-10-22,3711,2025-09-30,1435,SD1985,NA,2,5,7,3711,0,0,0,NA,0,242,FLANDERS DR,FLANDERS DR 7646,0,NA,N,A,-,N,NA,NA,NA,NA,NA,NA,NA,NA,NA,Y,4,0,1,2,A,-,08,22107,NA,N,B,C,A,A,H,-,A,-,0,NA,NA,NA,NA,Y,NA,A,01,0,0,1,0,0,0,0,0,0,-,-,NA,NA,SAN DIEGO,SAN DIEGO,-117.15547943115234,32.90690612792969
9826035,2025,2025-06-17,3711,2025-05-27,1720,SD7759,NA,2,5,7,3711,0,0,0,NA,0,124,LA JOLLA BL,MARINE ST,0,NA,-,A,-,N,NA,NA,NA,NA,NA,NA,NA,NA,NA,Y,3,0,3,2,A,-,03,22350,NA,N,C,C,A,A,H,-,A,-,0,NA,NA,NA,NA,Y,NA,A,08,0,2,1,0,0,0,0,0,0,-,-,NA,NA,SAN DIEGO,SAN DIEGO,-117.27820587158205,32.83748245239258
9826551,2025,2025-07-01,3711,2025-06-16,1622,SD1525,NA,1,5,7,3711,0,0,0,NA,0,121,MISSION BL,MISSION BL 3705,0,NA,N,A,-,N,NA,NA,NA,NA,NA,NA,NA,NA,NA,N,3,0,1,2,A,-,04,21703,NA,N,H,-,A,A,H,-,A,A,0,NA,NA,Y,NA,Y,NA,C,02,0,1,0,0,0,0,0,0,1,-,-,NA,NA,SAN DIEGO,SAN DIEGO,-117.23729705810548,33.25777053833008
9826920,2025,2025-07-22,3711,2025-06-26,1445,SD6176,NA,4,5,7,3711,0,0,0,NA,0,451,54TH ST,REDWOOD ST,528,N,N,A,-,N,NA,NA,NA,NA,NA,NA,NA,NA,NA,Y,3,0,1,3,A,-,03,22350,NA,N,C,C,A,A,H,-,A,D,0,NA,NA,NA,NA,Y,NA,D,22,0,1,0,0,0,0,0,0,0,-,-,NA,NA,SAN DIEGO,SAN DIEGO,-117.07980346679688,32.7391242980957
9827493,2025,2025-07-29,3711,2025-07-02,945,SD6639,NA,3,5,7,3711,0,0,0,NA,0,514,G ST,G ST 2400,85,E,N,A,-,N,NA,NA,NA,NA,NA,NA,NA,NA,NA,N,4,0,1,2,A,-,03,22350,NA,M,G,B,E,A,H,-,A,D,0,Y,NA,NA,NA,Y,NA,-,NA,0,0,1,0,1,0,0,0,0,-,-,NA,NA,SAN DIEGO,SAN DIEGO,-117.1635284423828,32.712554931640625
9827858,2025,2025-06-30,3711,2025-06-07,200,SD1984,NA,6,5,7,3711,0,0,0,NA,0,232,CONFERENCE WY,CARMEL MOUNTAIN RD,0,NA,Y,A,B,N,NA,NA,NA,NA,NA,NA,NA,NA,NA,Y,4,0,1,1,A,-,08,22107,NA,N,A,I,A,A,H,-,C,A,0,NA,NA,NA,NA,Y,Y,A,01,0,0,1,0,0,0,0,0,0,-,-,NA,NA,SAN DIEGO,SAN DIEGO,-117.07559204101563,32.98563766479492
9828454,2025,2025-07-02,3711,2025-06-13,2140,SD2140,NA,5,5,7,3711,0,0,0,NA,0,451,COLLEGE GROVE AV,CAMINITO CHOLLAS,0,NA,Y,A,-,N,NA,NA,NA,NA,NA,NA,NA,NA,NA,Y,3,0,1,1,A,-,08,22107,NA,N,E,I,A,A,H,-,C,D,0,NA,NA,NA,NA,Y,NA,A,01,0,1,0,0,0,0,0,0,0,-,-,NA,NA,SAN DIEGO,SAN DIEGO,-117.07150268554688,32.73568344116211
9828484,2025,2025-08-04,3710,2025-07-16,156,OC0873,NA,3,5,6,3710,0,0,0,NA,0,018,NORTH REDONDO DR,SIESTA DR,52,W,N,A,-,N,NA,NA,NA,NA,NA,NA,NA,NA,NA,Y,3,0,1,5,A,-,01,23152,A,N,B,E,A,A,H,-,C,D,0,NA,NA,NA,NA,Y,Y,D,22,0,1,0,0,0,0,0,0,0,-,-,NA,NA,SAN DIEGO,OCEANSIDE,-117.30352783203124,33.254642486572266
9831059,2025,2025-07-08,3711,2025-06-18,1056,SD7024,NA,3,5,7,3711,0,0,0,NA,0,451,COLLEGE GROVE DR,COLLEGE GROVE DR 5600,0,NA,N,A,-,N,NA,NA,NA,NA,NA,NA,NA,NA,NA,N,3,0,1,1,A,-,03,22350,NA,N,H,-,A,A,H,-,A,D,0,NA,Y,NA,NA,Y,NA,L,04,0,1,0,0,0,0,1,0,0,-,-,NA,NA,SAN DIEGO,SAN DIEGO,-117.05831909179688,32.73819351196289
9831241,2025,2025-07-10,3711,2025-06-26,2320,SD1993,NA,4,5,7,3711,0,0,0,NA,0,315,HOTEL CIRCLE NORTH,FASHION VALLEY RD,1056,N,N,A,-,N,NA,NA,NA,NA,NA,NA,NA,NA,NA,N,3,0,2,2,A,-,08,22107,NA,N,A,C,A,A,H,-,C,D,0,NA,NA,NA,NA,Y,Y,A,01,0,2,0,0,0,0,0,0,0,-,-,NA,NA,SAN DIEGO,SAN DIEGO,-117.16629028320313,32.76123046875
9831650,2025,2025-07-09,3711,2025-03-27,2151,SD1928,NA,4,5,7,3711,0,0,0,NA,0,614,POINT LOMA BL,SUNSET CLIFFS BL,0,NA,Y,A,-,N,NA,NA,NA,NA,NA,NA,NA,NA,NA,N,3,0,1,2,A,-,11,21955,NA,N,G,B,D,A,H,-,C,A,0,Y,NA,NA,NA,Y,Y,N,60,0,1,0,0,1,0,0,0,0,-,-,NA,NA,SAN DIEGO,SAN DIEGO,-117.24227142333984,32.750938415527344
9832679,2025,2025-07-24,3711,2025-07-06,30,SD2135,NA,7,5,7,3711,0,0,0,NA,0,813,LINCOLN AV,30TH ST,0,NA,Y,A,-,N,NA,NA,NA,NA,NA,NA,NA,NA,NA,Y,3,0,1,2,A,-,08,22107,NA,N,A,C,A,A,H,-,C,A,0,NA,NA,NA,NA,Y,NA,A,01,0,1,0,0,0,0,0,0,0,-,-,NA,NA,SAN DIEGO,SAN DIEGO,-117.13015747070313,32.750335693359375
9832882,2025,2025-07-21,3711,2025-06-16,2311,SD2108,NA,1,5,7,3711,0,0,0,NA,0,124,GILMAN DR,GILMAN DR 8500,0,NA,N,B,-,N,NA,NA,NA,NA,NA,NA,NA,NA,NA,Y,3,0,1,7,A,-,08,22107,NA,N,C,C,A,A,H,-,C,D,0,NA,NA,NA,NA,Y,NA,A,07,0,1,0,0,0,0,0,0,0,-,-,NA,NA,SAN DIEGO,SAN DIEGO,-117.22924041748048,32.88129425048828
9832910,2025,2025-07-15,3700,2025-06-20,2131,SH0769,NA,5,5,5,3712,0,0,0,NA,0,360,CRAVEN RD,SANTA BARBARA DR,0,NA,Y,A,-,N,NA,NA,NA,NA,NA,NA,NA,NA,NA,Y,3,0,1,1,A,-,01,23152,A,N,E,I,A,A,H,-,C,A,0,NA,NA,NA,NA,Y,Y,-,NA,0,1,0,0,0,0,0,0,0,-,-,NA,NA,SAN DIEGO,SAN MARCOS,-117.1740264892578,33.12738800048828
9832946,2025,2025-07-24,3710,2025-07-07,2005,OC1382,NA,1,5,6,3710,0,0,0,NA,0,035,COLLEGE BL,RT 76,125,N,N,A,-,N,NA,NA,NA,NA,NA,NA,NA,NA,NA,N,3,0,2,2,A,-,03,22350,NA,N,C,C,A,A,H,-,A,A,0,NA,NA,NA,NA,Y,NA,A,01,0,1,1,0,0,0,0,0,0,-,-,NA,NA,SAN DIEGO,OCEANSIDE,-117.28990936279295,33.24391174316406
9832958,2025,2025-07-25,3711,2025-07-05,1305,SD7008,NA,6,5,7,3711,0,0,0,NA,0,122,CASS ST,TOURMALINE ST,85,S,N,A,-,N,NA,NA,NA,NA,NA,NA,NA,NA,NA,N,3,0,1,2,A,-,17,22517,NA,N,B,G,A,A,H,-,A,A,0,NA,Y,NA,NA,Y,NA,A,01,0,1,0,0,0,0,1,0,0,-,-,NA,NA,SAN DIEGO,SAN DIEGO,-117.2549285888672,32.8074836730957
9833048,2025,2025-07-21,3710,2025-06-22,1905,OC1382,NA,7,5,6,3710,0,0,0,NA,0,019,NORTH RIVER RD,WILSHIRE RD,0,NA,Y,A,-,N,NA,NA,NA,NA,NA,NA,NA,NA,NA,Y,4,0,1,2,A,-,05,21651,A,N,A,C,A,A,H,-,A,D,0,NA,NA,NA,NA,Y,NA,A,01,0,0,1,0,0,0,0,0,0,-,-,NA,NA,SAN DIEGO,OCEANSIDE,-117.27716827392578,33.25831985473633
9833358,2025,2025-07-24,3710,2025-07-10,932,OC1572,NA,4,5,6,3710,0,0,0,NA,0,030,COLLEGE BL,ROSELLE AV,0,NA,Y,A,-,N,NA,NA,NA,NA,NA,NA,NA,NA,NA,Y,3,0,3,2,A,-,12,21453,A,N,D,C,A,A,H,-,A,A,0,NA,NA,NA,NA,Y,NA,A,01,0,2,1,0,0,0,0,0,0,-,-,NA,NA,SAN DIEGO,OCEANSIDE,-117.29479217529295,33.192073822021484
9833364,2025,2025-07-24,3710,2025-07-08,2007,OC1533,NA,2,5,6,3710,0,0,0,NA,0,036,MELROSE DR,MEADOWBROOK DR,889,N,N,A,-,N,NA,NA,NA,NA,NA,NA,NA,NA,NA,Y,4,0,1,1,A,-,03,22350,NA,N,E,I,A,A,H,-,A,A,0,NA,NA,NA,NA,Y,NA,A,01,0,0,1,0,0,0,0,0,0,-,-,NA,NA,SAN DIEGO,OCEANSIDE,-117.26380157470705,33.225791931152344
9833382,2025,2025-07-21,3702,2025-06-11,1250,CV1517,NA,3,5,6,3702,0,0,0,NA,0,042,OLYMPIC PKWY,PALOMAR ST,46,E,N,A,-,N,NA,NA,NA,NA,NA,NA,NA,NA,NA,Y,3,0,3,2,A,-,04,21703,NA,N,C,C,A,A,H,-,A,A,0,NA,NA,NA,NA,Y,NA,A,01,0,1,2,0,0,0,0,0,0,-,-,NA,NA,SAN DIEGO,CHULA VISTA,-116.97940063476563,32.629634857177734
9833644,2025,2025-08-22,3711,2025-07-09,1039,SD5985,NA,3,5,7,3711,0,0,0,NA,0,521,G ST,15TH ST,150,W,N,A,-,N,NA,NA,NA,NA,NA,NA,NA,NA,NA,N,3,0,1,1,B,-,22,NA,NA,N,H,A,A,A,H,-,A,D,0,NA,NA,NA,NA,Y,NA,A,01,0,1,0,0,0,0,0,0,0,-,-,NA,NA,SAN DIEGO,SAN DIEGO,-117.15086364746094,32.71261978149414
9833684,2025,2025-07-31,3711,2025-06-30,1411,SD1799,NA,1,5,7,3711,0,0,0,NA,0,311,AERO DR,CORPORATE CT,47,E,N,A,-,N,NA,NA,NA,NA,NA,NA,NA,NA,NA,Y,3,0,2,2,A,-,07,21658,A,N,B,C,A,A,H,-,A,A,0,NA,NA,NA,NA,Y,Y,D,22,0,2,0,0,0,0,0,0,0,-,-,NA,NA,SAN DIEGO,SAN DIEGO,-117.13162994384766,32.80986404418945
9833686,2025,2025-07-31,3711,2025-06-08,1230,SD1042,NA,7,5,7,3711,0,0,0,NA,0,122,GARNET AV,KENDALL ST,196,E,N,B,-,N,NA,NA,NA,NA,NA,NA,NA,NA,NA,N,3,0,1,2,A,-,06,21755,NA,N,B,C,A,A,H,-,A,D,0,NA,NA,Y,NA,Y,NA,O,05,0,1,0,0,0,0,0,0,1,-,-,NA,NA,SAN DIEGO,SAN DIEGO,-117.23653411865234,32.80073547363281
9833806,2025,2025-09-02,3711,2025-07-04,425,SD1984,NA,5,5,7,3711,0,0,0,NA,0,235,SAN PASQUAL VALLEY RD,SAN PASQUAL VALLEY RD 16600,2640,E,N,A,-,N,NA,NA,NA,NA,NA,NA,NA,NA,NA,Y,3,0,2,2,A,-,08,22107,NA,N,A,C,A,A,H,-,D,D,0,NA,NA,NA,NA,Y,NA,A,01,0,2,0,0,0,0,0,0,0,-,-,NA,NA,SAN DIEGO,SAN DIEGO,-116.95523834228516,33.092586517333984
9833825,2025,2025-08-25,3711,2025-07-13,1806,SD2107,NA,7,5,7,3711,0,0,0,NA,0,313,CLAIREMONT MESA BL,RUFFNER ST,0,NA,Y,A,-,N,NA,NA,NA,NA,NA,NA,NA,NA,NA,Y,4,0,4,2,A,-,08,22100,A,N,D,C,A,A,H,-,A,A,0,NA,NA,NA,NA,Y,NA,A,01,0,0,4,0,0,0,0,0,0,-,-,NA,NA,SAN DIEGO,SAN DIEGO,-117.15921783447266,32.83270263671875
9833841,2025,2025-10-01,3711,2025-07-09,2320,SD7561,NA,3,5,7,3711,0,0,0,NA,0,233,PASEO MONTRIL,CIJON ST,900,N,N,A,-,N,NA,NA,NA,NA,NA,NA,NA,NA,NA,Y,3,0,1,4,A,-,08,22100,A,N,C,E,A,A,H,-,D,D,0,NA,NA,NA,NA,Y,Y,A,01,0,1,0,0,0,0,0,0,0,-,-,NA,NA,SAN DIEGO,SAN DIEGO,-117.1090850830078,32.9484748840332
9866465,2025,2025-08-04,3711,2025-07-24,912,SD7875,NA,4,5,7,3711,0,0,0,NA,0,445,MARKET ST,MARKET ST 4761,0,NA,N,A,-,N,NA,NA,NA,NA,NA,NA,NA,NA,NA,N,3,0,1,2,A,-,08,22107,NA,N,B,C,A,A,H,-,A,D,0,NA,NA,NA,NA,Y,Y,-,NA,0,1,0,0,0,0,0,0,0,-,-,NA,NA,SAN DIEGO,SAN DIEGO,-117.16378784179688,32.71141815185547
9866588,2025,2025-09-12,3710,2025-08-08,1339,OC1533,NA,5,5,6,3710,0,0,0,NA,0,032,RT 76,OLD GROVE RD,1104,W,N,A,-,Y,SD,11,76,-,R,4.69,H,-,E,Y,4,0,2,3,A,-,03,22350,NA,N,C,C,A,A,H,-,A,A,0,NA,NA,NA,NA,Y,NA,A,07,0,0,2,0,0,0,0,0,0,-,-,NA,NA,SAN DIEGO,OCEANSIDE,-117.31094360351563,33.23122024536133
9866839,2025,2025-09-26,3705,2025-01-12,1612,EC0407,NA,7,5,5,3705,0,0,0,NA,0,002,EAST MAIN ST,SHADY LN,0,NA,Y,A,-,N,NA,NA,NA,NA,NA,NA,NA,NA,NA,Y,1,1,1,3,A,-,01,23152,G,N,D,C,A,A,H,-,A,D,0,NA,NA,Y,NA,Y,NA,A,07,1,0,0,0,0,0,0,1,1,-,-,NA,NA,SAN DIEGO,EL CAJON,-116.93798065185548,32.79493713378906
9868368,2025,2025-08-28,3711,2025-08-05,2145,SD1721,NA,2,5,7,3711,0,0,0,NA,0,841,COLLEGE AV,COLLEGE AV 6100,115,S,N,A,-,N,NA,NA,NA,NA,NA,NA,NA,NA,NA,N,3,0,1,2,A,-,11,21950,B,N,G,B,D,A,H,-,C,D,0,Y,NA,NA,NA,Y,NA,N,60,0,1,0,0,1,0,0,0,0,-,-,NA,NA,SAN DIEGO,SAN DIEGO,-117.06704711914063,32.760135650634766
9868419,2025,2025-09-29,3711,2025-08-07,820,SD2047,NA,4,5,7,3711,0,0,0,NA,0,115,NOBEL DR,JUDICIAL DR,0,NA,Y,A,-,N,NA,NA,NA,NA,NA,NA,NA,NA,NA,N,4,0,1,2,A,-,12,21453,A,N,D,C,A,A,H,-,A,A,0,NA,NA,NA,NA,Y,NA,A,01,0,0,1,0,0,0,0,0,0,-,-,NA,NA,SAN DIEGO,SAN DIEGO,-117.197265625,32.86739730834961
9868423,2025,2025-09-29,3711,2025-08-06,1600,SD2004,NA,3,5,7,3711,0,0,0,NA,0,512,9TH AV,A ST,0,NA,Y,-,-,N,NA,NA,NA,NA,NA,NA,NA,NA,NA,N,3,0,1,2,A,-,09,21800,A,N,G,-,B,-,-,-,-,A,0,Y,NA,NA,NA,Y,NA,A,07,0,1,0,0,1,0,0,0,0,-,-,NA,NA,SAN DIEGO,SAN DIEGO,-117.15656280517578,32.7188606262207
9868509,2025,2025-08-06,3705,2025-06-04,1305,EC0390,NA,3,5,5,3705,0,0,0,NA,0,003,MADISON AV,EL RANCHO DR,640,W,N,B,-,N,NA,NA,NA,NA,NA,NA,NA,NA,NA,N,3,0,1,2,A,-,08,22107,NA,N,D,C,A,A,H,-,A,D,0,NA,NA,Y,NA,Y,NA,A,01,0,1,0,0,0,0,0,0,1,-,-,NA,NA,SAN DIEGO,EL CAJON,-116.91420745849608,32.8001823425293
9869629,2025,2025-09-02,3711,2025-08-08,311,SD1685,NA,5,5,7,3711,0,0,0,NA,0,124,TORREY PINES RD,ROSELAND DR,20,E,N,A,-,N,NA,NA,NA,NA,NA,NA,NA,NA,NA,Y,2,0,1,1,A,-,08,22107,NA,N,A,-,A,A,H,-,C,D,0,NA,NA,Y,NA,Y,NA,C,02,1,0,0,0,0,0,0,0,1,-,-,NA,NA,SAN DIEGO,SAN DIEGO,-117.25689697265624,32.84990310668945
9869634,2025,2025-09-02,3711,2025-08-12,1220,SD7746,NA,2,5,7,3711,0,0,0,NA,0,233,PENASQUITOS DR,CARMEL MT RD,0,NA,Y,A,-,N,NA,NA,NA,NA,NA,NA,NA,NA,NA,Y,3,0,3,3,A,-,12,21453,A,N,G,B,F,A,H,-,A,A,0,Y,NA,NA,NA,Y,NA,I,11,0,3,0,0,0,0,0,0,0,-,-,NA,NA,SAN DIEGO,SAN DIEGO,-117.09037017822266,32.97751235961914