CASE_ID,ACCIDENT_YEAR,PROC_DATE,JURIS,COLLISION_DATE,COLLISION_TIME,OFFICER_ID,REPORTING_DISTRICT,DAY_OF_WEEK,CHP_SHIFT,POPULATION,CNTY_CITY_LOC,SPECIAL_COND,BEAT_TYPE,CHP_BEAT_TYPE,CITY_DIVISION_LAPD,CHP_BEAT_CLASS,BEAT_NUMBER,PRIMARY_RD,SECONDARY_RD,DISTANCE,DIRECTION,INTERSECTION,WEATHER_1,WEATHER_2,STATE_HWY_IND,CALTRANS_COUNTY,CALTRANS_DISTRICT,STATE_ROUTE,ROUTE_SUFFIX,POSTMILE_PREFIX,POSTMILE,LOCATION_TYPE,RAMP_INTERSECTION,SIDE_OF_HWY,TOW_AWAY,COLLISION_SEVERITY,NUMBER_KILLED,NUMBER_INJURED,PARTY_COUNT,PRIMARY_COLL_FACTOR,PCF_CODE_OF_VIOL,PCF_VIOL_CATEGORY,PCF_VIOLATION,PCF_VIOL_SUBSECTION,HIT_AND_RUN,TYPE_OF_COLLISION,MVIW,PED_ACTION,ROAD_SURFACE,ROAD_COND_1,ROAD_COND_2,LIGHTING,CONTROL_DEVICE,CHP_ROAD_TYPE,PEDESTRIAN_ACCIDENT,BICYCLE_ACCIDENT,MOTORCYCLE_ACCIDENT,TRUCK_ACCIDENT,NOT_PRIVATE_PROPERTY,ALCOHOL_INVOLVED,STWD_VEHTYPE_AT_FAULT,CHP_VEHTYPE_AT_FAULT,COUNT_SEVERE_INJ,COUNT_VISIBLE_INJ,COUNT_COMPLAINT_PAIN,COUNT_PED_KILLED,COUNT_PED_INJURED,COUNT_BICYCLIST_KILLED,COUNT_BICYCLIST_INJURED,COUNT_MC_KILLED,COUNT_MC_INJURED,PRIMARY_RAMP,SECONDARY_RAMP,LATITUDE,LONGITUDE,COUNTY,CITY,POINT_X,POINT_Y
6519277,2014,2014-08-08,3711,2014-06-02,1225,5300,NA,1,5,7,3711,0,0,0,NA,0,614,SUNSET CLIFFS BL,NIMITZ BL,110,W,N,A,-,N,NA,NA,NA,NA,NA,NA,NA,NA,NA,N,4,0,1,3,A,-,03,22350,NA,N,C,C,A,A,H,-,A,D,0,NA,NA,NA,NA,Y,NA,-,NA,0,0,1,0,0,0,0,0,0,-,-,NA,NA,SAN DIEGO,SAN DIEGO,-117.2376143,32.75397758
6519310,2014,2014-07-31,3701,2014-05-29,1702,5291,77,4,5,5,3701,0,0,0,NA,0,006,COLLEGE BL,PALOMAR AIRPORT RD,710,N,N,A,-,N,NA,NA,NA,NA,NA,NA,NA,NA,NA,N,3,0,1,2,A,-,11,21954,A,N,G,B,D,A,H,-,A,D,0,Y,NA,Y,NA,Y,NA,N,60,0,1,0,0,1,0,0,0,0,-,-,NA,NA,SAN DIEGO,CARLSBAD,-117.3011537,33.1260754
6519482,2014,2014-07-31,9645,2014-05-30,1150,14922,NA,5,1,9,3700,0,3,5,NA,2,018,BONITA RD,CENTRAL AV,12,E,N,A,-,N,NA,NA,NA,NA,NA,NA,NA,NA,NA,N,4,0,1,2,A,-,03,22350,NA,N,C,C,A,A,H,-,A,A,0,NA,NA,NA,NA,Y,NA,A,01,0,0,1,0,0,0,0,0,0,-,-,32.66898,-117.02294,SAN DIEGO,UNINCORPORATED,-117.02294,32.66873
6523445,2014,2016-03-28,9645,2014-06-10,0953,14669,NA,2,1,7,3711,0,1,1,NA,2,015,RT 805,RT 52,616,S,N,A,-,Y,SD,11,805,-,-,23.46,H,-,N,N,4,0,1,2,A,-,08,22107,NA,N,B,C,A,A,H,-,A,D,1,NA,NA,Y,NA,Y,NA,C,02,0,0,1,0,0,0,0,0,1,-,-,32.844970000000004,-117.17619,SAN DIEGO,SAN DIEGO,-117.17639213,32.84503034
6523623,2014,2014-07-08,3705,2014-03-18,1759,EC0301,NA,2,5,5,3705,0,0,0,NA,0,009,MAIN,1ST,0,NA,Y,A,-,N,NA,NA,NA,NA,NA,NA,NA,NA,NA,Y,3,0,6,3,A,-,12,21453,A,N,D,C,A,A,H,-,A,A,0,NA,NA,NA,NA,Y,NA,A,01,0,1,5,0,0,0,0,0,0,-,-,NA,NA,SAN DIEGO,EL CAJON,-116.94460005,32.79494003
6523712,2014,2015-03-18,9645,2014-06-02,1115,016439,NA,1,1,7,3711,0,1,1,NA,2,011,RT 805,HOME AV,200,S,N,A,-,Y,SD,11,805,-,-,13.91,H,-,N,Y,4,0,1,2,A,-,03,22350,NA,N,C,C,A,A,H,-,A,D,1,NA,NA,NA,NA,Y,NA,A,07,0,0,1,0,0,0,0,0,0,-,-,32.72537,-117.1028,SAN DIEGO,SAN DIEGO,-117.10305172,32.72517573
6523781,2014,2014-07-22,3705,2014-04-30,1504,EC5258,NA,3,5,5,3705,0,0,0,NA,0,008,W CHASE AV,PINE ST,10,W,N,A,-,N,NA,NA,NA,NA,NA,NA,NA,NA,NA,N,3,0,1,2,A,-,05,21650,1,N,D,G,A,A,H,-,A,D,0,NA,Y,NA,NA,Y,NA,L,04,0,1,0,0,0,0,1,0,0,-,-,NA,NA,SAN DIEGO,EL CAJON,-116.97843649000001,32.78273578
6523804,2014,2014-08-04,3705,2014-05-08,0010,EC0324,NA,4,5,5,3705,0,0,0,NA,0,007,GREENFIELD,ARLINGTON PL,59,E,N,A,-,N,NA,NA,NA,NA,NA,NA,NA,NA,NA,Y,3,0,1,3,A,-,01,23152,A,N,C,E,A,A,H,-,D,D,0,NA,NA,Y,NA,Y,NA,A,01,0,1,0,0,0,0,0,0,0,-,-,NA,NA,SAN DIEGO,EL CAJON,-116.93457866,32.81335029
6523833,2014,2014-07-18,3705,2014-04-10,1428,EC0301,NA,4,5,5,3705,0,0,0,NA,0,009,JAMACHA,SUNNYLAND,125,N,N,A,-,N,NA,NA,NA,NA,NA,NA,NA,NA,NA,Y,3,0,1,3,C,-,18,NA,NA,N,B,E,A,A,H,-,A,D,0,NA,NA,NA,NA,Y,NA,-,-,0,1,0,0,0,0,0,0,0,-,-,NA,NA,SAN DIEGO,EL CAJON,-116.93177485,32.7909435
6524161,2014,2014-08-06,3711,2014-05-07,1930,5133,NA,3,5,7,3711,0,0,0,NA,0,432,OLVERA AV,LAS FLORES TER 500,0,NA,N,A,-,N,NA,NA,NA,NA,NA,NA,NA,NA,NA,Y,3,0,4,2,A,-,08,22107,NA,N,A,C,A,A,-,-,C,D,0,NA,NA,NA,NA,Y,NA,-,NA,0,2,2,0,0,0,0,0,0,-,-,NA,NA,SAN DIEGO,SAN DIEGO,NA,NA
6524178,2014,2016-03-26,9680,2014-05-22,1722,18734,NA,4,2,5,3708,0,1,1,NA,2,081,RT 8,GROSSMONT BL,528,E,N,B,-,Y,SD,11,8,-,-,13.14,H,-,W,N,4,0,2,2,A,-,03,22350,NA,N,C,C,A,A,H,-,A,D,1,NA,NA,NA,NA,Y,NA,A,01,0,0,2,0,0,0,0,0,0,-,-,32.77912,-116.98741,SAN DIEGO,LA MESA,-116.98879464,32.7791533
6524417,2014,2014-08-04,3711,2014-05-10,2013,7091,NA,6,5,7,3711,0,0,0,NA,0,621,LINDA VISTA RD,ALCALA PKWY,10,W,N,A,-,N,NA,NA,NA,NA,NA,NA,NA,NA,NA,Y,3,0,1,2,A,-,11,21950,B,N,G,B,D,A,H,-,C,A,0,Y,NA,NA,NA,Y,Y,N,60,0,1,0,0,1,0,0,0,0,-,-,NA,NA,SAN DIEGO,SAN DIEGO,-117.18600512,32.77127985
6524753,2014,2014-08-06,3702,2014-05-05,1015,CV1081,NA,1,5,6,3702,0,0,0,NA,0,013,4TH AV,L ST,2,N,N,A,-,N,NA,NA,NA,NA,NA,NA,NA,NA,NA,N,3,0,1,2,A,-,09,21804,A,N,D,G,A,A,H,-,A,A,0,NA,Y,NA,NA,Y,NA,L,04,0,1,0,0,0,0,1,0,0,-,-,NA,NA,SAN DIEGO,CHULA VISTA,-117.07590205,32.6194552
6524780,2014,2014-07-18,3700,2014-04-04,2318,SH2560,NA,5,5,5,3713,0,0,0,NA,0,309,NORTH MELROSE DR,OLIVE AV,31,N,N,A,-,N,NA,NA,NA,NA,NA,NA,NA,NA,NA,Y,3,0,1,2,A,-,01,23152,A,F,C,C,A,A,H,-,C,A,0,NA,NA,NA,NA,Y,NA,A,01,0,1,0,0,0,0,0,0,0,-,-,NA,NA,SAN DIEGO,VISTA,-117.2542379,33.20476287
6524805,2014,2014-08-06,3702,2014-05-10,1035,CV0847,NA,6,5,6,3702,0,0,0,NA,0,021,PALOMAR ST,INDUSTRIAL BL,200,E,N,A,-,N,NA,NA,NA,NA,NA,NA,NA,NA,NA,N,4,0,1,2,A,-,08,22107,NA,N,D,G,A,A,H,-,A,A,0,NA,Y,NA,NA,Y,NA,L,04,0,0,1,0,0,0,1,0,0,-,-,NA,NA,SAN DIEGO,CHULA VISTA,-117.0849661,32.60387519
6524849,2014,2014-08-06,3702,2014-05-21,1100,CV0974,NA,3,5,6,3702,0,0,0,NA,0,013,BROADWAY AV,HALSEY ST,0,NA,Y,A,-,N,NA,NA,NA,NA,NA,NA,NA,NA,NA,Y,4,0,2,2,A,-,09,21802,B,N,D,C,A,A,H,-,A,A,0,NA,NA,NA,NA,Y,NA,A,01,0,0,2,0,0,0,0,0,0,-,-,NA,NA,SAN DIEGO,CHULA VISTA,-117.0874301,32.62576006
6524930,2014,2015-09-24,3711,2014-06-08,1720,6692,NA,7,5,7,3711,0,0,0,NA,0,821,COLLEGE AV,VIEW PL,130,NA,N,A,-,N,NA,NA,NA,NA,NA,NA,NA,NA,NA,Y,4,0,3,2,A,-,09,21804,A,N,D,C,A,A,H,-,A,D,0,NA,NA,NA,NA,Y,NA,-,NA,0,0,3,0,0,0,0,0,0,-,-,NA,NA,SAN DIEGO,SAN DIEGO,-117.0659301,32.75575004
6524962,2014,2014-08-08,3711,2014-06-09,1735,4884,SDPD,1,5,7,3711,0,0,0,NA,0,241,MIRAMAR WY,KEARNY VILLA RD,0,E,N,A,-,N,NA,NA,NA,NA,NA,NA,NA,NA,NA,Y,4,0,1,2,A,-,09,21801,A,N,F,C,A,A,H,-,A,A,0,NA,NA,NA,NA,Y,NA,-,NA,0,0,1,0,0,0,0,0,0,-,-,NA,NA,SAN DIEGO,SAN DIEGO,-117.11665002,32.88056007
6525079,2014,2016-03-28,9645,2014-05-29,0858,13383,NA,4,1,7,3711,0,1,1,NA,2,015,RT 805,EASTGATE MALL,478,N,N,A,-,Y,SD,11,805,-,-,26.53,H,-,N,Y,4,0,1,2,A,-,03,22350,NA,N,C,C,A,A,H,-,A,D,1,NA,NA,NA,NA,Y,NA,A,01,0,0,1,0,0,0,0,0,0,-,-,32.88257,-117.20154,SAN DIEGO,SAN DIEGO,-117.20196915,32.88360629
6526509,2014,2014-07-18,3702,2014-04-03,1930,CV1056,NA,4,5,6,3702,0,0,0,NA,0,032,EASTLAKE PKWY,OLYMPIC PKWY,0,NA,Y,A,-,N,NA,NA,NA,NA,NA,NA,NA,NA,NA,N,4,0,1,2,A,-,04,21703,NA,N,C,C,A,A,H,-,C,A,0,NA,NA,NA,NA,Y,NA,A,01,0,0,1,0,0,0,0,0,0,-,-,NA,NA,SAN DIEGO,CHULA VISTA,-116.96467011,32.62779003
6506584,2014,2016-06-30,9645,2014-04-17,0350,018652,NA,4,3,6,3702,0,1,1,NA,2,001,RT 5,L ST,1056,S,N,A,-,Y,SD,11,5,-,-,6.61,H,-,N,Y,2,0,1,1,A,-,01,23152,A,N,E,I,A,A,H,-,D,D,1,NA,NA,NA,NA,Y,Y,D,22,1,0,0,0,0,0,0,0,0,-,-,32.60707,-117.09025,SAN DIEGO,CHULA VISTA,-117.09079612,32.61235549
6506390,2014,2014-07-17,3700,2014-04-30,1434,SH7709,NA,3,5,4,3780,0,0,0,NA,0,404,ESPOLA RD,SUMMERFIELD LN,0,NA,Y,A,-,N,NA,NA,NA,NA,NA,NA,NA,NA,NA,N,4,0,1,3,A,-,12,21453,A,N,D,C,A,A,H,-,A,A,0,NA,NA,NA,NA,Y,NA,A,01,0,0,1,0,0,0,0,0,0,-,-,NA,NA,SAN DIEGO,POWAY,-117.05329012,33.01878009
6528686,2014,2015-02-05,9650,2014-06-15,1725,15803,NA,7,2,6,3706,0,1,3,NA,2,019,RT 78,NORDAHL RD,1100,E,N,A,-,Y,SD,11,78,-,R,15.7,H,-,E,Y,4,0,1,1,A,-,08,22107,NA,N,E,I,A,A,H,-,A,D,1,NA,NA,NA,NA,Y,NA,A,01,0,0,1,0,0,0,0,0,0,-,-,33.13079,-117.11833,SAN DIEGO,ESCONDIDO,-117.11823866,33.13056605
6529788,2014,2014-08-20,3711,2014-06-16,0749,6318,NA,1,5,7,3711,0,0,0,NA,0,433,MARKET ST,59TH ST,21,W,N,A,-,N,NA,NA,NA,NA,NA,NA,NA,NA,NA,N,4,0,1,2,A,-,03,22350,NA,N,-,C,A,A,H,-,A,D,0,NA,NA,NA,NA,Y,NA,-,NA,0,0,1,0,0,0,0,0,0,-,-,NA,NA,SAN DIEGO,SAN DIEGO,-117.07004804,32.71004
6530545,2014,2016-02-06,9645,2014-06-11,1730,20066,NA,3,2,7,3711,0,1,1,NA,2,005,RT 5,GARNET AV,1000,S,N,A,-,Y,SD,11,5,-,R,22.745,R,1,S,Y,4,0,1,2,A,-,01,23152,A,N,C,C,A,A,H,-,A,D,1,NA,NA,NA,NA,Y,Y,A,01,0,0,1,0,0,0,0,0,0,FR,-,32.79756,-117.21045,SAN DIEGO,SAN DIEGO,-117.20993995,32.79725177
6536980,2014,2014-08-19,3706,2014-06-10,1950,412,ESPD,2,5,6,3706,0,0,0,NA,0,055,QUINCE ST,9TH AV,0,NA,Y,A,-,N,NA,NA,NA,NA,NA,NA,NA,NA,NA,N,4,0,1,2,A,-,10,21950,A,N,G,B,B,A,H,-,A,A,0,Y,NA,NA,NA,Y,Y,A,01,0,0,1,0,1,0,0,0,0,-,-,NA,NA,SAN DIEGO,ESCONDIDO,-117.08313012,33.11108003
6538066,2014,2016-03-28,9650,2014-06-26,0700,013570,NA,4,1,5,3712,0,1,3,NA,2,019,RT 78,WOODLAND PKWY,50,E,N,A,-,Y,SD,11,78,-,-,14.27,H,-,E,Y,4,0,1,1,A,-,08,22107,NA,N,E,I,A,A,H,-,A,D,1,NA,NA,NA,NA,Y,NA,A,01,0,0,1,0,0,0,0,0,0,-,-,NA,NA,SAN DIEGO,SAN MARCOS,-117.14082305,33.138454
6538416,2014,2016-03-30,3710,2014-06-04,1434,OC0873,NA,3,5,6,3710,0,0,0,NA,0,021,RANCHO DEL ORO,RT 76,45,N,N,A,-,Y,SD,11,76,-,R,4.211,I,5,W,N,4,0,2,2,A,-,04,21703,NA,N,C,C,A,A,H,-,A,A,0,NA,NA,NA,NA,Y,NA,A,01,0,0,2,0,0,0,0,0,0,-,-,NA,NA,SAN DIEGO,OCEANSIDE,-117.31826753,33.22799969
6538418,2014,2014-08-12,3711,2014-06-27,1524,6743,NA,5,5,7,3711,0,0,0,NA,0,713,SIEMPRE VIVA,HARVEST RD,0,NA,Y,A,-,N,NA,NA,NA,NA,NA,NA,NA,NA,NA,N,3,0,1,2,A,-,12,21453,A,N,D,C,A,A,H,-,A,B,0,NA,NA,NA,NA,Y,NA,-,NA,0,1,0,0,0,0,0,0,0,-,-,NA,NA,SAN DIEGO,SAN DIEGO,-116.94515884,32.55312936
6539546,2014,2014-08-29,3711,2014-06-18,0615,4957,NA,3,5,7,3711,0,0,0,NA,0,243,MIRAMAR RD,BLACK MOUNTAIN RD,91,W,N,A,-,N,NA,NA,NA,NA,NA,NA,NA,NA,NA,Y,4,0,1,3,A,-,04,21703,NA,N,C,C,A,A,H,-,A,D,0,NA,NA,NA,NA,Y,NA,-,NA,0,0,1,0,0,0,0,0,0,-,-,NA,NA,SAN DIEGO,SAN DIEGO,-117.12375538,32.89377416
6539765,2014,2014-08-13,9650,2014-06-23,1930,18321,NA,1,2,9,3700,0,3,5,NA,2,211,LAWRENCE WELK DR,CHAMPAGNE BL,0,NA,Y,A,-,N,NA,NA,NA,NA,NA,NA,NA,NA,NA,Y,3,0,2,2,A,-,09,21802,A,N,D,C,A,A,H,-,A,A,0,NA,NA,NA,NA,Y,NA,A,01,0,2,0,0,0,0,0,0,0,-,-,33.23263,-117.14513,SAN DIEGO,UNINCORPORATED,-117.14515007,33.23254008
6540765,2014,2014-08-09,3711,2014-05-30,2139,6708,NA,5,5,7,3711,0,0,0,NA,0,235,17000 SAN PASQUAL VALLEY RD,SAN PASQUAL VALLEY RD,0,NA,-,A,-,N,NA,NA,NA,NA,NA,NA,NA,NA,NA,Y,4,0,1,1,A,-,08,22107,NA,N,F,I,A,A,H,-,C,D,0,NA,NA,NA,NA,Y,NA,-,NA,0,0,1,0,0,0,0,0,0,-,-,33.09206,-116.96757,SAN DIEGO,SAN DIEGO,-116.96757,33.09206
6541726,2014,2016-05-21,9645,2014-07-18,1510,18095,NA,5,2,7,3711,0,1,3,NA,2,006,RT 94,47TH ST,370,E,N,A,-,Y,SD,11,94,-,-,4.7,H,-,W,Y,3,0,1,2,A,-,08,22107,NA,N,B,C,A,A,H,-,A,D,1,NA,NA,NA,NA,Y,NA,D,22,0,1,0,0,0,0,0,0,0,-,-,32.71816,-117.09232,SAN DIEGO,SAN DIEGO,-117.09250033,32.71801018
6541750,2014,2014-08-27,9645,2014-07-04,2300,017133,NA,5,3,7,3711,0,1,A,NA,2,750,OTAY MESA RD,CALIENTE RD,2640,W,N,A,-,N,NA,NA,NA,NA,NA,NA,NA,NA,NA,Y,3,0,1,1,A,-,03,22350,NA,N,E,I,A,A,H,-,C,D,0,NA,NA,NA,NA,Y,NA,A,01,0,1,0,0,0,0,0,0,0,-,-,32.56849,-117.01909,SAN DIEGO,SAN DIEGO,-117.01480476,32.56852953
6542529,2014,2014-08-26,3701,2014-06-26,0156,CB5433,111,4,5,5,3701,0,0,0,NA,0,008,RANCHO SANTA FE RD,PASEO LUPINO,465,S,N,A,-,N,NA,NA,NA,NA,NA,NA,NA,NA,NA,Y,4,0,2,1,A,-,03,22350,NA,N,F,I,A,A,H,-,C,D,0,NA,NA,NA,NA,Y,NA,D,22,0,0,2,0,0,0,0,0,0,-,-,NA,NA,SAN DIEGO,CARLSBAD,-117.23301576,33.08373823
6544574,2014,2016-03-28,9645,2014-06-27,1025,014461,NA,5,1,7,3711,0,1,1,NA,2,015,RT 805,LA JOLLA VILLAGE DR,1150,N,N,A,-,Y,SD,11,805,-,-,26.26,H,-,N,N,4,0,1,1,A,-,04,21703,NA,N,F,A,A,A,D,-,A,D,1,NA,NA,Y,NA,Y,NA,C,02,0,0,1,0,0,0,0,0,1,-,-,32.8785,-117.20005,SAN DIEGO,SAN DIEGO,-117.200754,32.87973803
6544589,2014,2016-03-26,3705,2014-06-03,1851,EC0301,NA,2,5,5,3705,0,0,0,NA,0,010,FLETCHER,RT 67,0,NA,Y,A,-,Y,SD,11,67,-,R,0.599,R,4,S,Y,4,0,3,2,A,-,12,21453,A,N,D,C,A,A,H,-,B,A,0,NA,NA,NA,NA,Y,NA,A,07,0,0,3,0,0,0,0,0,0,-,SF,NA,NA,SAN DIEGO,EL CAJON,-116.96195619,32.81178335
6545762,2014,2015-09-24,9645,2014-06-21,0742,17990,NA,6,1,9,3700,0,3,5,NA,2,018,ALTA RD,DONOVAN STATE PRISON RD,0,NA,Y,A,-,N,NA,NA,NA,NA,NA,NA,NA,NA,NA,Y,4,0,1,2,A,-,09,21801,A,N,D,C,A,A,H,-,A,D,0,NA,NA,NA,NA,Y,NA,D,22,0,0,1,0,0,0,0,0,0,-,-,32.57861,-116.91912,SAN DIEGO,UNINCORPORATED,-116.91902,32.5784201
6545923,2014,2016-03-28,9650,2014-06-22,2100,017655,NA,7,2,9,3700,0,1,1,NA,2,003,RT 5,SANTA MARGARITA RIVER,1000,S,N,A,-,Y,SD,11,5,-,R,56.24,H,-,N,Y,2,0,5,3,A,-,01,23152,A,N,C,C,A,A,H,-,D,D,1,NA,NA,NA,NA,Y,Y,A,01,1,3,1,0,0,0,0,0,0,-,-,33.23339,-117.40292,SAN DIEGO,UNINCORPORATED,-117.4027867,33.23310233
6545951,2014,2016-03-25,9650,2014-06-27,1635,015654,NA,5,2,6,3710,0,1,1,NA,2,005,RT 5,OCEANSIDE BL,571,S,N,B,-,Y,SD,11,5,-,R,52.19,H,-,S,Y,4,0,1,2,A,-,03,22350,NA,N,C,C,A,A,H,-,A,D,1,NA,NA,NA,NA,Y,NA,A,01,0,0,1,0,0,0,0,0,0,-,-,33.18783,-117.36055,SAN DIEGO,OCEANSIDE,-117.36116489,33.18873659
6545984,2014,2014-08-11,9680,2014-06-29,1345,019407,NA,7,1,9,3700,0,3,5,NA,2,003,SIERRA RIDGE DR,LA CRESTA BL,626,E,N,A,-,N,NA,NA,NA,NA,NA,NA,NA,NA,NA,N,3,0,1,2,A,-,05,21650,NA,N,D,G,A,A,H,-,A,D,0,NA,Y,NA,NA,Y,NA,A,01,0,1,0,0,0,0,1,0,0,-,-,NA,NA,SAN DIEGO,UNINCORPORATED,-116.861718,32.811363
6546827,2014,2016-03-28,9650,2014-06-24,0355,18741,NA,2,3,9,3700,0,1,3,NA,1,028,RT 76,PALOMAR MOUNTAIN RD,1056,W,N,A,-,Y,SD,11,76,-,-,37.598,I,5,W,Y,4,0,1,1,A,-,01,23152,E,N,E,I,A,A,H,-,D,D,0,NA,NA,NA,NA,Y,NA,D,22,0,0,1,0,0,0,0,0,0,-,-,33.2984,-116.90856,SAN DIEGO,UNINCORPORATED,-116.90808446,33.29763691
6548866,2014,2016-03-28,9680,2014-06-29,0055,018672,NA,7,3,9,3700,0,1,3,NA,1,052,RT 78,SUTHERLAND DAM RD,528,E,N,A,-,Y,SD,11,78,-,-,42.06,H,-,W,Y,4,0,1,1,A,-,01,23152,A,N,E,I,A,A,H,-,D,D,0,NA,NA,NA,NA,Y,Y,D,22,0,0,1,0,0,0,0,0,0,-,-,33.08484,-116.7898,SAN DIEGO,UNINCORPORATED,-116.79033999,33.08500237
6549754,2014,2016-02-06,9645,2014-05-21,1030,14692,NA,3,1,7,3711,0,1,1,NA,2,007,RT 5,EL CAMINIO REAL,335,E,N,A,-,Y,SD,11,56,-,-,0.37,H,-,E,Y,3,0,1,1,A,-,08,22107,NA,N,F,A,A,A,H,-,A,D,1,NA,NA,NA,NA,Y,NA,A,07,0,1,0,0,0,0,0,0,0,-,-,32.93451,-117.23568,SAN DIEGO,SAN DIEGO,-117.23609353,32.93445662
6550212,2014,2014-09-02,3711,2014-06-28,1510,7056,NA,6,5,7,3711,0,0,0,NA,0,827,WINONA AV,UNIVERSITY AV,282,NA,N,A,-,N,NA,NA,NA,NA,NA,NA,NA,NA,NA,N,4,0,1,2,A,-,05,21650,NA,F,B,C,A,A,H,-,A,D,0,NA,NA,NA,NA,Y,NA,-,NA,0,0,1,0,0,0,0,0,0,-,-,NA,NA,SAN DIEGO,SAN DIEGO,-117.0879701,32.74951006
6550220,2014,2014-09-02,3711,2014-06-27,2117,5198,NA,5,5,7,3711,0,0,0,NA,0,517,B ST,21ST ST,84,W,N,B,-,N,NA,NA,NA,NA,NA,NA,NA,NA,NA,N,3,0,1,1,A,-,03,22350,NA,N,F,A,A,A,H,-,C,A,0,NA,Y,NA,NA,Y,NA,L,04,0,1,0,0,0,0,1,0,0,-,-,NA,NA,SAN DIEGO,SAN DIEGO,-117.1452222,32.71788
6550829,2014,2016-05-21,9645,2014-07-08,0825,012364,NA,2,1,7,3711,0,1,1,NA,2,009,RT 805,IMPERIAL AV,300,S,N,A,-,Y,SD,11,805,-,-,12.28,H,-,N,N,4,0,1,2,A,-,03,22350,NA,N,C,C,A,A,H,-,A,D,1,NA,NA,NA,NA,Y,NA,A,07,0,0,1,0,0,0,0,0,0,-,-,NA,NA,SAN DIEGO,SAN DIEGO,-117.09480308,32.70336676
6552847,2014,2014-08-11,3706,2014-06-27,1730,0393,ESCON,5,5,6,3706,0,0,0,NA,0,041,BROADWAY,ESPANAS GLEN,415,S,N,A,-,N,NA,NA,NA,NA,NA,NA,NA,NA,NA,N,4,0,1,2,A,-,09,21804,A,F,G,B,F,A,H,-,A,D,0,Y,NA,NA,NA,Y,NA,A,07,0,0,1,0,1,0,0,0,0,-,-,NA,NA,SAN DIEGO,ESCONDIDO,-117.08799342,33.13636636
6553129,2014,2016-05-21,9680,2014-07-02,1300,017460,NA,3,1,9,3700,0,1,3,NA,1,040,RT 94,FORREST GATE RD,1584,W,N,A,-,Y,SD,11,94,-,R,50.26,H,-,E,Y,4,0,2,1,A,-,05,21650,NA,N,E,I,A,A,H,-,A,D,0,NA,NA,NA,NA,Y,NA,A,01,0,0,2,0,0,0,0,0,0,-,-,32.607170000000004,-116.47519,SAN DIEGO,UNINCORPORATED,-116.47848333,32.60637501
6557495,2014,2014-08-13,3705,2014-05-12,1909,EC0301,NA,1,5,5,3705,0,0,0,NA,0,008,JAMACHA,LEXINGTON,26,N,N,A,-,N,NA,NA,NA,NA,NA,NA,NA,NA,NA,N,3,0,1,2,A,-,10,21950,A,N,G,B,B,A,H,-,B,A,0,Y,NA,NA,NA,Y,NA,A,01,0,1,0,0,1,0,0,0,0,-,-,NA,NA,SAN DIEGO,EL CAJON,-116.93368018,32.79255986
6558528,2014,2016-02-08,3702,2014-06-23,1837,CV1079,NA,1,5,6,3702,0,0,0,NA,0,023,OLYMPIC PKWY,RT 805,0,NA,Y,A,-,Y,SD,11,805,-,-,4.224,R,4,N,Y,3,0,3,3,A,-,03,22350,NA,N,C,C,A,A,H,-,A,A,0,NA,NA,NA,NA,Y,NA,A,01,0,1,2,0,0,0,0,0,0,-,-,NA,NA,SAN DIEGO,CHULA VISTA,-117.03614308,32.6030694
6558729,2014,2014-08-21,9650,2014-07-12,0955,017263,NA,6,1,9,3700,0,3,5,NA,1,160,GOPHER CANYON RD,VISTA WAY,1233,E,N,A,-,N,NA,NA,NA,NA,NA,NA,NA,NA,NA,Y,4,0,3,2,A,-,03,22350,NA,N,C,C,A,A,H,-,A,D,0,NA,NA,NA,NA,Y,NA,A,01,0,0,3,0,0,0,0,0,0,-,-,NA,NA,SAN DIEGO,UNINCORPORATED,-117.224684,33.24901743
6558988,2014,2015-04-23,9650,2014-07-02,1825,15276,NA,3,2,9,3700,0,3,5,NA,2,213,RICE CANYON RD,RT 76,21120,N,N,A,-,N,NA,NA,NA,NA,NA,NA,NA,NA,NA,Y,4,0,1,1,A,-,03,22350,NA,N,F,I,A,A,H,-,A,D,0,NA,NA,NA,NA,Y,NA,A,07,0,0,1,0,0,0,0,0,0,-,-,33.39962,-117.14618,SAN DIEGO,UNINCORPORATED,-117.14515992,33.39625912
6559287,2014,2014-08-29,3711,2014-07-04,1920,HB5372,NA,5,5,7,3711,0,0,0,NA,0,504,KETTNER BL,W HARBOR DR,1496,W,N,A,-,N,NA,NA,NA,NA,NA,NA,NA,NA,NA,N,3,0,1,2,A,-,17,21663,NA,N,E,I,F,A,H,-,A,D,0,Y,NA,NA,NA,Y,NA,D,22,0,1,0,0,1,0,0,0,0,-,-,NA,NA,SAN DIEGO,SAN DIEGO,-117.16921,32.71147
6560106,2014,2014-08-21,3711,2014-07-02,1211,6718,NA,3,5,7,3711,0,0,0,NA,0,243,CARROLL RD,KENAMAR,3,N,N,A,-,N,NA,NA,NA,NA,NA,NA,NA,NA,NA,N,4,0,1,2,A,-,21,22106,NA,N,C,C,A,A,H,-,A,A,0,NA,NA,NA,NA,Y,NA,-,NA,0,0,1,0,0,0,0,0,0,-,-,NA,NA,SAN DIEGO,SAN DIEGO,-117.15750495,32.88401708
6560118,2014,2014-08-26,3711,2014-07-05,1810,6146,NA,6,5,7,3711,0,0,0,NA,0,231,POWAY RD,POWAY RD 11100,10,N,N,A,-,N,NA,NA,NA,NA,NA,NA,NA,NA,NA,Y,3,0,2,2,A,-,-,NA,NA,N,D,C,A,A,H,-,A,A,0,NA,NA,NA,NA,Y,NA,-,-,0,1,1,0,0,0,0,0,0,-,-,NA,NA,SAN DIEGO,SAN DIEGO,NA,NA
6560155,2014,2014-08-25,3711,2014-07-07,1556,6034,NA,1,5,7,3711,0,0,0,NA,0,826,ORANGE AV,52ND ST,13,W,N,A,-,N,NA,NA,NA,NA,NA,NA,NA,NA,NA,N,4,0,1,2,A,-,09,21801,A,N,D,C,A,A,H,-,A,A,0,NA,NA,NA,NA,Y,NA,A,01,0,0,1,0,0,0,0,0,0,-,-,NA,NA,SAN DIEGO,SAN DIEGO,-117.08368205,32.75307771