CASE_ID,ACCIDENT_YEAR,PROC_DATE,JURIS,COLLISION_DATE,COLLISION_TIME,OFFICER_ID,REPORTING_DISTRICT,DAY_OF_WEEK,CHP_SHIFT,POPULATION,CNTY_CITY_LOC,SPECIAL_COND,BEAT_TYPE,CHP_BEAT_TYPE,CITY_DIVISION_LAPD,CHP_BEAT_CLASS,BEAT_NUMBER,PRIMARY_RD,SECONDARY_RD,DISTANCE,DIRECTION,INTERSECTION,WEATHER_1,WEATHER_2,STATE_HWY_IND,CALTRANS_COUNTY,CALTRANS_DISTRICT,STATE_ROUTE,ROUTE_SUFFIX,POSTMILE_PREFIX,POSTMILE,LOCATION_TYPE,RAMP_INTERSECTION,SIDE_OF_HWY,TOW_AWAY,COLLISION_SEVERITY,NUMBER_KILLED,NUMBER_INJURED,PARTY_COUNT,PRIMARY_COLL_FACTOR,PCF_CODE_OF_VIOL,PCF_VIOL_CATEGORY,PCF_VIOLATION,PCF_VIOL_SUBSECTION,HIT_AND_RUN,TYPE_OF_COLLISION,MVIW,PED_ACTION,ROAD_SURFACE,ROAD_COND_1,ROAD_COND_2,LIGHTING,CONTROL_DEVICE,CHP_ROAD_TYPE,PEDESTRIAN_ACCIDENT,BICYCLE_ACCIDENT,MOTORCYCLE_ACCIDENT,TRUCK_ACCIDENT,NOT_PRIVATE_PROPERTY,ALCOHOL_INVOLVED,STWD_VEHTYPE_AT_FAULT,CHP_VEHTYPE_AT_FAULT,COUNT_SEVERE_INJ,COUNT_VISIBLE_INJ,COUNT_COMPLAINT_PAIN,COUNT_PED_KILLED,COUNT_PED_INJURED,COUNT_BICYCLIST_KILLED,COUNT_BICYCLIST_INJURED,COUNT_MC_KILLED,COUNT_MC_INJURED,PRIMARY_RAMP,SECONDARY_RAMP,LATITUDE,LONGITUDE,COUNTY,CITY,POINT_X,POINT_Y
6560161,2014,2014-08-21,3711,2014-07-02,1910,6493,NA,3,5,7,3711,0,0,0,NA,0,313,CLAIREMONT MESA BL,INDUSTRIAL PARK DWY,0,NA,Y,A,-,N,NA,NA,NA,NA,NA,NA,NA,NA,NA,Y,3,0,2,2,A,-,-,NA,NA,N,D,C,A,A,H,-,A,A,0,NA,NA,NA,NA,Y,NA,A,01,0,1,1,0,0,0,0,0,0,-,-,NA,NA,SAN DIEGO,SAN DIEGO,-117.14585991,32.83274006
6560568,2014,2014-08-13,3708,2014-06-11,0752,1210,400,3,5,5,3708,0,0,0,NA,0,002,LEMON AV,GARFIELD ST,121,E,N,A,-,N,NA,NA,NA,NA,NA,NA,NA,NA,NA,N,3,0,2,2,A,-,21,22106,NA,N,D,C,A,A,H,-,A,D,0,NA,NA,NA,NA,Y,NA,A,01,0,1,1,0,0,0,0,0,0,-,-,NA,NA,SAN DIEGO,LA MESA,-117.00546777,32.76829673
6564031,2014,2016-05-21,9645,2014-07-21,1536,18428,NA,1,2,7,3711,0,1,1,NA,2,003,RT 5,IMPERIAL AV,170,N,N,A,-,Y,SD,11,5,-,R,14.68,H,-,S,Y,3,0,2,4,A,-,03,22350,NA,N,C,C,A,A,H,-,A,D,1,NA,NA,NA,NA,Y,NA,A,08,0,1,1,0,0,0,0,0,0,-,-,NA,NA,SAN DIEGO,SAN DIEGO,-117.14774736,32.70855065
6564183,2014,2014-09-03,3711,2014-07-26,0015,6712,MIDCI,6,5,7,3711,0,0,0,NA,0,822,EL CAJON BL,54TH ST,9,E,N,A,-,N,NA,NA,NA,NA,NA,NA,NA,NA,NA,N,4,0,1,2,A,-,03,22350,NA,M,C,C,A,A,H,-,C,A,0,NA,NA,NA,NA,Y,NA,-,NA,0,0,1,0,0,0,0,0,0,-,-,NA,NA,SAN DIEGO,SAN DIEGO,-117.07932135,32.75784465
6564461,2014,2014-08-22,3711,2014-07-05,1222,5734,NA,6,5,7,3711,0,0,0,NA,0,232,CARMEL MOUNTAIN RD,CONFERENCE WY,0,NA,Y,A,-,N,NA,NA,NA,NA,NA,NA,NA,NA,NA,Y,4,0,1,2,A,-,-,NA,NA,N,D,C,A,A,H,-,A,A,0,NA,NA,NA,NA,Y,NA,A,01,0,0,1,0,0,0,0,0,0,-,-,NA,NA,SAN DIEGO,SAN DIEGO,-117.07559,32.98576007
6569148,2014,2016-02-10,9645,2014-07-08,0905,014669,NA,2,1,7,3711,0,1,3,NA,2,014,RT 52,RT 805,1850,E,N,A,-,Y,SD,11,52,-,-,4.11,H,-,W,Y,4,0,2,4,A,-,03,22350,NA,N,C,C,A,A,H,-,A,D,1,NA,NA,NA,NA,Y,NA,A,01,0,0,2,0,0,0,0,0,0,-,-,32.84159,-117.16543,SAN DIEGO,SAN DIEGO,-117.17210314,32.84674573
6570842,2014,2014-08-28,3711,2014-07-11,1350,5791,NA,5,5,7,3711,0,0,0,NA,0,115,LA JOLLA VILLAGE DR,GENESEE AV,200,E,N,A,-,N,NA,NA,NA,NA,NA,NA,NA,NA,NA,N,3,0,1,2,A,-,11,21950,B,N,G,B,D,A,H,-,-,D,0,Y,NA,NA,NA,Y,NA,N,60,0,1,0,0,1,0,0,0,0,-,-,NA,NA,SAN DIEGO,SAN DIEGO,-117.2135366,32.872763140000004
6572871,2014,2014-09-02,3711,2014-07-22,0730,4421,NA,2,5,7,3711,0,0,0,NA,0,935,SAN DIEGUITO RD,SAN DIEGUITO RD 14150,45,W,N,A,-,N,NA,NA,NA,NA,NA,NA,NA,NA,NA,N,3,0,1,2,A,-,08,22107,NA,M,B,G,A,A,H,-,A,D,0,NA,Y,NA,NA,Y,NA,-,NA,0,1,0,0,0,0,1,0,0,-,-,NA,NA,SAN DIEGO,SAN DIEGO,NA,NA
6573232,2014,2016-01-05,9680,2014-07-04,2210,17928,NA,5,3,9,3700,0,3,5,NA,2,009,OLD JULIAN HWY,VISTA RAMONA RD,384,N,N,A,-,N,NA,NA,NA,NA,NA,NA,NA,NA,NA,N,2,0,1,1,A,-,03,22350,NA,N,F,A,A,A,H,-,D,D,0,NA,NA,Y,NA,Y,NA,C,02,1,0,0,0,0,0,0,0,1,-,-,33.03802,-116.82979,SAN DIEGO,UNINCORPORATED,-116.83111188,33.03736063
6575116,2014,2016-05-24,9645,2014-07-23,1815,017524,NA,3,2,7,3711,0,1,1,NA,2,007,RT 5,GENESEE AV,350,N,N,A,-,Y,SD,11,5,-,R,29.64,H,-,S,N,4,0,1,2,A,-,03,22350,NA,N,C,C,A,A,H,-,A,D,1,NA,NA,NA,NA,Y,NA,A,01,0,0,1,0,0,0,0,0,0,TO,-,32.88972,-117.22783,SAN DIEGO,SAN DIEGO,-117.22763477,32.88970083
6575604,2014,2015-01-08,9645,2014-07-11,1325,17473,NA,5,1,9,3700,0,3,5,NA,2,024,CAMINO DEL NORTE,4 S RANCH PKWY,8,W,N,A,-,N,NA,NA,NA,NA,NA,NA,NA,NA,NA,Y,4,0,1,3,A,-,12,21453,A,N,A,C,A,A,H,-,A,A,0,NA,NA,NA,NA,Y,NA,A,07,0,0,1,0,0,0,0,0,0,-,-,33.01809,-117.11538,SAN DIEGO,UNINCORPORATED,-117.11534488,33.01819638
6577769,2014,2016-05-16,9650,2014-07-15,1800,016026,NA,2,2,9,3700,0,1,1,NA,2,022,RT 15,STEWART CANYON RD,80,S,N,A,-,Y,SD,11,15,-,R,48.83,H,-,N,Y,4,0,1,2,A,-,07,21658,A,N,C,C,A,A,H,-,A,D,1,NA,NA,Y,NA,Y,NA,A,01,0,0,1,0,0,0,0,0,1,-,-,33.36485,-117.16122,SAN DIEGO,UNINCORPORATED,-117.1611385,33.36505557
6577773,2014,2016-05-25,9650,2014-07-23,1738,015531,NA,3,2,5,3782,0,1,1,NA,2,007,RT 5,LEUCADIA BL,613,N,N,A,-,Y,SD,11,5,-,R,42.83,H,-,S,Y,4,0,1,2,A,-,03,22350,NA,N,C,C,A,A,H,-,A,D,1,NA,NA,NA,NA,Y,NA,A,01,0,0,1,0,0,0,0,0,0,-,-,33.06691,-117.29284,SAN DIEGO,ENCINITAS,-117.29291156,33.06677751
6580609,2014,2014-09-02,3711,2014-07-07,0619,5209,NA,1,5,7,3711,0,0,0,NA,0,437,PARADISE VALLEY RD,DEEP DELL RD,0,NA,Y,A,-,N,NA,NA,NA,NA,NA,NA,NA,NA,NA,N,2,0,1,2,A,-,11,21456,B,N,G,B,B,A,H,-,A,A,0,Y,NA,NA,NA,Y,NA,N,60,1,0,0,0,1,0,0,0,0,-,-,NA,NA,SAN DIEGO,SAN DIEGO,-117.02935013,32.69542005
6580640,2014,2014-09-02,3711,2014-07-29,0019,6669,SANDI,2,5,7,3711,0,0,0,NA,0,524,1ST ST,ASH ST,0,NA,Y,A,-,N,NA,NA,NA,NA,NA,NA,NA,NA,NA,Y,4,0,1,2,A,-,12,21453,A,N,D,C,A,A,H,-,C,A,0,NA,NA,NA,NA,Y,NA,-,NA,0,0,1,0,0,0,0,0,0,-,-,NA,NA,SAN DIEGO,SAN DIEGO,-117.16385003,32.71987009
6581511,2014,2014-08-19,3700,2014-06-10,0920,SH7478,NA,2,5,4,3780,0,0,0,NA,0,406,ESPOLA RD,OLD COACH RD,30,W,N,A,-,N,NA,NA,NA,NA,NA,NA,NA,NA,NA,N,3,0,1,2,A,-,12,21453,A,N,B,G,A,A,H,-,A,A,0,NA,Y,NA,NA,Y,NA,L,04,0,1,0,0,0,0,1,0,0,-,-,NA,NA,SAN DIEGO,POWAY,-117.0288868,33.01823002
6582332,2014,2014-08-18,3711,2014-07-31,2100,5348,NA,4,5,7,3711,0,0,0,NA,0,516,MARKET,32ND,4,E,N,A,-,N,NA,NA,NA,NA,NA,NA,NA,NA,NA,N,3,0,1,2,A,-,05,21650,1,N,B,G,A,A,-,-,C,A,0,NA,Y,NA,NA,Y,NA,L,04,0,1,0,0,0,0,1,0,0,-,-,NA,NA,SAN DIEGO,SAN DIEGO,-117.12525705,32.71167968
6582340,2014,2016-05-25,3711,2014-07-31,1030,6722,NA,4,5,7,3711,0,0,0,NA,0,243,MIRAMAR WY,RT 15,0,NA,Y,A,-,Y,SD,11,15,-,M,13.655,R,4,S,Y,3,0,1,3,A,-,03,22350,NA,N,C,C,A,A,B,H,A,D,0,NA,NA,NA,NA,Y,NA,-,NA,0,1,0,0,0,0,0,0,0,-,-,NA,NA,SAN DIEGO,SAN DIEGO,-117.11104672,32.88479769
6582389,2014,2014-08-20,3711,2014-07-21,2010,6641,NA,1,5,7,3711,0,0,0,NA,0,934,DEL MAR HEIGHTS RD,EL CAMINO REAL RD,0,NA,Y,B,-,N,NA,NA,NA,NA,NA,NA,NA,NA,NA,Y,4,0,2,2,A,-,12,21453,A,N,D,C,A,A,H,-,C,A,0,NA,NA,NA,NA,Y,NA,-,NA,0,0,2,0,0,0,0,0,0,-,-,NA,NA,SAN DIEGO,SAN DIEGO,-117.23417,32.95386011
6582681,2014,2014-08-12,3700,2014-06-06,2155,SH2560,NA,5,5,5,3713,0,0,0,NA,0,307,EAST VISTA WY,FRANKLIN LN,0,NA,Y,A,-,N,NA,NA,NA,NA,NA,NA,NA,NA,NA,Y,2,0,2,2,A,-,09,21802,A,F,D,D,A,A,H,-,C,A,0,NA,NA,Y,NA,Y,NA,A,01,1,1,0,0,0,0,0,0,1,-,-,NA,NA,SAN DIEGO,VISTA,-117.23578006,33.20802007
6583968,2014,2014-08-18,3711,2014-07-31,1559,5611,NA,4,5,7,3711,0,0,0,NA,0,243,MIRAMAR RD,RT 15,850,E,N,A,-,N,NA,NA,NA,NA,NA,NA,NA,NA,NA,Y,3,0,1,2,A,-,03,22350,NA,N,C,C,A,A,H,-,A,D,0,NA,NA,Y,NA,Y,NA,C,02,0,1,0,0,0,0,0,0,1,-,SO,NA,NA,SAN DIEGO,SAN DIEGO,-117.11516,32.89319
6584580,2014,2016-05-16,9680,2014-08-05,1130,017996,NA,2,1,9,3700,0,1,3,NA,2,028,RT 125,SPRING ST,175,N,N,A,-,Y,SD,11,125,-,-,13.618,R,1,S,N,4,0,1,2,A,-,03,22350,NA,N,C,C,A,A,H,-,A,A,1,NA,NA,NA,NA,Y,NA,D,22,0,0,1,0,0,0,0,0,0,TO,-,32.75463,-117.01559,SAN DIEGO,UNINCORPORATED,-117.01020871,32.75476793
6584662,2014,2014-09-03,3700,2014-06-07,1115,SH1367,NA,6,5,2,3704,0,0,0,NA,0,291,VIA DE LA VALLE,JIMMY DURANTE BL,300,W,N,A,-,N,NA,NA,NA,NA,NA,NA,NA,NA,NA,N,4,0,1,2,A,-,11,21950,B,N,G,B,D,A,H,-,A,D,0,Y,NA,NA,NA,Y,NA,N,60,0,0,1,0,1,0,0,0,0,-,-,NA,NA,SAN DIEGO,DEL MAR,-117.25786597,32.97953515
6584665,2014,2016-05-24,9645,2014-08-12,0730,14692,NA,2,1,7,3711,0,1,3,NA,2,022,RT 56,BLACK MOUNTAIN RD,1025,W,N,B,-,Y,SD,11,56,-,-,7.365,R,1,W,N,4,0,1,2,A,-,03,22350,NA,N,C,C,A,A,H,-,A,A,1,NA,NA,NA,NA,Y,NA,D,22,0,0,1,0,0,0,0,0,0,FR,-,32.95391,-117.13053,SAN DIEGO,SAN DIEGO,-117.13337819,32.95367348
6585451,2014,2016-02-10,9645,2014-07-24,0850,18344,NA,4,1,7,3711,0,1,3,NA,2,014,RT 52,CONVOY ST,1500,E,N,A,-,Y,SD,11,52,-,-,5.77,H,-,W,Y,4,0,1,2,A,-,03,22350,NA,N,C,C,A,A,H,-,A,D,1,NA,NA,NA,NA,Y,NA,A,01,0,0,1,0,0,0,0,0,0,-,-,32.8418,-117.14045,SAN DIEGO,SAN DIEGO,-117.14748506,32.83879772
6585957,2014,2014-08-18,3702,2014-07-17,1635,CV1079,NA,4,5,6,3702,0,0,0,NA,0,021,MAIN ST,BROADWAY,1000,W,N,A,-,N,NA,NA,NA,NA,NA,NA,NA,NA,NA,Y,3,0,1,2,A,-,09,21804,A,N,D,C,A,A,H,-,A,D,0,NA,NA,NA,NA,Y,NA,A,01,0,1,0,0,0,0,0,0,0,-,-,NA,NA,SAN DIEGO,CHULA VISTA,-117.07840559,32.59480173
6586017,2014,2014-08-18,3702,2014-07-28,0705,CV1005,NA,1,5,6,3702,0,0,0,NA,0,031,EAST J ST,PASEO RANCHERO,528,E,N,A,-,N,NA,NA,NA,NA,NA,NA,NA,NA,NA,N,3,0,1,2,A,-,05,21202,A,N,D,G,A,A,H,-,A,D,0,NA,Y,NA,NA,Y,NA,L,04,0,1,0,0,0,0,1,0,0,-,-,NA,NA,SAN DIEGO,CHULA VISTA,-117.00839678,32.63069235
6587483,2014,2016-05-21,3711,2014-08-03,0106,6200,NA,7,5,7,3711,0,0,0,NA,0,321,FRIARS RD,RT 15,0,NA,Y,C,-,Y,SD,11,15,-,R,7.015,R,4,N,Y,3,0,1,1,A,-,03,22350,NA,N,A,I,A,B,H,-,C,A,0,NA,NA,NA,NA,Y,NA,-,NA,0,1,0,0,0,0,0,0,0,-,NO,NA,NA,SAN DIEGO,SAN DIEGO,-117.11275239,32.79113137
6588220,2014,2015-04-29,9680,2014-08-05,1730,019822,NA,2,2,9,3700,0,3,5,NA,2,002,SOUTH BARCELONA ST,SAN JUAN ST,0,NA,Y,A,-,N,NA,NA,NA,NA,NA,NA,NA,NA,NA,N,4,0,1,2,A,-,09,21801,A,N,A,C,A,A,H,-,A,A,0,NA,NA,Y,NA,Y,NA,C,02,0,0,1,0,0,0,0,0,1,-,-,32.74866,-116.90172,SAN DIEGO,UNINCORPORATED,-116.98179,32.7487801
6588543,2014,2014-08-21,3711,2014-04-07,1410,4203,NA,1,5,7,3711,0,0,0,NA,0,232,RANCHO CARMEL DR,TED WILLIAMS PKWY,18,N,N,A,-,N,NA,NA,NA,NA,NA,NA,NA,NA,NA,N,4,0,2,2,A,-,12,21453,A,N,D,C,A,A,H,-,A,A,0,NA,NA,NA,NA,Y,NA,-,NA,0,0,2,0,0,0,0,0,0,-,-,NA,NA,SAN DIEGO,SAN DIEGO,-117.09030841,32.96504929
6589686,2014,2014-09-04,3711,2014-08-04,1154,6037,NA,1,5,7,3711,0,0,0,NA,0,447,HOME AV,FAIRMONT AV,375,W,N,A,-,N,NA,NA,NA,NA,NA,NA,NA,NA,NA,N,4,0,1,1,C,-,18,NA,NA,N,H,I,A,A,H,-,A,D,0,NA,NA,NA,NA,Y,NA,-,-,0,0,1,0,0,0,0,0,0,-,-,NA,NA,SAN DIEGO,SAN DIEGO,-117.10066794,32.72822081
6589931,2014,2014-08-25,3711,2014-07-25,2050,4491,NA,5,5,7,3711,0,0,0,NA,0,517,2000 B,21ST,47,W,N,A,-,N,NA,NA,NA,NA,NA,NA,NA,NA,NA,N,3,0,1,1,A,-,03,22350,NA,N,F,G,A,A,H,-,C,A,0,NA,Y,NA,NA,Y,NA,L,04,0,1,0,0,0,0,1,0,0,-,-,NA,NA,SAN DIEGO,SAN DIEGO,-117.1451023,32.71788
6591428,2014,2014-09-03,9680,2014-08-14,1135,16494,NA,4,1,9,3700,0,3,5,NA,2,001,LOS COCHES RD,LOS COCHES RD E,0,NA,Y,A,-,N,NA,NA,NA,NA,NA,NA,NA,NA,NA,Y,3,0,2,2,A,-,12,21453,A,N,D,C,A,A,H,-,A,A,0,NA,NA,NA,NA,Y,NA,D,22,0,1,1,0,0,0,0,0,0,-,-,32.8318,-116.9051,SAN DIEGO,UNINCORPORATED,-116.9050301,32.83195011
6592202,2014,2014-08-29,3710,2014-07-29,0500,OC1403,NA,2,5,6,3710,0,0,0,NA,0,035,COLLEGE BL,FRAZEE RD,0,NA,Y,A,-,N,NA,NA,NA,NA,NA,NA,NA,NA,NA,Y,4,0,2,2,D,-,00,NA,NA,N,C,C,A,A,H,-,B,A,0,NA,NA,NA,NA,Y,NA,-,-,0,0,2,0,0,0,0,0,0,-,-,NA,NA,SAN DIEGO,OCEANSIDE,-117.29286001,33.23694007
6592344,2014,2016-05-28,9680,2014-07-27,1355,019490,NA,7,1,5,3705,0,1,1,NA,2,082,RT 8,2ND ST,0,NA,Y,B,-,Y,SD,11,8,-,-,17.221,R,1,E,Y,4,0,1,2,A,-,01,23152,A,N,G,B,B,A,H,-,A,A,1,Y,NA,NA,NA,Y,Y,A,01,0,0,1,0,1,0,0,0,0,-,-,32.80262,-116.93591,SAN DIEGO,EL CAJON,-116.93801747,32.80294465
6595601,2014,2014-08-29,3711,2014-07-08,2143,5479,NA,2,5,7,3711,0,0,0,NA,0,512,IMPERIAL AV,25TH ST,0,NA,Y,A,-,N,NA,NA,NA,NA,NA,NA,NA,NA,NA,Y,3,0,2,2,A,-,12,21453,A,N,D,C,A,A,H,-,C,A,0,NA,NA,NA,NA,Y,NA,-,NA,0,1,1,0,0,0,0,0,0,-,-,NA,NA,SAN DIEGO,SAN DIEGO,-117.14019007,32.70635006
6596044,2014,2016-05-28,9645,2014-08-12,1635,17473,NA,2,2,7,3711,0,1,1,NA,2,010,RT 8,COLLEGE AV,5280,W,N,A,-,Y,SD,11,8,-,-,7.34,H,-,E,N,4,0,1,2,A,-,03,22350,NA,N,C,C,A,A,H,-,A,D,1,NA,NA,NA,NA,Y,NA,A,01,0,0,1,0,0,0,0,0,0,-,-,32.78005,-117.08231,SAN DIEGO,SAN DIEGO,-117.08339918,32.78034188
6597005,2014,2014-09-04,3706,2014-07-24,1637,ES0318,NA,4,5,6,3706,0,0,0,NA,0,042,VALLEY PKWY,BEECH ST,32,E,N,A,-,N,NA,NA,NA,NA,NA,NA,NA,NA,NA,Y,4,0,1,4,A,-,03,22350,NA,N,C,C,A,A,H,-,A,D,0,NA,NA,NA,NA,Y,NA,A,01,0,0,1,0,0,0,0,0,0,-,-,NA,NA,SAN DIEGO,ESCONDIDO,-117.06832859,33.12988204
6600117,2014,2014-09-29,3710,2014-08-30,2016,OC1401,NA,6,5,6,3710,0,0,0,NA,0,006,NORTH COAST HWY,MISSION AV,65,S,N,A,-,N,NA,NA,NA,NA,NA,NA,NA,NA,NA,Y,4,0,2,3,A,-,01,23152,A,N,C,C,A,A,H,-,C,A,0,NA,NA,NA,NA,Y,Y,A,01,0,0,2,0,0,0,0,0,0,-,-,NA,NA,SAN DIEGO,OCEANSIDE,-117.37941941,33.19575357
6600336,2014,2014-09-22,3700,2014-08-08,1225,SH2439,NA,5,5,5,3713,0,0,0,NA,0,308,EMERALD DR,OLIVE AV,29,S,N,A,-,N,NA,NA,NA,NA,NA,NA,NA,NA,NA,Y,2,0,1,2,A,-,05,21650,NA,N,D,C,A,A,H,-,A,A,0,NA,NA,Y,NA,Y,NA,C,02,1,0,0,0,0,0,0,0,1,-,-,NA,NA,SAN DIEGO,VISTA,-117.27947577,33.2047307
6601635,2014,2016-05-28,9680,2014-08-20,1655,018734,NA,3,2,5,3705,0,1,1,NA,2,082,RT 8,W CHASE AV,770,W,N,A,-,Y,SD,11,8,-,-,13.566,R,1,E,Y,4,0,1,4,A,-,03,22350,NA,M,C,C,A,A,H,-,A,D,1,NA,NA,NA,NA,Y,NA,A,01,0,0,1,0,0,0,0,0,0,TO,-,32.7808,-116.98182,SAN DIEGO,EL CAJON,-116.98190693,32.78113131
6601732,2014,2014-09-25,3711,2014-08-20,1447,6493,NA,3,5,7,3711,0,0,0,NA,0,313,SPECTRUM CTR BL,RUFFIN RD,0,NA,Y,B,-,N,NA,NA,NA,NA,NA,NA,NA,NA,NA,N,4,0,1,2,A,-,12,21453,A,N,D,G,A,A,H,-,A,A,0,NA,Y,NA,NA,Y,NA,L,04,0,0,1,0,0,0,1,0,0,-,-,NA,NA,SAN DIEGO,SAN DIEGO,-117.12745008,32.82539008
6601745,2014,2014-09-10,3711,2014-08-20,1901,6034,NA,3,5,7,3711,0,0,0,NA,0,628,SUTTER ST,IBIS ST,12,W,N,A,-,N,NA,NA,NA,NA,NA,NA,NA,NA,NA,N,3,0,2,3,A,-,09,21801,A,N,D,C,A,A,H,-,A,D,0,NA,NA,Y,NA,Y,NA,A,01,0,2,0,0,0,0,0,0,2,-,-,NA,NA,SAN DIEGO,SAN DIEGO,-117.1731689,32.74619959
6601888,2014,2014-09-11,3711,2014-07-14,2005,5985,NA,1,5,7,3711,0,0,0,NA,0,511,CESAR E CHAVEZ PKWY,NEWTON AV,1900,NA,Y,B,-,N,NA,NA,NA,NA,NA,NA,NA,NA,NA,N,2,0,1,2,A,-,09,21801,A,F,F,A,A,A,H,-,B,A,0,NA,NA,Y,NA,Y,NA,-,99,1,0,0,0,0,0,0,0,1,-,-,NA,NA,SAN DIEGO,SAN DIEGO,-117.14582004,32.69984006
6602155,2014,2014-09-09,3705,2014-06-29,2327,EC0337,NA,7,5,5,3705,0,0,0,NA,0,008,E CAMDEN,TAFT,138,E,N,A,-,N,NA,NA,NA,NA,NA,NA,NA,NA,NA,N,2,0,1,2,A,-,11,21954,A,N,G,B,E,A,A,-,C,D,0,Y,NA,NA,NA,Y,NA,N,60,1,0,0,0,1,0,0,0,0,-,-,NA,NA,SAN DIEGO,EL CAJON,-116.95594258,32.79019334
6603660,2014,2016-05-21,9645,2014-08-19,1630,016728,NA,2,2,7,3711,0,1,1,NA,2,003,RT 5,CESAR E CHAVEZ PKWY,20,S,N,A,-,Y,SD,11,5,-,R,14.12,H,-,S,Y,3,0,1,3,A,-,03,22350,NA,N,C,C,A,A,H,-,A,D,1,NA,NA,NA,NA,Y,NA,A,01,0,1,0,0,0,0,0,0,0,-,-,32.70143,-117.14364,SAN DIEGO,SAN DIEGO,-117.14364035,32.70176804
6605032,2014,2016-05-24,3703,2014-08-19,1008,1037,NA,2,5,3,3703,0,0,0,NA,0,002,RT 75,LOMA LN,0,NA,Y,A,-,Y,SD,11,75,-,-,18.756,I,5,S,Y,4,0,1,2,A,-,09,21800,B,N,D,C,A,A,H,-,A,A,0,NA,NA,NA,NA,Y,NA,I,11,0,0,1,0,0,0,0,0,0,-,-,NA,NA,SAN DIEGO,CORONADO,-117.17893372,32.68361836
6606128,2014,2014-09-25,9650,2014-05-10,2305,19191,NA,6,3,9,3700,0,3,5,NA,2,210,OLD HWY 395,VIA BELMONTE,125,N,N,B,-,N,NA,NA,NA,NA,NA,NA,NA,NA,NA,N,1,1,0,2,A,-,11,21956,A,N,G,B,E,A,H,-,D,D,0,Y,NA,NA,NA,Y,Y,N,60,0,0,0,1,0,0,0,0,0,-,-,33.33423,-117.16072,SAN DIEGO,UNINCORPORATED,-117.16076953,33.33409442
6607792,2014,2016-05-24,9645,2014-08-27,0850,14909,NA,3,1,7,3711,0,1,1,NA,2,005,RT 5,RT 8,100,S,N,A,-,Y,SD,11,5,-,R,19.9,H,-,S,Y,4,0,2,3,A,-,03,22350,NA,N,-,-,A,A,H,-,A,-,1,NA,NA,NA,NA,Y,NA,A,01,0,0,2,0,0,0,0,0,0,TO,-,37.7589,-117.20369,SAN DIEGO,SAN DIEGO,-117.2032886,32.75672808
6610054,2014,2014-09-16,3711,2014-08-20,2304,HB5627,NA,3,5,7,3711,0,0,0,NA,0,504,W HARBOR DR,MARKET PL,210,E,N,A,-,N,NA,NA,NA,NA,NA,NA,NA,NA,NA,N,3,0,1,2,A,-,05,21650,1,N,D,G,A,A,H,-,C,D,0,NA,Y,NA,NA,Y,NA,L,04,0,1,0,0,0,0,1,0,0,-,-,NA,NA,SAN DIEGO,SAN DIEGO,-117.16765644,32.71063046
6611842,2014,2014-09-23,3711,2014-08-31,0111,6445,NA,7,5,7,3711,0,0,0,NA,0,447,EUCLID AV,ELM AV,50,S,N,A,-,N,NA,NA,NA,NA,NA,NA,NA,NA,NA,Y,3,0,1,2,A,-,03,22350,NA,N,-,I,A,A,H,-,C,A,0,NA,NA,NA,NA,Y,Y,-,NA,0,1,0,0,0,0,0,0,0,-,-,NA,NA,SAN DIEGO,SAN DIEGO,-117.08492507,32.72396311
6611846,2014,2014-09-27,3711,2014-08-29,1151,6037,NA,5,5,7,3711,0,0,0,NA,0,447,EUCLID AV,FEDERAL BL,75,S,N,A,-,N,NA,NA,NA,NA,NA,NA,NA,NA,NA,N,4,0,1,2,A,-,09,21801,A,N,D,C,A,A,H,-,A,D,0,NA,NA,NA,NA,Y,NA,-,NA,0,0,1,0,0,0,0,0,0,-,-,NA,NA,SAN DIEGO,SAN DIEGO,-117.08495168,32.72121457
6611923,2014,2014-09-16,3702,2014-07-21,1300,CV1120,NA,1,5,6,3702,0,0,0,NA,0,013,BAY BL,L ST,756,N,N,A,-,N,NA,NA,NA,NA,NA,NA,NA,NA,NA,N,4,0,1,2,D,-,00,NA,NA,N,C,C,A,A,H,-,A,D,0,NA,NA,NA,NA,Y,NA,-,-,0,0,1,0,0,0,0,0,0,-,-,NA,NA,SAN DIEGO,CHULA VISTA,-117.092217,32.61701007
6612127,2014,2014-09-18,3710,2014-08-15,2000,OC1351,NA,5,5,6,3710,0,0,0,NA,0,011,OCEANSIDE BL,PARKWOOD LN,0,NA,Y,A,-,N,NA,NA,NA,NA,NA,NA,NA,NA,NA,Y,4,0,2,2,A,-,09,21453,C,N,D,C,A,A,H,-,C,A,0,NA,NA,NA,NA,Y,NA,A,01,0,0,2,0,0,0,0,0,0,-,-,NA,NA,SAN DIEGO,OCEANSIDE,-117.36336004,33.18971007
6612639,2014,2014-09-19,3711,2014-08-27,1410,7061,NA,3,5,7,3711,0,0,0,NA,0,124,TORREY PINES PARK RD,EXCHANGE PL,3,W,N,A,-,N,NA,NA,NA,NA,NA,NA,NA,NA,NA,N,4,0,1,2,A,-,03,22350,NA,N,C,C,A,A,H,-,A,D,0,NA,NA,NA,NA,Y,NA,-,NA,0,0,1,0,0,0,0,0,0,-,-,NA,NA,SAN DIEGO,SAN DIEGO,-117.26864993,32.84601004
6613376,2014,2014-10-02,3711,2014-09-07,0147,5072,NA,7,5,7,3711,0,0,0,NA,0,122,EVERTS ST,GARNET AV,118,S,N,A,-,N,NA,NA,NA,NA,NA,NA,NA,NA,NA,Y,4,0,2,2,A,-,03,22350,NA,N,A,C,A,A,H,-,C,D,0,NA,NA,NA,NA,Y,Y,A,01,0,0,2,0,0,0,0,0,0,-,-,NA,NA,SAN DIEGO,SAN DIEGO,-117.24808021,32.79782574
6614771,2014,2014-09-12,3706,2014-07-19,2236,ES0446,3706,6,5,6,3706,0,0,0,NA,0,042,E WASHINGTON AV,N JUNIPER ST,0,NA,Y,A,-,N,NA,NA,NA,NA,NA,NA,NA,NA,NA,N,4,0,1,2,A,-,09,21802,A,N,D,C,A,A,H,-,D,D,0,NA,NA,NA,NA,Y,NA,A,01,0,0,1,0,0,0,0,0,0,-,-,NA,NA,SAN DIEGO,ESCONDIDO,-117.0818801,33.12758005