CASE_ID,ACCIDENT_YEAR,PROC_DATE,JURIS,COLLISION_DATE,COLLISION_TIME,OFFICER_ID,REPORTING_DISTRICT,DAY_OF_WEEK,CHP_SHIFT,POPULATION,CNTY_CITY_LOC,SPECIAL_COND,BEAT_TYPE,CHP_BEAT_TYPE,CITY_DIVISION_LAPD,CHP_BEAT_CLASS,BEAT_NUMBER,PRIMARY_RD,SECONDARY_RD,DISTANCE,DIRECTION,INTERSECTION,WEATHER_1,WEATHER_2,STATE_HWY_IND,CALTRANS_COUNTY,CALTRANS_DISTRICT,STATE_ROUTE,ROUTE_SUFFIX,POSTMILE_PREFIX,POSTMILE,LOCATION_TYPE,RAMP_INTERSECTION,SIDE_OF_HWY,TOW_AWAY,COLLISION_SEVERITY,NUMBER_KILLED,NUMBER_INJURED,PARTY_COUNT,PRIMARY_COLL_FACTOR,PCF_CODE_OF_VIOL,PCF_VIOL_CATEGORY,PCF_VIOLATION,PCF_VIOL_SUBSECTION,HIT_AND_RUN,TYPE_OF_COLLISION,MVIW,PED_ACTION,ROAD_SURFACE,ROAD_COND_1,ROAD_COND_2,LIGHTING,CONTROL_DEVICE,CHP_ROAD_TYPE,PEDESTRIAN_ACCIDENT,BICYCLE_ACCIDENT,MOTORCYCLE_ACCIDENT,TRUCK_ACCIDENT,NOT_PRIVATE_PROPERTY,ALCOHOL_INVOLVED,STWD_VEHTYPE_AT_FAULT,CHP_VEHTYPE_AT_FAULT,COUNT_SEVERE_INJ,COUNT_VISIBLE_INJ,COUNT_COMPLAINT_PAIN,COUNT_PED_KILLED,COUNT_PED_INJURED,COUNT_BICYCLIST_KILLED,COUNT_BICYCLIST_INJURED,COUNT_MC_KILLED,COUNT_MC_INJURED,PRIMARY_RAMP,SECONDARY_RAMP,LATITUDE,LONGITUDE,COUNTY,CITY,POINT_X,POINT_Y
6616177,2014,2014-09-25,3710,2014-08-30,1805,OC1333,NA,6,5,6,3710,0,0,0,NA,0,021,COLLEGE,VIA CUPENO,0,NA,Y,A,-,N,NA,NA,NA,NA,NA,NA,NA,NA,NA,Y,3,0,3,2,A,-,12,21453,A,N,D,C,A,A,H,-,A,A,0,NA,NA,NA,NA,Y,NA,D,22,0,1,2,0,0,0,0,0,0,-,-,NA,NA,SAN DIEGO,OCEANSIDE,-117.29122013,33.24687011
6616759,2014,2014-09-15,3706,2014-08-27,2322,ES0443,NA,3,5,6,3706,0,0,0,NA,0,046,EAST VALLEY PKWY,N CITRUS AV,0,NA,Y,A,-,N,NA,NA,NA,NA,NA,NA,NA,NA,NA,N,4,0,1,2,A,-,12,21453,A,N,D,C,A,A,H,-,C,A,0,NA,NA,NA,NA,Y,NA,A,01,0,0,1,0,0,0,0,0,0,-,-,NA,NA,SAN DIEGO,ESCONDIDO,-117.04425007,33.14100005
6617346,2014,2014-09-15,3711,2014-06-23,0634,6481,NA,1,5,7,3711,0,0,0,NA,0,433,AKINS AV,65TH ST,0,NA,Y,B,-,N,NA,NA,NA,NA,NA,NA,NA,NA,NA,Y,4,0,2,1,D,-,00,NA,NA,N,E,J,A,A,H,-,A,D,0,NA,NA,NA,NA,Y,NA,-,-,0,0,2,0,0,0,0,0,0,-,-,NA,NA,SAN DIEGO,SAN DIEGO,-117.05806007,32.71089005
6617413,2014,2014-09-22,3709,2014-08-13,2042,461,SB,3,5,5,3709,0,0,0,NA,0,021,EAST PLAZA BL,CONCRETE MEDIAN,146,W,N,A,-,N,NA,NA,NA,NA,NA,NA,NA,NA,NA,Y,4,0,1,2,A,-,03,22350,NA,M,C,C,A,A,H,-,C,D,0,NA,NA,NA,NA,Y,NA,A,NA,0,0,1,0,0,0,0,0,0,-,-,NA,NA,SAN DIEGO,NATIONAL CITY,NA,NA
6617796,2014,2015-01-13,3700,2014-09-03,1343,SH0059,NA,3,5,5,3713,0,0,0,NA,0,319,SOUTH MELROSE DR,SHADOWRIDGE DR,0,NA,Y,A,-,N,NA,NA,NA,NA,NA,NA,NA,NA,NA,N,4,0,1,2,A,-,11,21954,A,N,G,B,D,A,H,-,A,A,0,Y,NA,NA,NA,Y,NA,N,60,0,0,1,0,1,0,0,0,0,-,-,NA,NA,SAN DIEGO,VISTA,-117.24216,33.16153004
6620200,2014,2014-10-09,3711,2014-08-31,1220,6560,SD,7,5,7,3711,0,0,0,NA,0,111,ASHFORD ST,MESA COLLEGE DR,180,N,N,-,-,N,NA,NA,NA,NA,NA,NA,NA,NA,NA,Y,3,0,1,2,A,-,09,21804,A,N,D,C,A,A,-,-,A,D,0,NA,NA,NA,NA,Y,NA,-,NA,0,1,0,0,0,0,0,0,0,-,-,NA,NA,SAN DIEGO,SAN DIEGO,-117.15942042,32.80187307
6620389,2014,2016-05-16,9650,2014-08-23,1740,17328,NA,6,2,9,3700,0,1,1,NA,2,022,RT 15,PALA MESA,1320,N,N,A,-,Y,SD,11,15,-,R,47.42,H,-,S,Y,4,0,1,2,A,-,01,23152,A,F,B,C,A,A,H,-,A,A,1,NA,NA,NA,NA,Y,Y,D,22,0,0,1,0,0,0,0,0,0,-,-,33.34523,-117.15922,SAN DIEGO,UNINCORPORATED,-117.15920125,33.34462155
6620751,2014,2014-09-19,9650,2014-08-30,2004,016516,NA,6,2,9,3700,0,2,4,NA,1,027,VALLEY CENTER RD,NORTH LAKE WOHLFORD RD,0,NA,Y,A,-,N,NA,NA,NA,NA,NA,NA,NA,NA,NA,Y,4,0,1,2,A,-,01,23152,A,N,D,C,A,A,H,-,C,A,0,NA,NA,NA,NA,Y,Y,A,08,0,0,1,0,0,0,0,0,0,-,-,33.22825,-116.97555,SAN DIEGO,UNINCORPORATED,-116.97569004,33.22816005
6621475,2014,2014-10-02,3700,2014-08-08,1615,SH2560,NA,5,5,5,3713,0,0,0,NA,0,304,NORTH MELROSE DR,NORTH AV,32,S,N,A,-,N,NA,NA,NA,NA,NA,NA,NA,NA,NA,N,3,0,1,2,A,-,12,21453,A,N,B,G,A,A,H,-,A,A,0,NA,Y,NA,NA,Y,NA,L,04,0,1,0,0,0,0,1,0,0,-,-,NA,NA,SAN DIEGO,VISTA,-117.2560024,33.21550257
6621621,2014,2014-09-29,3711,2014-09-06,0233,7117,NA,6,5,7,3711,0,0,0,NA,0,243,MIRAMAR RD,MIRAMAR RD 9800,50,N,N,A,-,N,NA,NA,NA,NA,NA,NA,NA,NA,NA,Y,4,0,1,1,A,-,08,22100,B,N,E,I,A,A,H,-,C,A,0,NA,NA,NA,NA,Y,NA,-,NA,0,0,1,0,0,0,0,0,0,-,-,NA,NA,SAN DIEGO,SAN DIEGO,NA,NA
6622470,2014,2016-05-28,9680,2014-09-05,0651,015877,NA,5,1,5,3705,0,1,1,NA,2,082,RT 8,BROADWAY,55,W,N,A,-,Y,SD,11,8,-,R,18.43,H,-,W,Y,4,0,1,2,A,-,04,21703,NA,N,C,C,A,A,H,-,A,D,1,NA,NA,NA,NA,Y,NA,A,07,0,0,1,0,0,0,0,0,0,-,-,32.80794,-116.91969,SAN DIEGO,EL CAJON,-116.91979636,32.80779904
6623328,2014,2015-09-24,3710,2014-06-27,1810,OC1201,NA,5,5,6,3710,0,0,0,NA,0,018,ASILADO,CALLE DEL PALO,0,NA,Y,A,-,N,NA,NA,NA,NA,NA,NA,NA,NA,NA,N,4,0,2,2,A,-,05,21650,NA,F,A,C,A,A,H,-,A,A,0,NA,NA,NA,NA,Y,NA,-,NA,0,0,2,0,0,0,0,0,0,-,-,NA,NA,SAN DIEGO,OCEANSIDE,-117.31202005,33.25220007
6624692,2014,2014-12-10,3711,2014-09-09,1830,5762,NA,2,5,7,3711,0,0,0,NA,0,321,ZION AV,RIVERDALE ST,80,E,N,A,-,N,NA,NA,NA,NA,NA,NA,NA,NA,NA,Y,4,0,2,2,A,-,08,22107,NA,N,C,E,A,A,H,-,A,D,0,NA,NA,NA,NA,Y,NA,-,NA,0,0,2,0,0,0,0,0,0,-,-,NA,NA,SAN DIEGO,SAN DIEGO,-117.09908056,32.79296
6625446,2014,2014-10-16,3711,2014-09-05,0640,4298,NA,5,5,7,3711,0,0,0,NA,0,825,FAIRMOUNT AV,MONTEZUMA RD,300,N,N,B,-,N,NA,NA,NA,NA,NA,NA,NA,NA,NA,Y,3,0,1,2,A,-,08,22107,NA,M,B,I,A,A,H,-,B,D,0,NA,NA,NA,NA,Y,Y,-,NA,0,1,0,0,0,0,0,0,0,-,-,NA,NA,SAN DIEGO,SAN DIEGO,-117.09740302,32.77324674
6625450,2014,2014-10-07,3711,2014-09-08,1910,7085,SANDI,1,5,7,3711,0,0,0,NA,0,123,INGRAHAM ST,LA PLAYA AV,58,S,N,A,-,N,NA,NA,NA,NA,NA,NA,NA,NA,NA,Y,4,0,1,2,A,-,-,NA,NA,M,G,G,A,A,H,-,A,D,0,NA,Y,NA,NA,Y,NA,A,08,0,0,1,0,0,0,1,0,0,-,-,NA,NA,SAN DIEGO,SAN DIEGO,-117.23743306,32.78858613
6628961,2014,2014-09-30,9680,2014-08-30,0815,018152,NA,6,1,9,3700,0,1,3,NA,1,022,JAMACHA BL,SWEETWATER RD,587,E,N,A,-,N,NA,NA,NA,NA,NA,NA,NA,NA,NA,N,3,0,1,3,A,-,09,21801,A,N,C,G,A,A,H,-,A,D,0,NA,Y,NA,NA,Y,NA,A,07,0,1,0,0,0,0,1,0,0,-,-,32.70649,-117.00896,SAN DIEGO,UNINCORPORATED,-117.00900218,32.70637738
6629048,2014,2014-09-29,3706,2014-08-20,1350,ES0440,NA,3,5,6,3706,0,0,0,NA,0,044,LINCOLN AV,E CURBLINE ASH ST,50,E,N,A,-,N,NA,NA,NA,NA,NA,NA,NA,NA,NA,N,4,0,1,2,A,-,03,22350,NA,N,C,C,A,A,H,-,A,A,0,NA,NA,NA,NA,Y,NA,A,01,0,0,1,0,0,0,0,0,0,-,-,NA,NA,SAN DIEGO,ESCONDIDO,NA,NA
6629891,2014,2014-09-30,3711,2014-09-09,1849,6621,SAN D,2,5,7,3711,0,0,0,NA,0,122,GARNET AV,BOND AV,35,E,N,A,-,N,NA,NA,NA,NA,NA,NA,NA,NA,NA,Y,4,0,1,3,A,-,03,22350,NA,N,C,C,A,A,H,-,A,A,0,NA,NA,NA,NA,Y,NA,-,NA,0,0,1,0,0,0,0,0,0,-,-,NA,NA,SAN DIEGO,SAN DIEGO,-117.22097989,32.80572337
6630025,2014,2014-11-04,3711,2014-09-11,1647,6034,NA,4,5,7,3711,0,0,0,NA,0,116,KNOXVILLE ST,NASHVILLE ST,92,S,N,A,-,N,NA,NA,NA,NA,NA,NA,NA,NA,NA,Y,3,0,1,2,C,-,18,NA,NA,N,C,E,A,A,H,-,A,D,0,NA,NA,NA,NA,Y,NA,-,-,0,1,0,0,0,0,0,0,0,-,-,NA,NA,SAN DIEGO,SAN DIEGO,-117.20223704,32.77521714
6630057,2014,2014-11-04,3711,2014-09-11,0730,6492,NA,4,5,7,3711,0,0,0,NA,0,614,SUNSET CLIFFS BL,BRIGHTON AV,18,N,N,A,-,N,NA,NA,NA,NA,NA,NA,NA,NA,NA,Y,4,0,1,3,A,-,03,22350,NA,M,C,C,A,A,H,-,A,D,0,NA,NA,NA,NA,Y,NA,D,22,0,0,1,0,0,0,0,0,0,-,-,NA,NA,SAN DIEGO,SAN DIEGO,-117.24468564,32.74813986
6630761,2014,2014-11-04,3700,2014-09-16,0650,SH2619,NA,2,5,5,3712,0,0,0,NA,0,357,WOODLAND PKWY,RANCHEROS DR,85,S,N,A,-,N,NA,NA,NA,NA,NA,NA,NA,NA,NA,N,4,0,1,2,A,-,08,22107,NA,M,B,G,A,A,H,-,A,D,0,NA,Y,NA,NA,Y,NA,A,01,0,0,1,0,0,0,1,0,0,-,-,NA,NA,SAN DIEGO,SAN MARCOS,-117.14073724000001,33.13922323
6630823,2014,2016-05-21,9645,2014-09-02,1620,017524,NA,2,2,7,3711,0,1,1,NA,2,021,RT 15,OCEAN VIEW BL,528,S,N,A,-,Y,SD,11,15,-,R,0.49,H,-,N,N,4,0,1,1,A,-,03,22350,NA,N,F,A,A,A,H,-,A,D,1,NA,NA,Y,NA,Y,NA,C,02,0,0,1,0,0,0,0,0,1,-,-,32.7002,-117.12058,SAN DIEGO,SAN DIEGO,-117.1206334,32.69955548
6630960,2014,2016-05-21,9645,2014-09-04,1524,019322,NA,4,2,7,3711,0,1,1,NA,2,009,RT 805,MARKET ST,60,N,N,A,-,Y,SD,11,805,-,-,12.96,H,-,S,Y,4,0,1,2,A,-,07,21658,A,N,C,C,A,A,H,-,A,D,1,NA,NA,NA,NA,Y,NA,A,08,0,0,1,0,0,0,0,0,0,-,-,32.71142,-117.10074,SAN DIEGO,SAN DIEGO,-117.10078514,32.71138694
6630967,2014,2016-01-05,9680,2014-09-13,1610,019255,NA,6,2,9,3700,0,2,4,NA,1,031,SUNRISE HWY,RT 8,13728,N,N,A,-,N,NA,NA,NA,NA,NA,NA,NA,NA,NA,Y,4,0,2,1,A,-,08,22107,NA,N,E,I,A,A,H,-,A,D,0,NA,NA,NA,NA,Y,NA,A,01,0,0,2,0,0,0,0,0,0,-,-,32.8448,-116.49443,SAN DIEGO,UNINCORPORATED,-116.51052,32.81127
6632101,2014,2014-09-26,3700,2014-07-07,0845,SH1912,NA,1,5,5,3782,0,0,0,NA,0,206,OLIVENHAIN RD,NORTH EL CAMINO REAL,0,NA,Y,A,-,N,NA,NA,NA,NA,NA,NA,NA,NA,NA,Y,3,0,1,2,A,-,03,22350,NA,N,C,C,A,A,H,-,A,A,0,NA,NA,Y,NA,Y,NA,A,01,0,1,0,0,0,0,0,0,1,-,-,NA,NA,SAN DIEGO,ENCINITAS,-117.26211002,33.06749003
6632113,2014,2016-05-21,3700,2014-07-03,1851,SH5379,NA,4,5,5,3782,0,0,0,NA,0,212,LEUCADIA BL,RT 5,0,NA,Y,A,-,Y,SD,11,5,-,R,42.542,R,1,N,N,4,0,1,2,A,-,11,21456,B,N,G,B,B,A,H,-,A,A,0,Y,NA,NA,NA,Y,NA,N,60,0,0,1,0,1,0,0,0,0,-,-,NA,NA,SAN DIEGO,ENCINITAS,-117.29140265,33.06273349
6632832,2014,2016-05-16,9680,2014-09-10,0825,015578,NA,3,1,4,3720,0,1,3,NA,2,028,RT 125,TROY ST,2112,N,N,A,-,Y,SD,11,125,-,-,12.54,H,-,N,Y,4,0,2,2,A,-,03,22350,NA,N,C,C,A,A,H,-,A,D,1,NA,NA,NA,NA,Y,NA,A,01,0,0,2,0,0,0,0,0,0,-,-,32.74194,-117.0165,SAN DIEGO,LEMON GROVE,-117.01653767,32.74229528
6636838,2014,2016-02-10,3711,2014-09-20,0835,7085,SAN D,6,5,7,3711,0,0,0,NA,0,115,GENESEE AV,RT 52,10,S,N,B,-,Y,SD,11,52,-,-,2.013,R,4,W,Y,3,0,2,2,A,-,08,22107,NA,N,B,C,A,A,H,-,A,D,0,NA,NA,NA,NA,Y,NA,A,01,0,1,1,0,0,0,0,0,0,-,WO,NA,NA,SAN DIEGO,SAN DIEGO,-117.20779459,32.84647524
6637974,2014,2014-10-14,3711,2014-09-20,1215,4757,NA,6,5,7,3711,0,0,0,NA,0,528,INDIA ST,GRAPE ST,180,S,N,A,-,N,NA,NA,NA,NA,NA,NA,NA,NA,NA,N,3,0,1,2,A,-,08,22107,NA,N,B,E,A,A,H,-,A,A,0,NA,Y,NA,NA,Y,NA,L,04,0,1,0,0,0,0,1,0,0,-,-,NA,NA,SAN DIEGO,SAN DIEGO,-117.16878936,32.72494699
6644006,2014,2015-01-16,9650,2014-11-20,0205,20422,NA,4,3,5,3713,0,1,3,NA,2,017,RT 78,EMERALD AV,1320,E,N,B,-,Y,NA,NA,78,NA,NA,NA,NA,NA,NA,Y,3,0,2,1,A,-,01,23152,A,N,F,A,A,A,H,-,C,D,0,NA,NA,NA,NA,Y,Y,A,01,0,2,0,0,0,0,0,0,0,-,-,33.19006,-117.27554,SAN DIEGO,VISTA,-117.27552726,33.19003381
6647610,2014,2016-05-20,9645,2014-09-14,1240,15698,NA,7,1,6,3702,0,1,1,NA,2,009,RT 805,TELEGRAPH CANYON RD,600,S,N,A,-,Y,SD,11,805,-,-,5.95,H,-,S,Y,4,0,1,5,A,-,03,22350,NA,N,C,C,A,A,H,-,A,D,1,NA,NA,NA,NA,Y,NA,A,01,0,0,1,0,0,0,0,0,0,-,-,32.62665,-117.04279,SAN DIEGO,CHULA VISTA,-117.04309924,32.62714613
6647857,2014,2016-05-24,9645,2014-09-12,1530,17473,NA,5,2,7,3711,0,1,1,NA,2,019,RT 15,DUENDA RD,100,N,N,A,-,Y,SD,11,15,-,M,24.41,H,-,N,Y,4,0,1,2,A,-,03,22350,NA,N,C,C,A,A,H,-,A,D,1,NA,NA,NA,NA,Y,NA,A,01,0,0,1,0,0,0,0,0,0,-,-,33.03402,-117.07728,SAN DIEGO,SAN DIEGO,-117.07765551,33.03328139
6647917,2014,2016-05-23,9645,2014-09-18,0810,18529,NA,4,1,7,3711,0,1,1,NA,2,001,RT 5,18TH ST,100,N,N,B,-,Y,SD,11,5,-,R,10.47,H,-,N,N,4,0,1,2,A,-,03,22350,NA,N,C,C,A,A,H,-,A,D,1,NA,NA,NA,NA,Y,NA,A,01,0,0,1,0,0,0,0,0,0,-,-,32.6663,-117.1104,SAN DIEGO,SAN DIEGO,-117.11017387,32.66580323
6647972,2014,2016-05-21,9650,2014-08-31,0310,018931,NA,7,3,5,3712,0,1,3,NA,2,019,RT 78,NORDAHL RD,1056,W,N,B,-,Y,SD,11,78,-,-,15.28,H,-,W,Y,3,0,2,1,A,-,08,22107,NA,F,E,I,A,A,H,-,D,D,1,NA,NA,NA,NA,Y,NA,A,01,0,1,1,0,0,0,0,0,0,-,-,33.13585,-117.13387,SAN DIEGO,SAN MARCOS,-117.12459587,33.13362546
6648280,2014,2016-05-28,9645,2014-09-18,0840,19376,NA,4,1,7,3711,0,1,1,NA,2,010,RT 8,WARING RD,1200,E,N,A,-,Y,SD,11,8,-,-,7.31,H,-,W,Y,4,0,2,2,A,-,08,22107,NA,N,B,C,A,A,H,-,A,D,1,NA,NA,NA,NA,Y,NA,A,01,0,0,2,0,0,0,0,0,0,-,-,32.78065,-117.08263,SAN DIEGO,SAN DIEGO,-117.08381959,32.78095477
6648333,2014,2016-05-25,9645,2014-09-27,0058,20066,NA,6,3,7,3711,0,1,1,NA,2,010,RT 8,RT 163,650,E,N,A,-,Y,SD,11,8,-,-,2.53,H,-,E,Y,3,0,2,1,A,-,01,23152,A,F,E,I,A,A,H,-,D,D,1,NA,NA,NA,NA,Y,Y,A,01,0,1,1,0,0,0,0,0,0,-,-,32.76294,-117.16228,SAN DIEGO,SAN DIEGO,-117.16201711,32.76315751
6648345,2014,2016-05-21,9645,2014-09-25,1910,18587,NA,4,2,7,3711,0,1,3,NA,2,006,RT 94,RT 805,950,W,N,A,-,Y,SD,11,94,-,-,3.7,H,-,E,Y,3,0,1,2,A,-,03,22350,NA,N,C,C,A,A,H,-,C,D,1,NA,NA,Y,NA,Y,NA,C,02,0,1,0,0,0,0,0,0,1,-,-,NA,NA,SAN DIEGO,SAN DIEGO,-117.10929409,32.71810303
6649069,2014,2016-05-21,9680,2014-09-05,1125,019729,NA,5,1,9,3700,0,1,3,NA,1,090,RT 67,MUSSEY GRADE RD,1584,S,N,A,-,Y,SD,11,67,-,R,20.57,H,-,S,N,4,0,1,2,A,-,08,22107,NA,F,D,C,A,A,H,-,A,D,0,NA,NA,NA,NA,Y,NA,A,01,0,0,1,0,0,0,0,0,0,-,-,33.00986,-116.91997,SAN DIEGO,UNINCORPORATED,-116.91996019,33.00993624
6649532,2014,2014-10-28,3711,2014-09-04,0711,6702,NA,4,5,7,3711,0,0,0,NA,0,611,MIDWAY DR,KEMPER ST,424,N,N,A,-,N,NA,NA,NA,NA,NA,NA,NA,NA,NA,N,3,0,1,2,A,-,05,21650,1,N,H,G,A,A,H,-,A,A,0,NA,Y,NA,NA,Y,NA,L,04,0,1,0,0,0,0,1,0,0,-,-,NA,NA,SAN DIEGO,SAN DIEGO,-117.2162838,32.75279893
6650553,2014,2014-10-21,3702,2014-09-12,2020,CV1122,NA,5,5,6,3702,0,0,0,NA,0,021,BROADWAY,NAPLES ST,216,N,N,A,-,N,NA,NA,NA,NA,NA,NA,NA,NA,NA,N,4,0,3,2,A,-,07,21658,A,N,B,C,A,A,H,-,C,A,0,NA,NA,NA,NA,Y,NA,A,01,0,0,3,0,0,0,0,0,0,-,-,NA,NA,SAN DIEGO,CHULA VISTA,-117.08164888,32.6107919
6651138,2014,2014-10-14,9650,2014-09-26,1910,018321,NA,5,2,9,3700,0,2,4,NA,2,061,SOUTH MISSION RD,AMMUNITION RD,577,N,N,A,-,N,NA,NA,NA,NA,NA,NA,NA,NA,NA,N,4,0,1,2,A,-,03,22350,NA,N,H,G,A,A,H,-,C,D,0,NA,Y,NA,NA,Y,NA,L,04,0,0,1,0,0,0,1,0,0,-,-,33.37642,-117.25115,SAN DIEGO,UNINCORPORATED,-117.25335926,33.37243481
6651233,2014,2014-10-31,3705,2014-07-12,0941,EC0301,NA,6,5,5,3705,0,0,0,NA,0,008,CHASE,PRESCOTT,77,E,N,A,-,N,NA,NA,NA,NA,NA,NA,NA,NA,NA,N,3,0,1,1,B,-,22,NA,NA,N,E,I,A,A,H,-,A,A,0,NA,NA,Y,NA,Y,NA,C,02,0,1,0,0,0,0,0,0,1,-,-,NA,NA,SAN DIEGO,EL CAJON,-116.95969037,32.7804
6653811,2014,2016-01-05,3710,2014-09-23,0915,OC1406,NA,2,5,6,3710,0,0,0,NA,0,027,COLLEGE,VISTA WY,100,N,N,A,-,N,NA,NA,NA,NA,NA,NA,NA,NA,NA,N,4,0,1,2,A,-,03,22350,NA,N,C,C,A,A,H,-,A,A,0,NA,NA,NA,NA,Y,NA,A,01,0,0,1,0,0,0,0,0,0,-,-,NA,NA,SAN DIEGO,OCEANSIDE,-117.29653208,33.18427264
6658045,2014,2014-10-21,3706,2014-09-28,2209,ES0441,NA,7,5,6,3706,0,0,0,NA,0,056,HIDDEN TRAILS,MEADOW GRASS LN,90,N,N,A,-,N,NA,NA,NA,NA,NA,NA,NA,NA,NA,N,3,0,1,1,D,-,00,NA,NA,F,F,I,A,B,H,-,C,D,0,NA,NA,NA,NA,Y,NA,-,-,0,1,0,0,0,0,0,0,0,-,-,NA,NA,SAN DIEGO,ESCONDIDO,-117.02450358,33.1466135
6658996,2014,2016-06-11,9650,2014-10-02,1645,14886,NA,4,2,5,3701,0,1,1,NA,2,005,RT 5,PALOMAR AIRPORT RD,600,S,N,A,-,Y,SD,11,5,-,R,46.92,H,-,N,Y,3,0,1,2,A,-,07,21658,A,N,B,C,A,A,H,-,A,D,1,NA,NA,Y,NA,Y,NA,A,01,0,1,0,0,0,0,0,0,1,-,-,33.11818,-117.31952,SAN DIEGO,CARLSBAD,-117.32110533,33.12075114
6659058,2014,2014-12-02,3711,2014-10-05,0922,S284,NA,7,5,7,3711,0,0,0,NA,0,122,GARNET AV,GRESHAM ST,0,NA,Y,A,-,N,NA,NA,NA,NA,NA,NA,NA,NA,NA,N,3,0,1,2,A,-,09,21802,A,N,D,G,A,A,H,-,A,A,0,NA,Y,NA,NA,Y,NA,-,-,0,1,0,0,0,0,1,0,0,-,-,NA,NA,SAN DIEGO,SAN DIEGO,-117.24452004,32.79894009
6659366,2014,2016-05-24,9645,2014-09-25,1920,19410,NA,4,2,7,3711,0,1,1,NA,2,005,RT 5,GILMAN DR,250,N,N,A,-,Y,SD,11,5,-,R,26.88,H,-,S,Y,3,0,1,2,C,-,18,NA,NA,N,H,A,A,A,H,-,C,D,1,NA,NA,NA,NA,Y,NA,-,-,0,1,0,0,0,0,0,0,0,-,-,32.84776,-117.23611,SAN DIEGO,SAN DIEGO,-117.23466774,32.85058576
6659374,2014,2016-02-10,9645,2014-09-23,1240,014461,NA,2,1,7,3711,0,1,3,NA,2,012,RT 52,RT 805,2100,W,N,A,-,Y,SD,11,52,-,-,3.36,H,-,W,Y,4,0,1,3,A,-,03,22350,NA,N,C,C,A,A,H,-,A,D,1,NA,NA,NA,NA,Y,NA,D,22,0,0,1,0,0,0,0,0,0,-,-,32.84614,-117.20866,SAN DIEGO,SAN DIEGO,-117.18510745,32.84695489
6659500,2014,2016-05-16,9645,2014-09-18,1500,017401,NA,4,2,7,3711,0,1,3,NA,2,023,RT 163,LAUREL ST,528,N,N,A,-,Y,SD,11,163,-,-,1.52,H,-,S,Y,3,0,1,2,A,-,03,22350,NA,N,C,A,A,A,H,-,A,A,1,NA,NA,Y,NA,Y,NA,C,02,0,1,0,0,0,0,0,0,1,-,-,NA,NA,SAN DIEGO,SAN DIEGO,-117.15533032,32.73291275
6659732,2014,2016-05-21,9645,2014-09-26,1720,018095,NA,5,2,7,3711,0,1,1,NA,2,021,RT 15,UNIVERSITY AV,400,N,N,A,-,Y,SD,11,15,-,M,4.941,R,2,S,Y,4,0,1,2,A,-,03,22350,NA,N,C,C,A,A,H,-,A,D,1,NA,NA,NA,NA,Y,NA,A,01,0,0,1,0,0,0,0,0,0,-,-,32.75141,-117.10917,SAN DIEGO,SAN DIEGO,-117.10898174,32.75392304
6661534,2014,2016-05-21,9645,2014-09-30,1330,17524,NA,2,1,7,3711,0,1,1,NA,2,021,RT 15,NATIONAL AV,40,N,N,A,-,Y,SD,11,15,-,R,0.25,H,-,N,Y,3,0,1,4,A,-,03,22350,NA,N,C,C,A,A,H,-,A,D,1,NA,NA,NA,NA,Y,NA,A,01,0,1,0,0,0,0,0,0,0,-,-,32.69652,-117.12057,SAN DIEGO,SAN DIEGO,-117.12039489,32.69599076
6661839,2014,2014-12-11,9680,2014-10-01,1725,18734,NA,3,2,9,3700,0,3,5,NA,2,002,AVOCADO BL,ANAHEIM DR,30,N,N,A,-,N,NA,NA,NA,NA,NA,NA,NA,NA,NA,N,2,0,1,1,A,-,01,21200,5,N,F,A,A,A,H,-,A,D,0,NA,Y,NA,NA,Y,Y,L,04,1,0,0,0,0,0,1,0,0,-,-,32.75805,-116.96188,SAN DIEGO,UNINCORPORATED,-116.96186255,32.75815192
6664564,2014,2014-12-10,3711,2014-10-04,1234,6819,NA,6,5,7,3711,0,0,0,NA,0,435,FEDERAL BL,MALLARD ST,0,NA,N,A,-,N,NA,NA,NA,NA,NA,NA,NA,NA,NA,Y,3,0,1,2,A,-,08,22107,NA,N,D,C,A,A,H,-,A,D,0,NA,NA,NA,NA,Y,NA,-,NA,0,1,0,0,0,0,0,0,0,-,-,NA,NA,SAN DIEGO,SAN DIEGO,-117.06246004,32.72952003
6666785,2014,2014-12-16,3711,2014-10-05,1100,7178,MID,7,5,7,3711,0,0,0,NA,0,831,EL CAJON BL,47TH ST,0,NA,Y,A,-,N,NA,NA,NA,NA,NA,NA,NA,NA,NA,N,3,0,1,2,A,-,08,22107,NA,N,D,C,A,A,H,-,A,D,0,NA,NA,NA,NA,Y,NA,-,NA,0,1,0,0,0,0,0,0,0,-,-,NA,NA,SAN DIEGO,SAN DIEGO,-117.09327001,32.75591003
6667459,2014,2014-11-05,3705,2014-09-09,2318,EC0309,NA,2,5,5,3705,0,0,0,NA,0,006,FLETCHER PKWY,JOHNSON,0,NA,Y,A,-,N,NA,NA,NA,NA,NA,NA,NA,NA,NA,Y,3,0,2,2,A,-,12,21453,A,N,D,C,A,A,H,-,C,A,0,NA,NA,NA,NA,Y,NA,A,01,0,1,1,0,0,0,0,0,0,-,-,NA,NA,SAN DIEGO,EL CAJON,-116.97101004,32.80778005
6668082,2014,2014-12-12,3701,2014-10-11,1650,5470,124,6,5,5,3701,0,0,0,NA,0,007,CAMINO DE LOS COCHES,CALLE TIMITEO,6,E,N,A,-,N,NA,NA,NA,NA,NA,NA,NA,NA,NA,N,3,0,1,2,A,-,10,21950,A,N,G,B,B,A,H,-,A,A,0,Y,NA,NA,NA,Y,NA,D,22,0,1,0,0,1,0,0,0,0,-,-,NA,NA,SAN DIEGO,CARLSBAD,-117.23736199,33.07577365
6668847,2014,2016-02-24,3711,2014-10-06,1628,6967,SD,1,5,7,3711,0,0,0,NA,0,837,HOME AV,HIXSON AV,0,NA,Y,A,-,N,NA,NA,NA,NA,NA,NA,NA,NA,NA,Y,3,0,1,2,A,-,09,21802,A,N,D,C,A,A,H,-,A,D,0,NA,NA,NA,NA,Y,NA,-,NA,0,1,0,0,0,0,0,0,0,-,-,NA,NA,SAN DIEGO,SAN DIEGO,-117.10514006,32.72460004