CASE_ID,ACCIDENT_YEAR,PROC_DATE,JURIS,COLLISION_DATE,COLLISION_TIME,OFFICER_ID,REPORTING_DISTRICT,DAY_OF_WEEK,CHP_SHIFT,POPULATION,CNTY_CITY_LOC,SPECIAL_COND,BEAT_TYPE,CHP_BEAT_TYPE,CITY_DIVISION_LAPD,CHP_BEAT_CLASS,BEAT_NUMBER,PRIMARY_RD,SECONDARY_RD,DISTANCE,DIRECTION,INTERSECTION,WEATHER_1,WEATHER_2,STATE_HWY_IND,CALTRANS_COUNTY,CALTRANS_DISTRICT,STATE_ROUTE,ROUTE_SUFFIX,POSTMILE_PREFIX,POSTMILE,LOCATION_TYPE,RAMP_INTERSECTION,SIDE_OF_HWY,TOW_AWAY,COLLISION_SEVERITY,NUMBER_KILLED,NUMBER_INJURED,PARTY_COUNT,PRIMARY_COLL_FACTOR,PCF_CODE_OF_VIOL,PCF_VIOL_CATEGORY,PCF_VIOLATION,PCF_VIOL_SUBSECTION,HIT_AND_RUN,TYPE_OF_COLLISION,MVIW,PED_ACTION,ROAD_SURFACE,ROAD_COND_1,ROAD_COND_2,LIGHTING,CONTROL_DEVICE,CHP_ROAD_TYPE,PEDESTRIAN_ACCIDENT,BICYCLE_ACCIDENT,MOTORCYCLE_ACCIDENT,TRUCK_ACCIDENT,NOT_PRIVATE_PROPERTY,ALCOHOL_INVOLVED,STWD_VEHTYPE_AT_FAULT,CHP_VEHTYPE_AT_FAULT,COUNT_SEVERE_INJ,COUNT_VISIBLE_INJ,COUNT_COMPLAINT_PAIN,COUNT_PED_KILLED,COUNT_PED_INJURED,COUNT_BICYCLIST_KILLED,COUNT_BICYCLIST_INJURED,COUNT_MC_KILLED,COUNT_MC_INJURED,PRIMARY_RAMP,SECONDARY_RAMP,LATITUDE,LONGITUDE,COUNTY,CITY,POINT_X,POINT_Y
6838936,2015,2016-09-13,9650,2015-02-18,0945,13570,NA,3,1,5,3712,0,1,3,NA,2,019,RT 78,NORDAHL RD,1000,W,N,A,-,Y,SD,11,78,-,-,15.3,H,-,E,Y,4,0,1,3,A,-,07,21658,A,N,B,C,A,A,H,-,A,D,1,NA,NA,NA,Y,Y,NA,G,25,0,0,1,0,0,0,0,0,0,-,-,NA,NA,SAN DIEGO,SAN MARCOS,-117.1243816,33.13332503
6838959,2015,2016-10-19,9650,2015-02-22,1220,015503,NA,7,1,9,3700,0,1,1,NA,2,001,RT 5,BASILONE RD,2,S,N,B,-,Y,SD,11,5,-,R,71.38,H,-,N,Y,3,0,6,4,A,-,03,22350,NA,N,C,C,A,A,H,-,A,D,1,NA,NA,NA,NA,Y,NA,A,01,0,1,5,0,0,0,0,0,0,-,-,33.38547,-117.58289,SAN DIEGO,UNINCORPORATED,-117.58312697,33.38563707
6838961,2015,2016-10-19,9650,2015-03-04,0640,14615,NA,3,1,5,3701,0,1,1,NA,2,005,RT 5,POINSETTIA LN,2640,S,N,A,-,Y,SD,11,5,-,R,45.07,H,-,S,Y,4,0,1,2,A,-,03,22350,NA,N,C,C,A,A,H,-,A,D,1,NA,NA,NA,NA,Y,NA,D,22,0,0,1,0,0,0,0,0,0,-,-,NA,NA,SAN DIEGO,CARLSBAD,-117.30652773,33.09696221
6840008,2015,2016-11-04,3703,2015-02-19,1150,1137,NA,4,5,3,3703,0,0,0,NA,0,001,4TH ST,E B AV,0,NA,Y,A,-,Y,SD,11,75,-,R,19.849,I,5,N,Y,4,0,2,3,A,-,09,21802,A,N,D,C,A,A,H,-,A,D,0,NA,NA,NA,NA,Y,NA,A,01,0,0,2,0,0,0,0,0,0,-,-,NA,NA,SAN DIEGO,CORONADO,-117.17255538,32.69351612
6840545,2015,2016-10-04,9645,2015-02-15,1505,20857,NA,7,2,7,3711,0,1,1,NA,2,011,RT 805,HOME AV,30,S,N,A,-,Y,SD,11,805,-,-,13.689,R,1,N,Y,3,0,1,1,A,-,03,22350,NA,N,F,I,A,A,H,-,A,D,1,NA,NA,Y,NA,Y,NA,C,02,0,1,0,0,0,0,0,0,1,TO,-,32.7264,-117.102,SAN DIEGO,SAN DIEGO,-117.1025895,32.72184845
6841763,2015,2015-03-24,3710,2015-03-05,1700,OC1185,NA,4,5,6,3710,0,0,0,NA,0,006,SURFRIDER,N FREEMAN,0,NA,Y,A,-,N,NA,NA,NA,NA,NA,NA,NA,NA,NA,Y,4,0,1,2,A,-,08,22107,NA,N,D,C,A,A,H,-,A,A,0,NA,NA,NA,NA,Y,NA,A,01,0,0,1,0,0,0,0,0,0,-,-,NA,NA,SAN DIEGO,OCEANSIDE,-117.38159001,33.19976007
6842699,2015,2016-10-11,9645,2015-03-08,1810,20066,NA,7,2,7,3711,0,1,1,NA,2,010,RT 8,MISSION CENTER RD,800,E,N,A,-,Y,SD,11,8,-,-,3.19,H,-,W,Y,3,0,1,1,A,-,08,22107,NA,N,F,I,A,A,H,-,A,D,1,NA,NA,NA,NA,Y,NA,A,07,0,1,0,0,0,0,0,0,0,-,-,32.76636,-117.15082,SAN DIEGO,SAN DIEGO,-117.15118619,32.76611303
6842896,2015,2016-10-18,9650,2015-02-27,1000,013636,NA,5,1,5,3701,0,1,1,NA,2,005,RT 5,CARLSBAD VILLAGE DR,300,S,N,A,-,Y,SD,11,5,-,R,49.93,H,-,N,Y,4,0,1,4,A,-,03,22350,NA,N,C,C,A,A,H,-,A,D,1,NA,NA,NA,NA,Y,NA,A,01,0,0,1,0,0,0,0,0,0,TO,-,NA,NA,SAN DIEGO,CARLSBAD,-117.34091233,33.16084687
6843475,2014,2015-03-11,3705,2014-12-10,2000,EC0341,NA,3,5,5,3705,0,0,0,NA,0,007,E BRADLEY AV,BERRYDALE ST,60,E,N,A,-,N,NA,NA,NA,NA,NA,NA,NA,NA,NA,N,4,0,1,1,A,-,08,22107,NA,N,E,I,A,A,H,-,D,D,0,NA,Y,NA,NA,Y,NA,L,04,0,0,1,0,0,0,1,0,0,-,-,NA,NA,SAN DIEGO,EL CAJON,-116.9503154,32.8191
6843705,2015,2015-03-18,3711,2015-02-27,2245,6743,NA,5,5,7,3711,0,0,0,NA,0,712,DAIRY MART RD,BEYER BL,0,NA,Y,B,C,N,NA,NA,NA,NA,NA,NA,NA,NA,NA,Y,4,0,3,2,-,-,-,NA,NA,N,C,C,A,B,H,-,C,A,0,NA,NA,NA,NA,Y,NA,-,-,0,0,3,0,0,0,0,0,0,-,-,NA,NA,SAN DIEGO,SAN DIEGO,-117.06233004,32.56697002
6844371,2015,2015-03-23,3711,2015-03-01,0014,6361,NA,7,5,7,3711,0,0,0,NA,0,813,EL CAJON BL,KANSAS ST,75,W,N,B,-,N,NA,NA,NA,NA,NA,NA,NA,NA,NA,N,3,0,1,2,A,-,03,22350,NA,N,C,C,A,B,H,-,C,D,0,NA,NA,NA,NA,Y,Y,-,NA,0,1,0,0,0,0,0,0,0,-,-,NA,NA,SAN DIEGO,SAN DIEGO,-117.13166313,32.7554
6846138,2015,2015-03-16,9650,2015-02-10,1951,15446,NA,2,2,9,3700,0,3,5,NA,2,170,SOUTH SANTA FE AV,BUENA CREEK RD,150,E,N,A,-,N,NA,NA,NA,NA,NA,NA,NA,NA,NA,Y,3,0,2,2,A,-,01,23152,F,N,A,C,A,A,H,-,C,D,0,NA,NA,NA,NA,Y,Y,A,07,0,2,0,0,0,0,0,0,0,-,-,33.1733,-117.2081,SAN DIEGO,UNINCORPORATED,-117.20784987,33.1729897
6848965,2015,2015-03-23,3711,2015-03-07,0001,5985,NA,6,5,7,3711,0,0,0,NA,0,524,FRONT ST,WEST ASH ST,0,NA,Y,A,-,N,NA,NA,NA,NA,NA,NA,NA,NA,NA,Y,3,0,4,2,D,-,00,NA,NA,N,D,C,A,A,H,-,C,A,0,NA,NA,NA,NA,Y,NA,-,-,0,2,2,0,0,0,0,0,0,-,-,NA,NA,SAN DIEGO,SAN DIEGO,-117.16475011,32.71986002
6849721,2015,2016-10-11,9645,2015-02-22,2057,18804,NA,7,2,7,3711,0,1,1,NA,2,019,RT 15,BERNARDO CTR DR,760,S,N,B,-,Y,SD,11,15,-,M,22.75,H,-,N,Y,4,0,1,2,A,-,03,22350,NA,N,C,C,A,B,H,-,C,D,1,NA,NA,NA,NA,Y,NA,A,08,0,0,1,0,0,0,0,0,0,-,-,33.01035,-117.07985,SAN DIEGO,SAN DIEGO,-117.0800593,33.00935571
6850022,2015,2015-04-20,3708,2015-02-22,1500,LM1243,NA,7,5,5,3708,0,0,0,NA,0,004,FLETCHER PKWY,JACKSON DR,0,NA,Y,B,-,N,NA,NA,NA,NA,NA,NA,NA,NA,NA,Y,4,0,2,2,A,-,12,21453,A,N,D,C,A,A,H,-,A,A,0,NA,NA,NA,NA,Y,NA,A,01,0,0,2,0,0,0,0,0,0,-,-,NA,NA,SAN DIEGO,LA MESA,-117.01826005,32.77762001
6850081,2015,2016-09-08,9645,2015-03-01,0111,15 03 00,NA,7,3,9,3700,0,1,3,NA,2,008,RT 54,PLAZA BONITA CENTERWAY,1320,E,N,A,-,Y,SD,11,54,-,-,3.22,H,-,W,N,4,0,1,2,A,-,03,22350,NA,F,C,C,A,A,H,-,D,D,1,NA,NA,NA,NA,Y,NA,D,22,0,0,1,0,0,0,0,0,0,-,-,32.66681,-117.0507,SAN DIEGO,UNINCORPORATED,-117.05365326,32.66541849
6850666,2015,2015-03-21,3711,2015-03-02,1040,7160,SD,1,5,7,3711,0,0,0,NA,0,434,IMPERIAL AV,VIEWCREST,42,N,N,B,C,N,NA,NA,NA,NA,NA,NA,NA,NA,NA,Y,4,0,1,2,A,-,09,21801,A,N,D,C,A,B,H,-,A,A,0,NA,NA,NA,NA,Y,NA,-,NA,0,0,1,0,0,0,0,0,0,-,-,NA,NA,SAN DIEGO,SAN DIEGO,-117.0448904,32.7168533
6850668,2015,2015-03-21,3711,2015-03-03,0408,7203,NA,2,5,7,3711,0,0,0,NA,0,437,ALTA VIEW,WOODMAN ST,0,NA,Y,B,-,N,NA,NA,NA,NA,NA,NA,NA,NA,NA,Y,4,0,1,2,A,-,03,22350,NA,N,A,D,A,A,H,-,C,A,0,NA,NA,NA,NA,Y,Y,-,NA,0,0,1,0,0,0,0,0,0,-,-,NA,NA,SAN DIEGO,SAN DIEGO,-117.0402701,32.67584004
6850694,2015,2015-03-20,3711,2015-03-05,1048,6959,NA,4,5,7,3711,0,0,0,NA,0,822,UNIVERSITY AV,COLLEGE AV,0,NA,Y,A,-,N,NA,NA,NA,NA,NA,NA,NA,NA,NA,Y,3,0,1,2,A,-,12,21453,A,N,D,C,A,A,D,-,A,A,0,NA,NA,NA,NA,Y,NA,-,NA,0,1,0,0,0,0,0,0,0,-,-,NA,NA,SAN DIEGO,SAN DIEGO,-117.0644801,32.75286008
6851233,2015,2015-04-08,3711,2015-03-04,0932,7261,NA,3,5,7,3711,0,0,0,NA,0,931,LUSK BL,MIRA MESA,312,N,N,A,-,N,NA,NA,NA,NA,NA,NA,NA,NA,NA,Y,4,0,1,2,A,-,09,21801,A,N,D,C,A,A,H,-,A,D,0,NA,NA,NA,NA,Y,NA,-,NA,0,0,1,0,0,0,0,0,0,-,-,NA,NA,SAN DIEGO,SAN DIEGO,-117.19411561,32.89670537
6851237,2015,2015-03-23,3711,2015-03-03,1615,4691,NA,2,5,7,3711,0,0,0,NA,0,234,RANCHO BERNARDO RD,WEST BERNARDO RD,1056,E,N,A,-,N,NA,NA,NA,NA,NA,NA,NA,NA,NA,N,4,0,3,3,A,-,03,22350,A,N,C,C,A,A,H,-,A,D,0,NA,NA,NA,NA,Y,NA,-,NA,0,0,3,0,0,0,0,0,0,-,-,NA,NA,SAN DIEGO,SAN DIEGO,-117.07898574,33.02306168
6851894,2015,2015-03-23,3711,2015-03-06,1320,7104,NA,5,5,7,3711,0,0,0,NA,0,233,BLACK MOUNTAIN RD,CARMEL MOUNTAIN RD,46,N,N,A,-,N,NA,NA,NA,NA,NA,NA,NA,NA,NA,N,4,0,1,2,A,-,04,21703,NA,M,C,C,A,A,H,-,A,A,0,NA,NA,NA,NA,Y,NA,-,99,0,0,1,0,0,0,0,0,0,-,-,NA,NA,SAN DIEGO,SAN DIEGO,-117.12685596,32.96345852
6853937,2015,2015-04-03,3711,2015-03-12,2012,7114,SD,4,5,7,3711,0,0,0,NA,0,831,EL CAJON BL,FAIRMONT AV,0,NA,Y,A,-,N,NA,NA,NA,NA,NA,NA,NA,NA,NA,Y,4,0,1,2,A,-,12,21453,A,N,D,C,A,A,H,-,C,A,0,NA,NA,NA,NA,Y,NA,-,NA,0,0,1,0,0,0,0,0,0,-,-,NA,NA,SAN DIEGO,SAN DIEGO,-117.10083011,32.75520007
6854508,2015,2015-08-21,9650,2015-02-19,1645,15830,NA,4,2,9,3700,0,1,1,NA,2,022,RT 15,RAINBOW VALLEY BL,2566,S,N,A,-,Y,SD,11,15,-,R,53.58,H,-,N,Y,1,1,0,3,A,-,03,22350,NA,N,C,C,A,A,H,-,A,D,1,NA,NA,Y,Y,Y,NA,C,02,0,0,0,0,0,0,0,1,0,-,-,33.4253,-117.15101,SAN DIEGO,UNINCORPORATED,-117.15104209,33.42526571
6854617,2015,2015-05-13,3702,2015-02-03,2218,CV1031,NA,2,5,6,3702,0,0,0,NA,0,014,2ND AV,SHASTA ST,50,S,N,A,-,N,NA,NA,NA,NA,NA,NA,NA,NA,NA,Y,1,1,0,3,A,-,05,21650,NA,N,A,C,A,A,H,-,C,D,0,NA,NA,NA,NA,Y,NA,A,07,0,0,0,0,0,0,0,0,0,-,-,NA,NA,SAN DIEGO,CHULA VISTA,-117.07257074,32.63416954
6854798,2015,2015-07-27,3702,2015-04-30,2038,CV0986,NA,4,5,6,3702,0,0,0,NA,0,011,E ST,5TH AV,0,NA,Y,A,-,N,NA,NA,NA,NA,NA,NA,NA,NA,NA,Y,1,1,0,2,A,-,09,21801,A,N,D,C,A,A,H,-,C,A,0,NA,NA,Y,NA,Y,NA,A,01,0,0,0,0,0,0,0,1,0,-,-,NA,NA,SAN DIEGO,CHULA VISTA,-117.08940011,32.64247008
6855152,2015,2015-03-26,3706,2015-03-08,1245,ES0364,NA,7,5,6,3706,0,0,0,NA,0,055,LA TERRAZA BL,VALLEY PKWY,424,N,N,A,-,N,NA,NA,NA,NA,NA,NA,NA,NA,NA,Y,3,0,1,2,A,-,07,21658,A,N,D,C,A,A,H,-,A,D,0,NA,NA,Y,NA,Y,NA,D,22,0,1,0,0,0,0,0,0,1,-,-,NA,NA,SAN DIEGO,ESCONDIDO,-117.09635,33.11694
6855696,2015,2016-09-23,9645,2015-03-09,1605,014565,NA,1,2,7,3711,0,1,1,NA,2,007,RT 5,DEL MAR HEIGHTS RD,2112,N,N,A,-,Y,SD,11,5,-,R,34.53,H,-,N,Y,4,0,1,2,A,-,03,22350,NA,N,C,C,A,A,H,-,A,D,1,NA,NA,NA,NA,Y,NA,A,07,0,0,1,0,0,0,0,0,0,-,-,NA,NA,SAN DIEGO,SAN DIEGO,-117.24463574,32.95574469
6856332,2015,2015-04-17,9680,2015-03-10,1830,017717,NA,2,2,9,3700,0,3,5,NA,2,003,VICTORIA DR,ALPINE BL,3696,N,N,A,-,N,NA,NA,NA,NA,NA,NA,NA,NA,NA,Y,2,0,2,1,A,-,01,23152,A,N,E,I,A,A,H,-,B,A,0,NA,NA,NA,NA,Y,Y,D,22,1,1,0,0,0,0,0,0,0,-,-,32.84366,-116.74802,SAN DIEGO,UNINCORPORATED,-116.76738,32.83891
6856376,2015,2016-10-26,9680,2015-03-14,1310,019822,NA,6,1,9,3700,0,1,3,NA,1,040,RT 94,RT 188,0,NA,Y,A,-,Y,SD,11,94,-,-,38.97,I,5,E,Y,3,0,2,2,A,-,09,21802,A,N,D,C,A,A,H,-,A,A,0,NA,NA,Y,NA,Y,NA,D,22,0,1,1,0,0,0,0,0,2,-,-,32.59784,-116.64332,SAN DIEGO,UNINCORPORATED,-116.6432298,32.59803277
6856642,2015,2016-04-07,3711,2015-03-12,1123,6939,SANDI,4,5,7,3711,0,0,0,NA,0,611,PACIFIC HWY,ENTERPRISE ST,41,S,N,A,-,N,NA,NA,NA,NA,NA,NA,NA,NA,NA,NA,3,0,6,2,A,-,09,21453,C,N,D,C,A,A,H,-,A,A,0,NA,NA,NA,NA,Y,NA,-,NA,0,3,3,0,0,0,0,0,0,-,-,NA,NA,SAN DIEGO,SAN DIEGO,-117.19756608,32.74700997
6857091,2015,2015-04-02,3711,2015-03-12,1317,8137,SANDI,4,5,7,3711,0,0,0,NA,0,529,4TH AV,PALM ST,0,NA,Y,A,-,N,NA,NA,NA,NA,NA,NA,NA,NA,NA,N,4,0,2,2,A,-,08,22100,B,N,B,C,A,A,H,-,A,D,0,NA,NA,NA,NA,Y,NA,A,01,0,0,2,0,0,0,0,0,0,-,-,NA,NA,SAN DIEGO,SAN DIEGO,-117.16123001,32.73557006
6857113,2015,2016-10-11,3711,2015-03-18,2000,4663,NA,3,5,7,3711,0,0,0,NA,0,241,RT 15,MIRAMAR WY,0,NA,Y,A,-,Y,SD,11,15,-,M,13.655,R,4,S,Y,4,0,2,2,A,-,09,21801,A,N,D,C,A,A,H,-,C,A,0,NA,NA,NA,NA,Y,NA,-,NA,0,0,2,0,0,0,0,0,0,-,-,NA,NA,SAN DIEGO,SAN DIEGO,-117.11104672,32.88479769
6857176,2015,2016-04-29,9680,2015-02-27,0827,016139,NA,5,1,9,3700,0,2,4,NA,1,018,LOS COCHES RD,RT 8 BUSINESS,497,N,N,B,-,N,NA,NA,NA,NA,NA,NA,NA,NA,NA,Y,4,0,1,3,A,-,21,22106,NA,N,C,C,A,A,H,-,A,A,0,NA,NA,NA,NA,Y,NA,A,01,0,0,1,0,0,0,0,0,0,-,-,32.83339,-116.9062,SAN DIEGO,UNINCORPORATED,-116.906154,32.833389
6858797,2015,2016-10-19,9650,2015-03-10,1740,12835,NA,2,2,6,3710,0,1,1,NA,2,005,RT 5,MISSION AV,405,S,N,A,-,Y,SD,11,5,-,R,52.944,R,1,N,N,4,0,3,2,A,-,03,22350,NA,N,C,C,A,A,H,-,A,D,1,NA,NA,NA,NA,Y,NA,A,01,0,0,3,0,0,0,0,0,0,TO,-,33.2002,-117.37082,SAN DIEGO,OCEANSIDE,-117.36840354,33.19781931
6859251,2014,2016-05-20,3702,2014-08-28,1321,CV0777,NA,4,5,6,3702,0,0,0,NA,0,023,TELEGRAPH CANYON RD,RT 805,0,NA,Y,A,-,Y,SD,11,805,-,-,6.243,R,4,S,Y,4,0,1,2,A,-,03,22350,NA,N,C,C,A,A,H,-,A,A,0,NA,NA,NA,NA,Y,NA,A,07,0,0,1,0,0,0,0,0,0,-,SF,NA,NA,SAN DIEGO,CHULA VISTA,-117.04495368,32.63112724
6860862,2015,2015-03-27,3710,2015-03-08,1715,OC1412,NA,7,5,6,3710,0,0,0,NA,0,007,CHASIN ST,NORMA ST,0,NA,Y,A,-,N,NA,NA,NA,NA,NA,NA,NA,NA,NA,Y,4,0,1,2,A,-,12,22450,A,N,D,C,A,A,H,-,A,A,0,NA,NA,NA,NA,Y,Y,A,01,0,0,1,0,0,0,0,0,0,-,-,NA,NA,SAN DIEGO,OCEANSIDE,-117.28392,33.19963003
6862512,2015,2015-03-30,3711,2015-03-07,1030,6671,SD,6,5,7,3711,0,0,0,NA,0,124,VIA ESTRADA,NAUTILUS,6,S,N,A,-,N,NA,NA,NA,NA,NA,NA,NA,NA,NA,N,3,0,1,2,A,-,08,22107,NA,N,D,G,A,A,H,-,A,D,0,NA,Y,NA,NA,Y,NA,-,NA,0,1,0,0,0,0,1,0,0,-,-,NA,NA,SAN DIEGO,SAN DIEGO,-117.25469,32.83142
6863231,2015,2015-04-09,3706,2015-03-25,1259,ES0328,NA,3,5,6,3706,0,0,0,NA,0,056,BEAR VALLEY PKWY,HAYDEN DR,0,NA,Y,A,-,N,NA,NA,NA,NA,NA,NA,NA,NA,NA,Y,4,0,1,2,A,-,03,22350,NA,N,C,C,A,A,H,-,A,A,0,NA,NA,NA,NA,Y,NA,D,22,0,0,1,0,0,0,0,0,0,-,-,NA,NA,SAN DIEGO,ESCONDIDO,-117.0395001,33.14115001
6863960,2015,2015-04-07,3709,2015-03-06,0914,448,NA,5,5,5,3709,0,0,0,NA,0,020,EAST PLAZA BL,D AV,0,NA,Y,A,-,N,NA,NA,NA,NA,NA,NA,NA,NA,NA,Y,4,0,1,2,A,-,12,21453,A,N,F,C,A,A,H,-,A,A,0,NA,NA,NA,NA,Y,NA,A,01,0,0,1,0,0,0,0,0,0,-,-,NA,NA,SAN DIEGO,NATIONAL CITY,-117.10212013,32.67524012
6865942,2015,2015-04-10,3711,2015-03-24,1025,5491,SAN D,2,5,7,3711,0,0,0,NA,0,529,6TH AV,FIR ST,99,S,N,A,-,N,NA,NA,NA,NA,NA,NA,NA,NA,NA,N,3,0,1,2,A,-,08,22107,NA,N,-,G,A,A,H,-,A,D,0,NA,Y,NA,NA,Y,NA,-,NA,0,1,0,0,0,0,1,0,0,-,-,NA,NA,SAN DIEGO,SAN DIEGO,-117.15941583,32.72484884
6866022,2015,2015-04-14,3711,2015-03-28,2050,7279,NA,6,5,7,3711,0,0,0,NA,0,123,EAST MISSION BAY DR,EAST MISSION BAY DR 1775,0,NA,-,A,-,N,NA,NA,NA,NA,NA,NA,NA,NA,NA,N,4,0,1,2,A,-,11,21950,B,N,G,B,E,A,H,-,C,D,0,Y,NA,NA,NA,Y,NA,N,60,0,0,1,0,1,0,0,0,0,-,-,NA,NA,SAN DIEGO,SAN DIEGO,-117.20956206,32.77912044
6866026,2015,2016-09-28,3711,2015-03-27,0705,7246,SANDI,5,5,7,3711,0,0,0,NA,0,713,OTAY MESA RD,RT 125,13,E,N,A,-,Y,SD,11,905,-,-,10.524,I,5,E,Y,4,0,1,2,A,-,09,21453,C,N,D,C,A,A,H,-,A,A,0,NA,NA,NA,NA,Y,NA,-,NA,0,0,1,0,0,0,0,0,0,-,-,NA,NA,SAN DIEGO,SAN DIEGO,-116.95055071,32.5637832
6866042,2015,2015-04-14,3711,2015-03-31,1138,7009,NA,2,5,7,3711,0,0,0,NA,0,614,SUNSET CLIFFS BL,NIAGARA AV,0,NA,Y,A,-,N,NA,NA,NA,NA,NA,NA,NA,NA,NA,Y,4,0,1,2,A,-,09,21802,A,N,D,C,A,A,D,-,A,D,0,NA,NA,NA,NA,Y,NA,-,NA,0,0,1,0,0,0,0,0,0,-,-,NA,NA,SAN DIEGO,SAN DIEGO,-117.24834013,32.7439101
6866046,2015,2015-04-14,3711,2015-03-30,1639,6657,NA,1,5,7,3711,0,0,0,NA,0,529,4TH AV,HAWTHORN ST,0,NA,Y,A,-,N,NA,NA,NA,NA,NA,NA,NA,NA,NA,Y,3,0,1,3,A,-,12,22450,A,N,D,C,A,A,H,-,A,A,0,NA,NA,NA,NA,Y,NA,-,NA,0,1,0,0,0,0,0,0,0,-,-,NA,NA,SAN DIEGO,SAN DIEGO,-117.16115002,32.72718004
6866057,2015,2015-04-13,3711,2015-03-26,1702,7123,NA,4,5,7,3711,0,0,0,NA,0,935,EL CAMINIO REAL,SAN DIEGUITO RD,976,N,N,A,-,N,NA,NA,NA,NA,NA,NA,NA,NA,NA,N,4,0,1,2,A,-,03,22350,NA,N,C,C,A,A,H,-,A,D,0,NA,NA,NA,NA,Y,NA,-,NA,0,0,1,0,0,0,0,0,0,-,-,NA,NA,SAN DIEGO,SAN DIEGO,-117.23042178,32.97826978
6867287,2015,2016-11-04,9650,2015-03-22,1115,13696,NA,7,1,9,3700,0,1,3,NA,1,028,RT 76,MAGEE RD,2112,E,N,B,-,Y,SD,11,76,-,-,25.04,H,-,E,Y,3,0,1,1,A,-,08,22107,NA,N,E,I,A,A,H,-,A,D,0,NA,NA,NA,NA,Y,NA,D,22,0,1,0,0,0,0,0,0,0,-,-,33.36294,-117.05113,SAN DIEGO,UNINCORPORATED,-117.05087374,33.3628644
6869439,2015,2016-10-19,9650,2015-03-19,0700,13636,NA,4,1,3,3783,0,1,1,NA,2,007,RT 5,LOMAS SANTA FE DR,3168,N,N,A,-,Y,SD,11,5,-,R,38.01,H,-,N,Y,2,0,1,3,A,-,01,23152,E,N,B,C,A,A,H,-,A,D,1,NA,NA,NA,NA,Y,NA,A,01,1,0,0,0,0,0,0,0,0,-,-,NA,NA,SAN DIEGO,SOLANA BEACH,-117.25859692,33.00480754
6870273,2015,2015-04-15,3710,2015-03-26,1150,OC0646,NA,4,5,6,3710,0,0,0,NA,0,013,EL CAMINIO REAL,FIRE MOUNTAIN DR,81,S,N,A,-,N,NA,NA,NA,NA,NA,NA,NA,NA,NA,Y,4,0,3,2,A,-,03,22350,NA,N,C,C,A,A,H,-,A,A,0,NA,NA,NA,NA,Y,NA,A,01,0,0,3,0,0,0,0,0,0,-,-,NA,NA,SAN DIEGO,OCEANSIDE,-117.32813765,33.19236816
6870350,2015,2015-04-13,3711,2015-03-31,0940,6218,NA,2,5,7,3711,0,0,0,NA,0,931,SORRENTO VALLEY RD,SEA MIST WY,211,W,N,A,-,N,NA,NA,NA,NA,NA,NA,NA,NA,NA,N,4,0,1,1,A,-,03,22350,NA,N,F,A,A,A,D,H,A,D,0,NA,Y,NA,NA,Y,NA,L,04,0,0,1,0,0,0,1,0,0,-,-,NA,NA,SAN DIEGO,SAN DIEGO,-117.20332896,32.90860661
6870447,2015,2015-04-14,3701,2015-03-19,1316,5191,61,4,5,5,3701,0,0,0,NA,0,005,ASTON AV,PASTEUR CT,114,W,N,A,-,N,NA,NA,NA,NA,NA,NA,NA,NA,NA,N,3,0,1,1,D,-,00,NA,NA,N,E,I,A,A,H,-,A,D,0,NA,Y,NA,NA,Y,NA,-,-,0,1,0,0,0,0,1,0,0,-,-,33.13196,-117.28822,SAN DIEGO,CARLSBAD,-117.28809049,33.13192224
6870592,2015,2016-09-08,9680,2015-03-23,0740,15972,NA,1,1,9,3700,0,1,3,NA,2,016,RT 67,WILLOW RD,30,S,N,A,-,Y,SD,11,67,-,R,6.22,H,-,N,Y,4,0,1,2,A,-,03,22350,NA,N,C,C,A,A,H,-,A,D,0,NA,NA,NA,NA,Y,NA,A,01,0,0,1,0,0,0,0,0,0,-,-,32.87314,-116.92401,SAN DIEGO,UNINCORPORATED,-116.92418787,32.87314479
6875909,2015,2015-04-14,3711,2015-03-20,1009,5624,NA,5,5,7,3711,0,0,0,NA,0,712,SMYTHE  AV,BEYER BL,0,NA,Y,A,-,N,NA,NA,NA,NA,NA,NA,NA,NA,NA,N,4,0,1,2,A,-,03,22350,NA,N,C,C,A,A,H,-,A,A,0,NA,NA,NA,NA,Y,NA,A,01,0,0,1,0,0,0,0,0,0,-,-,NA,NA,SAN DIEGO,SAN DIEGO,-117.04943011,32.55916009
6876103,2015,2016-12-28,9645,2015-04-02,2147,15664,NA,4,2,7,3711,0,1,1,NA,2,015,RT 805,SORRENTO VALLEY BL,480,S,N,A,-,Y,SD,11,805,-,-,28.21,H,-,N,Y,3,0,3,4,A,-,03,22350,NA,N,C,C,A,A,H,-,C,D,1,NA,NA,NA,NA,Y,NA,D,22,0,1,2,0,0,0,0,0,0,-,-,32.90112,-117.22053,SAN DIEGO,SAN DIEGO,-117.22053344,32.90105197
6876143,2015,2016-11-17,9645,2015-04-07,0530,14804,NA,2,3,7,3711,0,1,1,NA,2,003,RT 5,NATIONAL AV,575,N,N,B,-,Y,SD,11,5,-,R,13.54,R,1,S,Y,4,0,2,4,A,-,03,22350,NA,N,C,C,A,A,H,-,B,D,1,NA,NA,NA,NA,Y,NA,D,22,0,0,2,0,0,0,0,0,0,TO,-,32.69665,-117.13646,SAN DIEGO,SAN DIEGO,-117.13604514,32.69643624
6877375,2015,2015-04-13,9650,2015-03-19,1455,017263,NA,4,2,9,3700,0,2,4,NA,2,061,OLD STAGE RD,SOUTH MISSION RD,0,NA,Y,A,-,N,NA,NA,NA,NA,NA,NA,NA,NA,NA,Y,4,0,1,3,A,-,09,21802,A,N,D,C,A,A,H,-,A,A,0,NA,NA,Y,NA,Y,NA,A,01,0,0,1,0,0,0,0,0,1,-,-,33.36541,-117.24985,SAN DIEGO,UNINCORPORATED,-117.24974,33.36541008
6877403,2015,2016-09-06,9645,2015-03-26,1528,017524,NA,4,2,7,3711,0,1,1,NA,2,015,RT 805,GOVERNOR DR,2640,N,N,A,-,Y,SD,11,805,-,-,24.97,H,-,S,Y,4,0,1,4,A,-,03,22350,NA,N,C,C,A,A,H,-,A,D,1,NA,NA,NA,NA,Y,NA,A,07,0,0,1,0,0,0,0,0,0,-,-,NA,NA,SAN DIEGO,SAN DIEGO,-117.1895711,32.86397245