CASE_ID,ACCIDENT_YEAR,PROC_DATE,JURIS,COLLISION_DATE,COLLISION_TIME,OFFICER_ID,REPORTING_DISTRICT,DAY_OF_WEEK,CHP_SHIFT,POPULATION,CNTY_CITY_LOC,SPECIAL_COND,BEAT_TYPE,CHP_BEAT_TYPE,CITY_DIVISION_LAPD,CHP_BEAT_CLASS,BEAT_NUMBER,PRIMARY_RD,SECONDARY_RD,DISTANCE,DIRECTION,INTERSECTION,WEATHER_1,WEATHER_2,STATE_HWY_IND,CALTRANS_COUNTY,CALTRANS_DISTRICT,STATE_ROUTE,ROUTE_SUFFIX,POSTMILE_PREFIX,POSTMILE,LOCATION_TYPE,RAMP_INTERSECTION,SIDE_OF_HWY,TOW_AWAY,COLLISION_SEVERITY,NUMBER_KILLED,NUMBER_INJURED,PARTY_COUNT,PRIMARY_COLL_FACTOR,PCF_CODE_OF_VIOL,PCF_VIOL_CATEGORY,PCF_VIOLATION,PCF_VIOL_SUBSECTION,HIT_AND_RUN,TYPE_OF_COLLISION,MVIW,PED_ACTION,ROAD_SURFACE,ROAD_COND_1,ROAD_COND_2,LIGHTING,CONTROL_DEVICE,CHP_ROAD_TYPE,PEDESTRIAN_ACCIDENT,BICYCLE_ACCIDENT,MOTORCYCLE_ACCIDENT,TRUCK_ACCIDENT,NOT_PRIVATE_PROPERTY,ALCOHOL_INVOLVED,STWD_VEHTYPE_AT_FAULT,CHP_VEHTYPE_AT_FAULT,COUNT_SEVERE_INJ,COUNT_VISIBLE_INJ,COUNT_COMPLAINT_PAIN,COUNT_PED_KILLED,COUNT_PED_INJURED,COUNT_BICYCLIST_KILLED,COUNT_BICYCLIST_INJURED,COUNT_MC_KILLED,COUNT_MC_INJURED,PRIMARY_RAMP,SECONDARY_RAMP,LATITUDE,LONGITUDE,COUNTY,CITY,POINT_X,POINT_Y
6918211,2015,2015-06-02,9680,2015-04-29,1945,018356,NA,3,2,9,3700,0,3,5,NA,2,002,DALE AV,KENORA DR,0,NA,Y,A,-,N,NA,NA,NA,NA,NA,NA,NA,NA,NA,Y,3,0,1,2,D,-,00,NA,NA,N,D,C,A,A,H,-,C,A,0,NA,NA,Y,NA,Y,NA,-,-,0,1,0,0,0,0,0,0,1,-,-,32.74544,-116.9884,SAN DIEGO,UNINCORPORATED,-116.98843011,32.74541007
6920126,2014,2015-05-28,3700,2014-12-13,1554,SH0025,NA,6,5,5,3781,0,0,0,NA,0,513,CARLTON HILLS BL,WILLOWGROVE AV,0,NA,Y,A,-,N,NA,NA,NA,NA,NA,NA,NA,NA,NA,Y,3,0,5,2,A,-,17,21451,A,N,D,C,A,A,H,-,A,A,0,NA,NA,NA,NA,Y,NA,A,08,0,2,3,0,0,0,0,0,0,-,-,NA,NA,SAN DIEGO,SANTEE,-116.99640011,32.84073009
6921414,2015,2015-06-03,3711,2015-05-05,1000,6939,NA,2,5,7,3711,0,0,0,NA,0,611,SPORTS ARENA BL,SPORTS ARENA BL 3200,0,NA,-,A,-,N,NA,NA,NA,NA,NA,NA,NA,NA,NA,N,4,0,1,2,A,-,21,22106,NA,M,G,B,F,A,H,-,A,D,0,Y,NA,NA,NA,Y,Y,-,99,0,0,1,0,1,0,0,0,0,-,-,NA,NA,SAN DIEGO,SAN DIEGO,-117.20674306,32.75240773
6921417,2015,2016-06-15,3711,2015-05-08,1500,7135,NA,5,5,7,3711,0,0,0,NA,0,115,CLAIRMONT MESA BL,CLAIRMONT MESA BL 4140,0,NA,-,B,C,N,NA,NA,NA,NA,NA,NA,NA,NA,NA,N,4,0,2,4,B,-,22,NA,NA,M,C,B,E,B,H,-,A,D,0,Y,NA,NA,NA,Y,NA,-,99,0,0,2,0,2,0,0,0,0,-,-,NA,NA,SAN DIEGO,SAN DIEGO,-117.20172286,32.83043182
6921564,2015,2015-05-26,3711,2015-05-05,2203,7147,NA,2,5,7,3711,0,0,0,NA,0,621,LINDA VISTA RD,MESA COLLEGE DR,0,NA,Y,A,-,N,NA,NA,NA,NA,NA,NA,NA,NA,NA,N,4,0,1,2,A,-,08,22107,NA,N,B,C,A,A,H,-,C,A,0,NA,NA,NA,NA,Y,NA,-,NA,0,0,1,0,0,0,0,0,0,-,-,NA,NA,SAN DIEGO,SAN DIEGO,-117.15815006,32.80081011
6922417,2015,2015-06-10,3711,2015-05-01,2240,6382,NA,5,5,7,3711,0,0,0,NA,0,327,MONTEZUMA RD,E CAMPUS DR,55,W,N,-,-,N,NA,NA,NA,NA,NA,NA,NA,NA,NA,Y,4,0,2,2,A,-,03,22350,NA,N,C,C,A,A,H,-,-,A,0,NA,NA,NA,NA,Y,NA,A,01,0,0,2,0,0,0,0,0,0,-,-,NA,NA,SAN DIEGO,SAN DIEGO,-117.06741831,32.77071112
6923531,2015,2017-01-10,9645,2015-09-04,1546,18095,NA,5,2,7,3711,0,1,3,NA,2,023,RT 163,RT 8,800,N,N,A,-,Y,SD,11,163,-,-,3.9,H,-,S,Y,3,0,3,3,A,-,08,22107,NA,N,C,C,A,A,H,-,A,D,1,NA,NA,NA,NA,Y,NA,A,01,0,1,2,0,0,0,0,0,0,-,-,32.7657,-117.16296,SAN DIEGO,SAN DIEGO,-117.16293909,32.76602717
6923538,2015,2017-01-11,9645,2015-09-14,1342,19352,NA,1,1,9,3700,0,1,3,NA,2,008,RT 54,BRIARWOOD RD,2640,E,N,A,-,Y,SD,11,54,-,-,5.49,H,-,W,N,4,0,1,1,A,-,08,22107,NA,N,E,I,A,A,H,-,A,D,0,NA,NA,NA,NA,Y,NA,A,01,0,0,1,0,0,0,0,0,0,-,-,32.68557,-117.025,SAN DIEGO,UNINCORPORATED,-117.02366835,32.68649016
6923540,2015,2017-01-11,9645,2015-09-15,1220,12733,NA,2,1,7,3711,0,1,3,NA,2,023,RT 163,FRIARS RD,75,S,N,C,-,Y,SD,11,163,-,-,4.36,H,-,N,Y,4,0,2,2,A,-,03,22350,NA,N,C,D,A,B,H,-,A,D,1,NA,NA,NA,NA,Y,NA,A,01,0,0,2,0,0,0,0,0,0,-,-,32.77165,-117.16117,SAN DIEGO,SAN DIEGO,-117.16124106,32.7714947
6923596,2015,2017-01-26,9645,2015-08-08,1040,14922,NA,6,1,5,3709,0,1,1,NA,2,009,RT 805,18TH ST,1070,S,N,A,-,Y,SD,11,805,-,-,9.79,H,-,N,Y,2,0,1,1,A,-,08,22107,NA,N,E,I,A,A,H,-,A,D,1,NA,NA,Y,NA,Y,NA,C,02,1,0,0,0,0,0,0,0,1,-,-,32.673,-117.08241,SAN DIEGO,NATIONAL CITY,-117.08143836,32.67038757
6924835,2015,2016-06-06,3702,2015-05-02,0859,CV0767,NA,6,5,6,3702,0,0,0,NA,0,032,CALLE LA QUINTA,PLAZA CAMBRIA,180,N,N,A,-,N,NA,NA,NA,NA,NA,NA,NA,NA,NA,N,4,0,1,2,A,-,03,22350,NA,N,D,C,A,A,H,-,A,D,0,NA,NA,NA,NA,Y,NA,A,07,0,0,1,0,0,0,0,0,0,-,-,NA,NA,SAN DIEGO,CHULA VISTA,-116.97006279,32.66891607
6924855,2015,2015-06-03,3702,2015-05-08,2351,CV0986,NA,5,5,6,3702,0,0,0,NA,0,024,MAIN ST,AUTO PARK PL,159,E,N,A,-,N,NA,NA,NA,NA,NA,NA,NA,NA,NA,N,4,0,1,2,A,-,03,22350,NA,N,C,C,A,A,H,-,C,A,0,NA,NA,NA,NA,Y,NA,A,01,0,0,1,0,0,0,0,0,0,-,-,NA,NA,SAN DIEGO,CHULA VISTA,-117.02579563,32.59491286
6928407,2015,2015-06-10,3706,2015-05-20,1915,ES0318,NA,3,5,6,3706,0,0,0,NA,0,051,VIA RANCHO PKWY,SUNSET DR,453,W,N,A,-,N,NA,NA,NA,NA,NA,NA,NA,NA,NA,Y,3,0,2,3,A,-,03,22350,NA,N,C,C,A,A,H,-,A,D,0,NA,NA,Y,NA,Y,NA,A,01,0,1,1,0,0,0,0,0,1,-,-,NA,NA,SAN DIEGO,ESCONDIDO,-117.06607491,33.06824907
6928717,2015,2016-12-13,9650,2015-05-02,2113,017743,NA,6,2,6,3710,0,1,3,NA,2,015,RT 78,JEFFERSON ST,1320,W,N,A,-,Y,SD,11,78,-,-,0.49,H,-,W,Y,4,0,1,2,A,-,08,22107,NA,N,C,C,A,A,H,-,C,D,1,NA,NA,NA,NA,Y,NA,A,01,0,0,1,0,0,0,0,0,0,-,-,33.18079,-117.34451,SAN DIEGO,OCEANSIDE,-117.34414682,33.18090822
6928908,2015,2015-06-17,3711,2015-05-02,2307,6513,NA,6,5,7,3711,0,0,0,NA,0,611,MIDWAY DR,MIDWAY DR DRIVEWAY 2701,405,W,N,A,-,N,NA,NA,NA,NA,NA,NA,NA,NA,NA,N,2,0,1,2,A,-,08,22100,A,N,B,C,A,A,H,-,C,D,0,NA,NA,Y,NA,Y,Y,A,01,1,0,0,0,0,0,0,0,1,-,-,NA,NA,SAN DIEGO,SAN DIEGO,NA,NA
6929013,2015,2016-12-13,9650,2015-05-14,2145,18406,NA,4,2,9,3700,0,1,1,NA,2,022,RT 15,MISSION RD,2955,N,N,C,-,Y,SD,11,15,-,R,51.15,H,-,S,Y,3,0,1,1,A,-,03,22350,NA,N,F,A,A,B,H,-,D,D,1,NA,NA,NA,NA,Y,NA,A,01,0,1,0,0,0,0,0,0,0,-,-,33.39523,-117.17328,SAN DIEGO,UNINCORPORATED,-117.17300819,33.39540884
6929493,2015,2016-12-13,9650,2015-05-14,1815,17328,NA,4,2,6,3706,0,1,1,NA,2,023,RT 15,EL NORTE PKWY,835,S,N,B,C,Y,SD,11,15,-,R,32.7,H,-,N,Y,4,0,2,2,A,-,07,21658,A,N,C,C,A,A,H,-,A,D,1,NA,NA,NA,NA,Y,NA,A,01,0,0,2,0,0,0,0,0,0,-,-,33.14415,-117.10441,SAN DIEGO,ESCONDIDO,-117.10445317,33.14436659
6933029,2014,2015-07-07,3710,2014-05-11,0840,PC1101,NA,7,5,6,3710,0,0,0,NA,0,015,EL CAMINO REAL,MESA DR,10,N,N,B,-,N,NA,NA,NA,NA,NA,NA,NA,NA,NA,N,4,0,2,2,A,-,03,22350,NA,N,C,C,A,A,H,-,A,A,0,NA,NA,NA,NA,Y,NA,D,22,0,0,2,0,0,0,0,0,0,-,-,NA,NA,SAN DIEGO,OCEANSIDE,-117.33352796,33.20865735
6933032,2015,2016-12-19,3710,2015-05-09,1436,OC0873,NA,6,5,6,3710,0,0,0,NA,0,021,RT 76,DOUGLAS AV,400,E,N,A,-,Y,SD,11,76,-,R,3.91,H,-,W,Y,3,0,1,1,A,-,03,22350,NA,N,F,D,A,A,H,-,A,D,0,NA,NA,NA,NA,Y,NA,D,22,0,1,0,0,0,0,0,0,0,-,-,NA,NA,SAN DIEGO,OCEANSIDE,-117.32305033,33.2266267
6933768,2015,2016-11-10,9645,2015-05-08,1230,14669,NA,5,1,7,3711,0,1,1,NA,2,007,RT 5,NOBEL DR,120,S,N,C,-,Y,SD,11,5,-,R,28,R,1,N,Y,4,0,1,3,A,-,03,22350,NA,N,C,C,A,B,H,-,A,D,1,NA,NA,NA,NA,Y,NA,A,01,0,0,1,0,0,0,0,0,0,TO,-,32.86727,-117.22931,SAN DIEGO,SAN DIEGO,-117.22967593,32.86589777
6933781,2015,2016-12-03,9645,2015-05-08,1645,19035,NA,5,2,7,3711,0,1,1,NA,2,010,RT 8,RT 805,600,E,N,C,-,Y,SD,11,8,-,-,4.87,H,-,W,Y,4,0,1,2,A,-,03,22350,NA,N,C,C,A,A,H,-,A,D,1,NA,NA,NA,NA,Y,NA,A,01,0,0,1,0,0,0,0,0,0,-,-,32.77748,-117.12129,SAN DIEGO,SAN DIEGO,-117.12453209,32.77509187
6934271,2015,2015-06-16,3711,2015-05-16,2040,7048,NA,6,5,7,3711,0,0,0,NA,0,115,EXECUTIVE SQ DR,GENESEE,150,W,N,A,-,N,NA,NA,NA,NA,NA,NA,NA,NA,NA,N,3,0,1,1,A,-,00,8409,NA,N,-,I,A,A,H,-,C,D,0,NA,Y,NA,NA,Y,Y,L,04,0,1,0,0,0,0,1,0,0,-,-,NA,NA,SAN DIEGO,SAN DIEGO,-117.21464932,32.87405097
6934305,2015,2015-06-10,3711,2015-05-18,1615,7231,NA,1,5,7,3711,0,0,0,NA,0,931,MIRAMAR RD,NOBEL DR,0,NA,Y,A,-,N,NA,NA,NA,NA,NA,NA,NA,NA,NA,Y,4,0,1,2,A,-,09,21453,C,N,D,C,A,A,H,-,A,A,0,NA,NA,NA,NA,Y,NA,-,NA,0,0,1,0,0,0,0,0,0,-,-,NA,NA,SAN DIEGO,SAN DIEGO,-117.1911501,32.87651001
6934309,2015,2016-06-15,3711,2015-05-15,1912,6495,SD,5,5,7,3711,0,0,0,NA,0,835,HOME AV,RT 94,275,E,N,B,-,N,NA,NA,NA,NA,NA,NA,NA,NA,NA,Y,4,0,1,3,A,-,03,22350,NA,N,C,C,A,B,H,-,A,A,0,NA,NA,NA,NA,Y,NA,-,NA,0,0,1,0,0,0,0,0,0,-,-,NA,NA,SAN DIEGO,SAN DIEGO,-117.1105,32.71832
6934349,2015,2015-06-11,3711,2015-05-17,1745,6966,NA,7,5,7,3711,0,0,0,NA,0,712,SUNSET LN,SUNSET LN 3500,0,NA,N,A,-,N,NA,NA,NA,NA,NA,NA,NA,NA,NA,Y,3,0,1,4,A,-,01,23152,NA,M,B,C,A,A,H,-,A,D,0,NA,NA,NA,NA,Y,NA,-,NA,0,1,0,0,0,0,0,0,0,-,-,NA,NA,SAN DIEGO,SAN DIEGO,-117.05828905,32.55819118
6935203,2015,2015-07-22,3711,2015-06-27,0255,6614,NA,6,5,7,3711,0,0,0,NA,0,122,GARNET AV,DAWES ST,30,E,N,A,-,N,NA,NA,NA,NA,NA,NA,NA,NA,NA,N,3,0,1,2,A,-,11,21954,A,N,G,B,D,A,H,-,C,D,0,Y,NA,NA,NA,Y,Y,N,60,0,1,0,0,1,0,0,0,0,-,-,NA,NA,SAN DIEGO,SAN DIEGO,-117.24991548,32.79774956
6935211,2015,2015-07-17,9680,2015-06-05,2125,019946,NA,5,2,9,3700,0,2,4,NA,1,025,SWEETWATER RD,SAINT GEORGE SAINT,0,NA,Y,A,-,N,NA,NA,NA,NA,NA,NA,NA,NA,NA,N,4,0,1,2,A,-,09,21802,A,F,D,C,A,A,H,-,C,A,0,NA,NA,NA,NA,Y,NA,A,01,0,0,1,0,0,0,0,0,0,-,-,32.71219,-117.01234,SAN DIEGO,UNINCORPORATED,-117.01267,32.71218
6935275,2015,2015-07-23,3711,2015-06-25,1341,4116,NA,4,5,7,3711,0,0,0,NA,0,311,MURPHY CANYON RD,STONECREST BL,300,N,N,-,-,N,NA,NA,NA,NA,NA,NA,NA,NA,NA,N,3,0,1,2,A,-,08,22107,NA,N,D,G,A,-,-,-,-,D,0,NA,Y,NA,NA,Y,NA,L,04,0,1,0,0,0,0,1,0,0,-,-,NA,NA,SAN DIEGO,SAN DIEGO,-117.11406385,32.80516274
6935454,2015,2015-06-02,3711,2015-05-16,1800,6986,NA,6,5,7,3711,0,0,0,NA,0,242,CAPRICORN WY,WESTONHILL DR,240,NA,N,B,-,N,NA,NA,NA,NA,NA,NA,NA,NA,NA,Y,3,0,1,3,A,-,08,22107,NA,N,C,E,A,A,H,-,B,D,0,NA,NA,NA,NA,Y,NA,-,NA,0,1,0,0,0,0,0,0,0,-,-,NA,NA,SAN DIEGO,SAN DIEGO,-117.13565005,32.92419009
6936627,2015,2016-11-18,3703,2015-05-19,1311,1028,NA,2,5,3,3703,0,0,0,NA,0,001,3RD ST,B ST,0,NA,Y,A,-,Y,SD,11,75,-,R,19.85,I,5,S,Y,4,0,1,2,A,-,12,22450,NA,N,D,C,A,A,H,-,A,A,0,NA,NA,NA,NA,Y,NA,A,01,0,0,1,0,0,0,0,0,0,-,-,NA,NA,SAN DIEGO,CORONADO,-117.17170861,32.69495566
6936671,2015,2016-12-01,9680,2015-05-22,0325,019475,NA,5,3,5,3708,0,1,1,NA,2,081,SR 8,GROSSMONT BL,234,E,N,B,-,Y,SD,11,8,-,-,13.08,H,-,E,Y,3,0,1,1,A,-,01,23152,A,N,E,I,A,A,H,-,C,D,1,NA,NA,NA,NA,Y,Y,A,01,0,1,0,0,0,0,0,0,0,-,-,32.77889,-116.98939,SAN DIEGO,LA MESA,-116.98980324,32.77894001
6936693,2015,2016-11-21,9650,2015-05-22,0730,013636,NA,5,1,5,3701,0,1,1,NA,2,005,RT 5,CARLSBAD VILLAGE DR,1584,N,N,A,-,Y,SD,11,5,-,R,50.43,H,-,S,Y,4,0,1,2,A,-,07,21658,A,N,B,C,A,A,H,-,A,D,1,NA,NA,NA,NA,Y,NA,A,01,0,0,1,0,0,0,0,0,0,-,-,NA,NA,SAN DIEGO,CARLSBAD,-117.34455677,33.16746166
6938238,2015,2015-10-01,3706,2015-09-08,0934,ES0223,NA,2,5,6,3706,0,0,0,NA,0,054,ROSE ST,CHERRY PL,69,N,N,A,-,N,NA,NA,NA,NA,NA,NA,NA,NA,NA,N,3,0,1,2,A,-,11,21954,A,N,G,B,D,A,H,-,A,D,0,Y,NA,NA,NA,Y,NA,N,60,0,1,0,0,1,0,0,0,0,-,-,NA,NA,SAN DIEGO,ESCONDIDO,-117.05836761,33.13222589
6938647,2015,2017-01-05,9645,2015-05-16,0755,018344,NA,6,1,7,3711,0,1,3,NA,2,016,RT 15,RT 52,50,N,N,A,-,Y,SD,11,52,-,-,7.549,R,2,W,N,3,0,2,2,A,-,03,22350,NA,N,F,A,A,A,H,-,A,D,1,NA,NA,Y,NA,Y,NA,C,02,0,1,1,0,0,0,0,0,2,FR,-,32.84213,-117.12125,SAN DIEGO,SAN DIEGO,-117.117255,32.84199675
6938651,2015,2016-11-19,9645,2015-05-15,1545,019257,NA,5,2,7,3711,0,1,3,NA,2,023,RT 163,QUINCE DR,550,N,N,A,-,Y,SD,11,163,-,-,1.72,H,-,S,Y,4,0,1,3,A,-,03,22350,NA,N,C,C,A,A,H,-,A,D,1,NA,NA,NA,NA,Y,NA,A,01,0,0,1,0,0,0,0,0,0,-,-,32.73605,-117.15604,SAN DIEGO,SAN DIEGO,-117.15602695,32.73563469
6940512,2015,2015-06-01,3710,2015-04-15,2209,OC0652,NA,3,5,6,3710,0,0,0,NA,0,031,MELROSE DR,CANNON RD,0,NA,Y,A,-,N,NA,NA,NA,NA,NA,NA,NA,NA,NA,N,3,0,2,2,A,-,09,21453,C,N,D,C,A,A,H,-,C,A,0,NA,NA,NA,NA,Y,NA,A,01,0,1,1,0,0,0,0,0,0,-,-,NA,NA,SAN DIEGO,OCEANSIDE,-117.25228009,33.17169006
6942712,2015,2015-06-10,3705,2015-03-18,0553,EC0163,NA,3,5,5,3705,0,0,0,NA,0,009,CHASE,ANZA,0,NA,Y,B,-,N,NA,NA,NA,NA,NA,NA,NA,NA,NA,Y,3,0,2,2,A,-,12,21453,A,N,D,C,A,A,H,-,C,A,0,NA,NA,NA,NA,Y,NA,A,01,0,1,1,0,0,0,0,0,0,-,-,NA,NA,SAN DIEGO,EL CAJON,-116.94823002,32.78038011
6942720,2015,2015-06-10,3705,2015-03-14,1532,EC0304,NA,6,5,5,3705,0,0,0,NA,0,007,GRAVES AV,LLOYD ST,0,NA,Y,A,-,N,NA,NA,NA,NA,NA,NA,NA,NA,NA,N,4,0,1,2,A,-,08,22100,B,N,D,G,A,A,H,-,A,D,0,NA,Y,NA,NA,Y,NA,L,04,0,0,1,0,0,0,1,0,0,-,-,NA,NA,SAN DIEGO,EL CAJON,-116.96035008,32.8038001
6944657,2015,2016-06-06,3710,2015-05-19,1033,OC1211,NA,2,5,6,3710,0,0,0,NA,0,007,SOUTH COAST HWY,MISSOURI AV,57,N,N,A,-,N,NA,NA,NA,NA,NA,NA,NA,NA,NA,N,3,0,1,2,A,-,11,21954,A,N,H,B,D,A,H,-,A,D,0,Y,NA,NA,NA,Y,NA,N,60,0,1,0,0,1,0,0,0,0,-,-,NA,NA,SAN DIEGO,OCEANSIDE,-117.37615849,33.19188678
6946752,2015,2015-06-27,3710,2015-05-03,1118,OC1311,NA,7,5,6,3710,0,0,0,NA,0,035,COLLEGE BL,SILVER BLUFF DR,0,NA,Y,A,-,N,NA,NA,NA,NA,NA,NA,NA,NA,NA,Y,4,0,2,2,A,-,12,21453,A,N,D,C,A,A,H,-,A,A,0,NA,NA,NA,NA,Y,NA,A,01,0,0,2,0,0,0,0,0,0,-,-,NA,NA,SAN DIEGO,OCEANSIDE,-117.29072005,33.23942011
6946796,2015,2015-06-29,3711,2015-05-24,2055,6759,NA,7,5,7,3711,0,0,0,NA,0,431,EUCLID AV,GENEVA AV,45,N,N,B,-,N,NA,NA,NA,NA,NA,NA,NA,NA,NA,N,3,0,1,2,A,-,08,22107,NA,N,B,C,A,A,H,-,-,D,0,NA,NA,NA,NA,Y,NA,-,NA,0,1,0,0,0,0,0,0,0,-,-,NA,NA,SAN DIEGO,SAN DIEGO,-117.08497,32.71684326
6947035,2015,2016-11-19,9645,2015-05-21,1340,018801,NA,4,1,7,3711,0,1,3,NA,2,006,RT 94,KELTON AV,1584,E,N,A,-,Y,SD,11,94,-,-,6.09,H,-,E,Y,4,0,1,2,A,-,08,22107,NA,N,E,J,A,A,H,-,A,D,1,NA,NA,NA,NA,Y,NA,A,07,0,0,1,0,0,0,0,0,0,-,-,32.72819,-117.06927,SAN DIEGO,SAN DIEGO,-117.07222557,32.72652463
6947416,2015,2015-06-17,3710,2015-05-25,1550,OC1411,NA,1,5,6,3710,0,0,0,NA,0,005,NORTH COAST HWY,MONTEREY RD,2,N,N,A,-,N,NA,NA,NA,NA,NA,NA,NA,NA,NA,Y,3,0,1,2,A,-,08,38314,NA,N,D,C,A,A,H,-,A,A,0,NA,NA,NA,NA,Y,NA,A,01,0,1,0,0,0,0,0,0,0,-,-,NA,NA,SAN DIEGO,OCEANSIDE,-117.38619348,33.20788463
6947458,2015,2016-06-06,3711,2015-05-31,1758,5985,NA,7,5,7,3711,0,0,0,NA,0,529,ELM ST,ELM ST 200,0,NA,-,A,-,N,NA,NA,NA,NA,NA,NA,NA,NA,NA,N,4,0,1,2,A,-,03,22350,NA,M,C,C,A,A,H,-,A,A,0,NA,NA,NA,NA,Y,NA,-,99,0,0,1,0,0,0,0,0,0,-,-,NA,NA,SAN DIEGO,SAN DIEGO,-117.12957233,32.58025353
6947557,2015,2015-06-19,3711,2015-05-25,0833,6835,NA,1,5,7,3711,0,0,0,NA,0,242,BLACK MOUNTAIN RD,CARROLL CANYON RD,0,NA,Y,B,F,N,NA,NA,NA,NA,NA,NA,NA,NA,NA,Y,4,0,2,2,A,-,12,21453,A,N,A,C,A,B,H,-,A,A,0,NA,NA,NA,NA,Y,NA,-,NA,0,0,2,0,0,0,0,0,0,-,-,NA,NA,SAN DIEGO,SAN DIEGO,-117.12411011,32.90276003
6950787,2015,2015-06-29,3711,2015-05-30,1830,6146,NA,6,5,7,3711,0,0,0,NA,0,234,HIGHLAND VALLEY RD,HIGHLAND VALLEY RD 14100,0,NA,N,A,-,N,NA,NA,NA,NA,NA,NA,NA,NA,NA,Y,3,0,1,1,A,-,08,22107,NA,N,E,I,A,A,H,-,A,D,0,NA,NA,NA,NA,Y,Y,A,01,0,1,0,0,0,0,0,0,0,-,-,NA,NA,SAN DIEGO,SAN DIEGO,-117.06974387,32.97638058
6951480,2015,2016-11-10,9645,2015-05-19,1535,019054,NA,2,2,7,3711,0,1,1,NA,2,001,RT 5,RT 15,770,S,N,A,-,Y,SD,11,5,-,R,12.34,H,-,S,Y,3,0,1,2,A,-,03,22350,NA,N,C,A,A,A,H,-,A,D,1,NA,NA,Y,NA,Y,NA,C,02,0,1,0,0,0,0,0,0,1,-,-,32.68994,-117.11783,SAN DIEGO,SAN DIEGO,-117.11784909000001,32.69005106
6952075,2015,2016-12-13,9645,2015-05-21,0650,13111,NA,4,1,7,3711,0,1,3,NA,2,014,RT 52,CONVOY ST,3692,W,N,A,-,Y,SD,11,52,-,-,4.79,H,-,E,Y,4,0,1,2,A,-,03,22350,NA,N,C,C,A,A,H,-,A,D,1,NA,NA,NA,Y,Y,NA,A,01,0,0,1,0,0,0,0,0,0,-,-,32.84117,-117.16371,SAN DIEGO,SAN DIEGO,-117.16307083,32.84052945
6952095,2015,2017-01-05,9645,2015-06-05,1415,19410,NA,5,2,7,3711,0,1,1,NA,2,017,RT 15,CARROLL CANYON RD,300,S,N,A,-,Y,SD,11,15,-,M,14.81,H,-,S,N,3,0,1,1,C,-,18,NA,NA,N,E,J,A,A,H,-,A,D,1,NA,NA,Y,NA,Y,NA,-,-,0,1,0,0,0,0,0,0,1,-,-,32.91071,-117.11695,SAN DIEGO,SAN DIEGO,-117.11660326,32.90062329
6952107,2015,2016-12-19,9645,2015-06-05,1627,19496,NA,5,2,7,3711,0,1,3,NA,2,023,RT 163,ROBINSON AV,500,S,N,A,-,Y,SD,11,163,-,-,2.31,H,-,S,Y,3,0,2,3,A,-,03,22350,NA,N,C,C,A,A,H,-,A,D,1,NA,NA,NA,NA,Y,NA,A,07,0,1,1,0,0,0,0,0,0,-,-,32.74363,-117.15653,SAN DIEGO,SAN DIEGO,-117.15639458,32.74416229
6952766,2015,2016-11-19,9680,2015-05-26,1900,19384,NA,2,2,9,3700,0,3,5,NA,2,002,SWEETWATER SPRINGS BL,RT 94,0,NA,Y,B,-,Y,SD,11,94,-,R,12.875,R,4,E,Y,4,0,2,2,D,-,00,NA,NA,N,D,C,A,A,H,-,A,A,0,NA,NA,NA,NA,Y,NA,-,-,0,0,2,0,0,0,0,0,0,-,-,32.74409,-116.97363,SAN DIEGO,UNINCORPORATED,-116.97221919,32.74438127
6953142,2015,2015-06-16,3711,2015-05-22,2036,6104,NA,5,5,7,3711,0,0,0,NA,0,611,MIDWAY DR,ROSECRANS ST,300,W,N,B,-,N,NA,NA,NA,NA,NA,NA,NA,NA,NA,N,4,0,1,2,A,-,11,21954,A,N,A,B,D,B,H,-,E,D,0,Y,NA,NA,NA,Y,NA,N,60,0,0,1,0,1,0,0,0,0,-,-,NA,NA,SAN DIEGO,SAN DIEGO,-117.20700601,32.75011508
6954448,2015,2016-06-06,3700,2015-05-27,1037,SH3183,NA,3,5,3,3783,0,0,0,NA,0,274,LAS BANDERAS DR,SAN ANDRES DR,198,N,N,A,-,N,NA,NA,NA,NA,NA,NA,NA,NA,NA,Y,3,0,1,2,C,-,18,NA,NA,N,F,E,A,A,H,-,A,D,0,NA,NA,NA,NA,Y,NA,-,-,0,1,0,0,0,0,0,0,0,-,-,NA,NA,SAN DIEGO,SOLANA BEACH,-117.25124,32.99385888
6954480,2015,2015-07-02,3700,2015-05-01,1816,SH2573,NA,5,5,3,3783,0,0,0,NA,0,274,HIGHLAND DR,LOMAS SANTA FE DR,0,NA,Y,A,-,N,NA,NA,NA,NA,NA,NA,NA,NA,NA,N,3,0,1,2,A,-,09,21800,A,N,D,G,A,A,H,-,A,A,0,NA,Y,Y,NA,Y,NA,L,04,0,1,0,0,0,0,1,0,0,-,-,NA,NA,SAN DIEGO,SOLANA BEACH,-117.23871013,32.99596003
6954824,2015,2015-07-02,3700,2015-04-05,1228,SH7552,NA,7,5,4,3707,0,0,0,NA,0,706,PALM AV,SILVER STRAND BL,0,NA,Y,A,-,N,NA,NA,NA,NA,NA,NA,NA,NA,NA,Y,4,0,1,2,A,-,08,22107,NA,N,B,C,A,A,H,-,A,A,0,NA,NA,Y,NA,Y,NA,C,02,0,0,1,0,0,0,0,0,1,-,-,NA,NA,SAN DIEGO,IMPERIAL BEACH,-117.12842002,32.58393006
6955158,2015,2015-07-31,3702,2015-04-23,0616,CV1031,NA,4,5,6,3702,0,0,0,NA,0,041,HERITAGE RD,EAST PALOMAR ST,793,N,N,A,-,N,NA,NA,NA,NA,NA,NA,NA,NA,NA,Y,4,0,2,2,A,-,03,22350,NA,N,C,C,A,A,H,-,A,B,0,NA,NA,NA,NA,Y,NA,A,07,0,0,2,0,0,0,0,0,0,-,-,NA,NA,SAN DIEGO,CHULA VISTA,-117.00623164,32.62285627