CASE_ID,ACCIDENT_YEAR,PROC_DATE,JURIS,COLLISION_DATE,COLLISION_TIME,OFFICER_ID,REPORTING_DISTRICT,DAY_OF_WEEK,CHP_SHIFT,POPULATION,CNTY_CITY_LOC,SPECIAL_COND,BEAT_TYPE,CHP_BEAT_TYPE,CITY_DIVISION_LAPD,CHP_BEAT_CLASS,BEAT_NUMBER,PRIMARY_RD,SECONDARY_RD,DISTANCE,DIRECTION,INTERSECTION,WEATHER_1,WEATHER_2,STATE_HWY_IND,CALTRANS_COUNTY,CALTRANS_DISTRICT,STATE_ROUTE,ROUTE_SUFFIX,POSTMILE_PREFIX,POSTMILE,LOCATION_TYPE,RAMP_INTERSECTION,SIDE_OF_HWY,TOW_AWAY,COLLISION_SEVERITY,NUMBER_KILLED,NUMBER_INJURED,PARTY_COUNT,PRIMARY_COLL_FACTOR,PCF_CODE_OF_VIOL,PCF_VIOL_CATEGORY,PCF_VIOLATION,PCF_VIOL_SUBSECTION,HIT_AND_RUN,TYPE_OF_COLLISION,MVIW,PED_ACTION,ROAD_SURFACE,ROAD_COND_1,ROAD_COND_2,LIGHTING,CONTROL_DEVICE,CHP_ROAD_TYPE,PEDESTRIAN_ACCIDENT,BICYCLE_ACCIDENT,MOTORCYCLE_ACCIDENT,TRUCK_ACCIDENT,NOT_PRIVATE_PROPERTY,ALCOHOL_INVOLVED,STWD_VEHTYPE_AT_FAULT,CHP_VEHTYPE_AT_FAULT,COUNT_SEVERE_INJ,COUNT_VISIBLE_INJ,COUNT_COMPLAINT_PAIN,COUNT_PED_KILLED,COUNT_PED_INJURED,COUNT_BICYCLIST_KILLED,COUNT_BICYCLIST_INJURED,COUNT_MC_KILLED,COUNT_MC_INJURED,PRIMARY_RAMP,SECONDARY_RAMP,LATITUDE,LONGITUDE,COUNTY,CITY,POINT_X,POINT_Y
7108892,2015,2015-11-05,3711,2015-10-22,1823,7026,NA,4,5,7,3711,0,0,0,NA,0,122,TURQUOISE,MISSION BL,100,E,N,A,-,N,NA,NA,NA,NA,NA,NA,NA,NA,NA,N,4,0,1,2,A,-,09,21804,A,N,D,C,A,A,H,-,A,D,0,NA,NA,NA,NA,Y,NA,D,22,0,0,1,0,0,0,0,0,0,-,-,NA,NA,SAN DIEGO,SAN DIEGO,-117.25890582,32.8087083
7109078,2015,2015-11-06,3711,2015-10-26,0657,6992,NA,1,5,7,3711,0,0,0,NA,0,511,HARBOR DR,BELT ST,493,E,N,A,-,N,NA,NA,NA,NA,NA,NA,NA,NA,NA,Y,4,0,1,2,A,-,04,21703,NA,N,C,C,A,A,H,-,A,D,0,NA,NA,NA,NA,Y,NA,-,NA,0,0,1,0,0,0,0,0,0,-,-,NA,NA,SAN DIEGO,SAN DIEGO,NA,NA
7109094,2015,2015-11-10,3711,2015-10-25,1852,6176,NA,7,5,7,3711,0,0,0,NA,0,436,SKYLINE  DR,TUTHER WY,75,E,N,A,-,N,NA,NA,NA,NA,NA,NA,NA,NA,NA,Y,4,0,1,1,A,-,17,21663,NA,N,E,I,A,A,H,-,C,D,0,NA,NA,NA,NA,Y,NA,A,01,0,0,1,0,0,0,0,0,0,-,-,NA,NA,SAN DIEGO,SAN DIEGO,-117.04715228,32.70276245
7110465,2015,2015-11-13,3702,2015-10-02,1634,CV1107,NA,5,5,6,3702,0,0,0,NA,0,032,LANE AV,MACKENZIE CREEK RD,31,S,N,A,-,N,NA,NA,NA,NA,NA,NA,NA,NA,NA,Y,4,0,2,2,A,-,03,22350,NA,N,C,C,A,A,H,-,A,A,0,NA,NA,NA,NA,Y,NA,A,01,0,0,2,0,0,0,0,0,0,-,-,NA,NA,SAN DIEGO,CHULA VISTA,-116.96192461,32.656446
7110492,2015,2015-11-16,3702,2015-10-09,2123,CV1114,NA,5,5,6,3702,0,0,0,NA,0,041,TELEGRAPH CANYON RD,MEDICAL CENTER DR,330,W,N,A,-,N,NA,NA,NA,NA,NA,NA,NA,NA,NA,Y,4,0,1,3,A,-,04,21703,NA,M,C,C,A,A,H,-,C,D,0,NA,NA,Y,NA,Y,NA,A,07,0,0,1,0,0,0,0,0,1,-,-,NA,NA,SAN DIEGO,CHULA VISTA,-117.026581,32.62518092
7112976,2015,2015-11-14,3711,2015-10-31,1610,5679,NA,6,5,7,3711,0,0,0,NA,0,232,CAMINO DEL NORTE,WORLD TRADE DR,16,W,N,A,-,N,NA,NA,NA,NA,NA,NA,NA,NA,NA,Y,4,0,3,2,A,-,03,22350,NA,N,C,C,A,A,H,-,A,A,0,NA,NA,NA,NA,Y,NA,D,22,0,0,3,0,0,0,0,0,0,-,-,NA,NA,SAN DIEGO,SAN DIEGO,-117.06733171,32.98776617
7112980,2015,2015-11-14,3711,2015-10-20,1625,6381,NA,2,5,7,3711,0,0,0,NA,0,837,HOME AV,GATEWAY DR,0,NA,Y,A,-,N,NA,NA,NA,NA,NA,NA,NA,NA,NA,Y,4,0,1,2,A,-,12,21453,A,N,D,C,A,A,H,-,A,A,0,NA,NA,NA,NA,Y,NA,-,NA,0,0,1,0,0,0,0,0,0,-,-,NA,NA,SAN DIEGO,SAN DIEGO,-117.10762006,32.72325008
7113710,2015,2015-11-13,3711,2015-10-29,0845,6857,SANDI,4,5,7,3711,0,0,0,NA,0,822,LEA ST,CHOLLAS PKWY,11,N,N,A,-,N,NA,NA,NA,NA,NA,NA,NA,NA,NA,Y,4,0,2,2,A,-,03,22350,NA,N,C,C,A,A,H,-,A,A,0,NA,NA,NA,NA,Y,NA,A,01,0,0,2,0,0,0,0,0,0,-,-,NA,NA,SAN DIEGO,SAN DIEGO,-117.07974451,32.74582284
7113766,2015,2015-11-16,3710,2015-10-17,1145,OC1018,NA,6,5,6,3710,0,0,0,NA,0,012,OCEANSIDE BL,EL CAMINIO REAL,84,W,N,A,-,N,NA,NA,NA,NA,NA,NA,NA,NA,NA,N,4,0,1,2,A,-,03,22350,NA,N,C,C,A,A,H,-,A,A,0,NA,NA,NA,NA,Y,NA,A,07,0,0,1,0,0,0,0,0,0,-,-,NA,NA,SAN DIEGO,OCEANSIDE,-117.33269363,33.20181298
7114249,2015,2015-12-01,3711,2015-11-04,1722,6366,NA,3,5,7,3711,0,0,0,NA,0,242,BLACK MOUNTAIN RD,GALVIN WY,245,N,N,B,-,N,NA,NA,NA,NA,NA,NA,NA,NA,NA,Y,3,0,1,2,A,-,11,21954,A,N,G,B,D,A,H,-,D,D,0,Y,NA,NA,NA,Y,NA,-,-,0,1,0,0,1,0,0,0,0,-,-,NA,NA,SAN DIEGO,SAN DIEGO,-117.12501192,32.92121108
7114254,2015,2015-11-17,3711,2015-11-04,0649,7352,NA,3,5,7,3711,0,0,0,NA,0,231,POWAY RD,SABRE SPRINGS PKWY,528,E,N,A,-,N,NA,NA,NA,NA,NA,NA,NA,NA,NA,N,4,0,1,2,A,-,03,22350,NA,N,C,C,A,A,H,-,A,A,0,NA,NA,NA,NA,Y,NA,-,NA,0,0,1,0,0,0,0,0,0,-,-,NA,NA,SAN DIEGO,SAN DIEGO,-117.09422932,32.94688242
7114618,2015,2015-11-13,3711,2015-10-25,1917,7258,SANDI,7,5,7,3711,0,0,0,NA,0,451,54TH ST,BILOXI ST,240,S,N,A,-,N,NA,NA,NA,NA,NA,NA,NA,NA,NA,Y,3,0,1,3,A,-,08,22107,NA,N,B,E,A,A,H,-,C,D,0,NA,NA,NA,NA,Y,Y,-,-,0,1,0,0,0,0,0,0,0,-,-,NA,NA,SAN DIEGO,SAN DIEGO,-117.07971756,32.73149264
7116231,2015,2015-11-18,3711,2015-11-07,1630,6146,NA,6,5,7,3711,0,0,0,NA,0,241,POMERADO RD,SEMILLON BL,0,NA,Y,A,-,N,NA,NA,NA,NA,NA,NA,NA,NA,NA,Y,4,0,1,2,A,-,12,21453,A,N,D,C,A,A,H,-,A,A,0,NA,NA,NA,NA,Y,NA,A,07,0,0,1,0,0,0,0,0,0,-,-,NA,NA,SAN DIEGO,SAN DIEGO,-117.07052003,32.91541006
7119328,2015,2016-08-10,3706,2015-11-07,0250,ES0485,NA,6,5,6,3706,0,0,0,NA,0,045,ROCK SPRINGS RD,W MISSION AV,0,NA,Y,-,-,N,NA,NA,NA,NA,NA,NA,NA,NA,NA,Y,4,0,1,2,A,-,01,23152,B,N,-,-,A,-,-,-,-,-,0,NA,NA,NA,NA,Y,Y,A,01,0,0,1,0,0,0,0,0,0,-,-,NA,NA,SAN DIEGO,ESCONDIDO,-117.09745006,33.12657005
7119339,2015,2015-11-18,3710,2015-11-03,0535,OC1414,NA,2,5,6,3710,0,0,0,NA,0,021,COLLEGE BL,FRAZEE RD,1195,S,N,A,-,N,NA,NA,NA,NA,NA,NA,NA,NA,NA,Y,3,0,1,1,A,-,03,22350,NA,N,E,I,A,B,H,-,C,A,0,NA,NA,NA,NA,Y,NA,A,01,0,1,0,0,0,0,0,0,0,-,-,NA,NA,SAN DIEGO,OCEANSIDE,-117.2926364,33.23369503
7119577,2015,2015-12-01,3711,2015-11-14,1613,6157,NA,6,5,7,3711,0,0,0,NA,0,931,VISTA SORRENTO PKWY,PACIFIC PLAZA DR,0,NA,Y,A,-,N,NA,NA,NA,NA,NA,NA,NA,NA,NA,Y,3,0,1,1,A,-,08,22107,NA,N,F,A,A,A,H,-,A,A,0,NA,NA,NA,NA,Y,NA,-,NA,0,1,0,0,0,0,0,0,0,-,-,NA,NA,SAN DIEGO,SAN DIEGO,-117.22921008,32.91527002
7121451,2015,2015-12-07,3701,2015-11-17,1600,5291,4,2,5,5,3701,0,0,0,NA,0,001,LAGUNA DR,MADISON ST,20,E,N,A,-,N,NA,NA,NA,NA,NA,NA,NA,NA,NA,N,4,0,1,2,A,-,12,22450,A,F,G,B,D,A,H,-,A,A,0,Y,NA,NA,NA,Y,NA,-,99,0,0,1,0,1,0,0,0,0,-,-,33.16518,-117.35005,SAN DIEGO,CARLSBAD,-117.35015486,33.1652011
7121587,2015,2015-11-24,3711,2015-11-09,1238,7348,NA,1,5,7,3711,0,0,0,NA,0,813,EL CAJON BL,EL CAJON BL 3008,7,S,N,B,-,N,NA,NA,NA,NA,NA,NA,NA,NA,NA,Y,4,0,1,2,A,-,09,21804,A,N,D,C,A,A,H,-,A,A,0,NA,NA,NA,NA,Y,NA,A,01,0,0,1,0,0,0,0,0,0,-,-,NA,NA,SAN DIEGO,SAN DIEGO,NA,NA
7128552,2015,2015-12-10,3706,2015-11-30,1754,ES0468,NA,1,5,6,3706,0,0,0,NA,0,045,N QUINCE ST,W WASHINGTON AV,0,NA,Y,A,-,N,NA,NA,NA,NA,NA,NA,NA,NA,NA,Y,3,0,1,2,A,-,09,21801,A,N,A,C,A,A,H,-,C,A,0,NA,NA,NA,NA,Y,NA,A,01,0,1,0,0,0,0,0,0,0,-,-,NA,NA,SAN DIEGO,ESCONDIDO,-117.09196004,33.12444006
7128972,2015,2015-12-22,3711,2015-11-28,1600,6305,NA,6,5,7,3711,0,0,0,NA,0,446,IMPERIAL AV,N EUCLID AV,108,W,N,A,-,N,NA,NA,NA,NA,NA,NA,NA,NA,NA,Y,4,0,1,1,A,-,03,22350,NA,N,A,I,A,A,H,-,A,D,0,NA,NA,NA,NA,Y,NA,-,NA,0,0,1,0,0,0,0,0,0,-,-,NA,NA,SAN DIEGO,SAN DIEGO,-117.08531753,32.70438575
7130747,2015,2015-12-09,3711,2015-11-25,1117,4626,NA,3,5,7,3711,0,0,0,NA,0,313,BALBOA AV,BALBOA AVE 9200,27,W,N,B,-,N,NA,NA,NA,NA,NA,NA,NA,NA,NA,Y,4,0,1,2,A,-,08,22107,NA,N,D,D,A,A,H,-,A,D,0,NA,NA,NA,NA,Y,NA,A,01,0,0,1,0,0,0,0,0,0,-,-,NA,NA,SAN DIEGO,SAN DIEGO,-117.13234395,32.8222013
7132761,2015,2015-12-22,3700,2015-11-30,0850,SH2397,NA,1,5,5,3713,0,0,0,NA,0,305,WEST LOS ANGELES DR,AVENIDA BENITO JUAREZ,0,NA,Y,A,-,N,NA,NA,NA,NA,NA,NA,NA,NA,NA,Y,4,0,1,2,A,-,09,21802,A,N,D,C,A,A,H,-,A,A,0,NA,NA,NA,NA,Y,NA,A,01,0,0,1,0,0,0,0,0,0,-,-,NA,NA,SAN DIEGO,VISTA,-117.24824007,33.21242001
7132802,2015,2015-12-16,3700,2015-11-17,1810,SH0817,NA,2,5,5,3713,0,0,0,NA,0,309,OLIVE AV,NORTH MELROSE DR,405,W,N,A,-,N,NA,NA,NA,NA,NA,NA,NA,NA,NA,N,3,0,1,2,A,-,11,21954,A,N,G,B,D,A,H,-,C,D,0,Y,NA,NA,NA,Y,NA,N,60,0,1,0,0,1,0,0,0,0,-,-,NA,NA,SAN DIEGO,VISTA,-117.25557984,33.20468
7133244,2015,2015-12-16,3703,2015-11-23,1608,1308,NA,1,5,3,3703,0,0,0,NA,0,001,2ND ST,H AV,14,W,N,A,-,N,NA,NA,NA,NA,NA,NA,NA,NA,NA,Y,4,0,1,2,A,-,03,22350,NA,N,C,C,A,A,H,-,A,A,0,NA,NA,Y,NA,Y,NA,A,07,0,0,1,0,0,0,0,0,1,-,-,NA,NA,SAN DIEGO,CORONADO,-117.17881056,32.69968717
7133500,2015,2015-12-14,3700,2015-10-30,2200,SH4791,NA,5,5,5,3782,0,0,0,NA,0,230,LONE JACK RD,LONE JACK RD 2703,0,NA,Y,A,-,N,NA,NA,NA,NA,NA,NA,NA,NA,NA,Y,3,0,1,1,A,-,01,23152,A,N,E,I,A,A,H,-,C,D,0,NA,NA,NA,NA,Y,Y,A,01,0,1,0,0,0,0,0,0,0,-,-,NA,NA,SAN DIEGO,ENCINITAS,-117.227111,33.050234
7133737,2015,2015-12-21,3710,2015-11-30,1755,OC1418,NA,1,5,6,3710,0,0,0,NA,0,021,COLLEGE BL,NORTH RIVER RD,425,E,N,A,-,N,NA,NA,NA,NA,NA,NA,NA,NA,NA,N,4,0,1,2,A,-,21,22106,NA,N,C,C,A,A,H,-,C,A,0,NA,NA,NA,NA,Y,NA,A,01,0,0,1,0,0,0,0,0,0,-,-,NA,NA,SAN DIEGO,OCEANSIDE,-117.29898436,33.25041812
7133980,2015,2015-12-16,3711,2015-11-30,1814,7273,NA,1,5,7,3711,0,0,0,NA,0,614,SUNSET CLIFFS BL,SANTA CRUZ,0,NA,Y,A,-,N,NA,NA,NA,NA,NA,NA,NA,NA,NA,N,3,0,2,2,A,-,09,21801,A,N,D,C,A,A,H,-,C,D,0,NA,NA,NA,NA,Y,NA,-,NA,0,1,1,0,0,0,0,0,0,-,-,NA,NA,SAN DIEGO,SAN DIEGO,-117.25051003,32.74138008
7133997,2015,2015-12-18,3710,2015-09-24,1544,OC1363,NA,4,5,6,3710,0,0,0,NA,0,010,HOLLY,MISSION,172,N,N,A,-,N,NA,NA,NA,NA,NA,NA,NA,NA,NA,N,4,0,1,2,A,-,09,21804,A,N,D,C,A,A,H,-,A,D,0,NA,NA,NA,NA,Y,NA,A,01,0,0,1,0,0,0,0,0,0,-,-,NA,NA,SAN DIEGO,OCEANSIDE,-117.36834014,33.20270325
7135213,2015,2016-01-06,3711,2015-12-16,2100,7180,NA,3,5,7,3711,0,0,0,NA,0,628,KETTNER BL,SASSAFRAS ST,27,S,N,A,-,N,NA,NA,NA,NA,NA,NA,NA,NA,NA,N,4,0,1,2,D,-,00,NA,NA,M,D,C,A,A,H,-,C,A,0,NA,NA,Y,NA,Y,NA,-,-,0,0,1,0,0,0,0,0,1,-,-,NA,NA,SAN DIEGO,SAN DIEGO,-117.17668779,32.73681064
7136684,2015,2015-12-17,3705,2015-10-14,1351,EC0295,NA,3,5,5,3705,0,0,0,NA,0,010,WEST MAIN,MAGNOLIA,91,W,N,A,-,N,NA,NA,NA,NA,NA,NA,NA,NA,NA,N,4,0,1,2,A,-,03,22350,NA,N,C,C,A,A,H,-,A,A,0,NA,NA,NA,NA,Y,NA,A,01,0,0,1,0,0,0,0,0,0,-,-,NA,NA,SAN DIEGO,EL CAJON,-116.96264504,32.79495339
7136704,2015,2015-12-17,3705,2015-10-16,0724,EC0295,NA,5,5,5,3705,0,0,0,NA,0,010,MAIN ST,MAGNOLIA,0,NA,Y,C,-,N,NA,NA,NA,NA,NA,NA,NA,NA,NA,Y,4,0,2,2,A,-,12,21453,A,N,D,C,A,B,H,-,A,A,0,NA,NA,NA,NA,Y,NA,A,01,0,0,2,0,0,0,0,0,0,-,-,NA,NA,SAN DIEGO,EL CAJON,-116.96235005,32.79495004
7136729,2015,2015-12-17,3705,2015-09-08,1828,EC0274,NA,2,5,5,3705,0,0,0,NA,0,006,WEST MAIN,NORTH MARSHALL,0,NA,Y,A,-,N,NA,NA,NA,NA,NA,NA,NA,NA,NA,Y,4,0,1,2,A,-,12,21453,A,N,B,C,A,A,H,-,A,A,0,NA,NA,NA,NA,Y,NA,A,01,0,0,1,0,0,0,0,0,0,-,-,NA,NA,SAN DIEGO,EL CAJON,-116.97554007,32.79497002
7137161,2015,2016-01-06,3711,2015-12-05,0128,7302,SANDI,6,5,7,3711,0,0,0,NA,0,834,THORN AV,42ND ST,0,NA,Y,A,-,N,NA,NA,NA,NA,NA,NA,NA,NA,NA,Y,3,0,2,1,A,-,03,22350,NA,M,E,I,A,A,H,-,C,A,0,NA,NA,NA,NA,Y,NA,-,NA,0,2,0,0,0,0,0,0,0,-,-,NA,NA,SAN DIEGO,SAN DIEGO,-117.10519011,32.74030002
7137168,2015,2015-12-22,3711,2015-12-05,0938,7298,SANDI,6,5,7,3711,0,0,0,NA,0,241,SCRIPPS RANCH BL,SCRIPPS LAKE DR,0,NA,Y,A,-,N,NA,NA,NA,NA,NA,NA,NA,NA,NA,Y,3,0,2,2,D,-,00,NA,NA,N,D,C,A,A,H,-,A,A,0,NA,NA,NA,NA,Y,NA,-,-,0,2,0,0,0,0,0,0,0,-,-,NA,NA,SAN DIEGO,SAN DIEGO,-117.10988001,32.91159003
7138482,2015,2015-12-24,3709,2015-12-05,1051,418,NA,6,5,5,3709,0,0,0,NA,0,024,NATIONAL CITY BL,E 33RD ST,504,N,N,A,-,N,NA,NA,NA,NA,NA,NA,NA,NA,NA,Y,3,0,2,2,A,-,09,21804,A,N,D,C,A,A,H,-,A,-,0,NA,NA,NA,NA,Y,NA,A,01,0,2,0,0,0,0,0,0,0,-,-,NA,NA,SAN DIEGO,NATIONAL CITY,-117.0989971,32.65547221
7141596,2015,2016-01-05,3711,2015-12-11,1918,4759,NA,5,5,7,3711,0,0,0,NA,0,122,JEWELL ST,EMERALD ST,266,S,N,B,-,N,NA,NA,NA,NA,NA,NA,NA,NA,NA,N,3,0,1,2,A,-,11,21954,A,N,D,B,D,A,H,-,D,D,0,Y,NA,NA,NA,Y,NA,N,60,0,1,0,0,1,0,0,0,0,-,-,NA,NA,SAN DIEGO,SAN DIEGO,-117.23937239,32.80142718
7141877,2015,2015-12-30,3711,2015-12-19,1755,5968,NA,6,5,7,3711,0,0,0,NA,0,813,ILLINOIS ST,ILLINOIS ST 4300,0,NA,Y,A,-,N,NA,NA,NA,NA,NA,NA,NA,NA,NA,N,3,0,1,2,A,-,08,22107,NA,N,D,C,A,A,H,-,C,A,0,NA,NA,NA,NA,Y,NA,-,NA,0,1,0,0,0,0,0,0,0,-,-,NA,NA,SAN DIEGO,SAN DIEGO,-117.12770551,32.75547253
7142181,2015,2015-12-28,3711,2015-12-13,1110,6973,NA,7,5,7,3711,0,0,0,NA,0,445,MARKET ST,COTTON ST,152,W,N,A,-,N,NA,NA,NA,NA,NA,NA,NA,NA,NA,N,3,0,1,2,A,-,17,22517,NA,N,B,G,A,A,H,-,A,D,0,NA,Y,NA,NA,Y,NA,-,NA,0,1,0,0,0,0,1,0,0,-,-,NA,NA,SAN DIEGO,SAN DIEGO,-117.09546232,32.71143052
7142184,2015,2016-08-10,3711,2015-12-12,2246,7272,NA,6,5,7,3711,0,0,0,NA,0,447,HOME AV,MENLO AV,0,NA,Y,A,-,N,NA,NA,NA,NA,NA,NA,NA,NA,NA,N,4,0,1,2,A,-,17,21461,A,N,D,C,A,A,H,-,C,-,0,NA,NA,NA,NA,Y,NA,-,NA,0,0,1,0,0,0,0,0,0,-,-,NA,NA,SAN DIEGO,SAN DIEGO,-117.09473005,32.73346009
7144915,2015,2016-01-05,3706,2015-12-10,1324,223,ESCON,4,5,6,3706,0,0,0,NA,0,044,MIDWAY DR,INDIAN PL,6,S,N,A,-,N,NA,NA,NA,NA,NA,NA,NA,NA,NA,Y,3,0,2,7,C,-,18,NA,NA,N,B,C,A,A,H,-,A,A,0,NA,NA,NA,NA,Y,NA,-,-,0,1,1,0,0,0,0,0,0,-,-,33.14223,-117.05437,SAN DIEGO,ESCONDIDO,-117.05439832,33.14211683
7145351,2015,2016-01-05,3700,2015-10-13,1230,SH0134,NA,2,5,5,3712,0,0,0,NA,0,357,WEST SAN MARCOS BL,VIA VERA CRUZ,0,NA,Y,A,-,N,NA,NA,NA,NA,NA,NA,NA,NA,NA,N,4,0,1,2,A,-,03,22350,NA,N,C,C,A,A,H,-,A,D,0,NA,NA,NA,Y,Y,NA,F,25,0,0,1,0,0,0,0,0,0,-,-,NA,NA,SAN DIEGO,SAN MARCOS,-117.18797001,33.13485004
7145456,2015,2015-12-31,3708,2015-11-04,1430,LM1217,NA,3,5,5,3708,0,0,0,NA,0,003,DALHART AV,DALLAS ST,0,NA,Y,A,-,N,NA,NA,NA,NA,NA,NA,NA,NA,NA,N,3,0,1,2,A,-,10,21950,A,F,G,B,D,A,H,-,A,D,0,Y,NA,NA,NA,Y,NA,A,01,0,1,0,0,1,0,0,0,0,-,-,NA,NA,SAN DIEGO,LA MESA,-117.01895006,32.79089011
7145463,2015,2015-12-30,3710,2015-12-16,1822,OC1394,NA,3,5,6,3710,0,0,0,NA,0,021,COLLEGE,NORTH RIVER,300,S,N,A,-,N,NA,NA,NA,NA,NA,NA,NA,NA,NA,N,4,0,1,2,A,-,04,21703,NA,N,C,C,A,A,H,-,C,A,0,NA,NA,NA,NA,Y,NA,A,01,0,0,1,0,0,0,0,0,0,-,-,NA,NA,SAN DIEGO,OCEANSIDE,-117.29936322,33.25054441
7146104,2015,2015-12-30,3711,2015-12-16,1825,5679,NA,3,5,7,3711,0,0,0,NA,0,242,CAMINO RUIZ,NEW SALEM,360,S,N,A,-,N,NA,NA,NA,NA,NA,NA,NA,NA,NA,Y,4,0,2,2,A,-,09,21801,A,N,D,C,A,A,H,-,C,D,0,NA,NA,NA,NA,Y,NA,A,01,0,0,2,0,0,0,0,0,0,-,-,NA,NA,SAN DIEGO,SAN DIEGO,-117.14398,32.9147039
7146625,2015,2016-08-10,3700,2015-11-15,1042,SH0316,NA,7,5,5,3782,0,0,0,NA,0,221,RT 101,EAST E ST,134,S,N,A,-,N,NA,NA,NA,NA,NA,NA,NA,NA,NA,N,3,0,1,2,A,-,08,22107,NA,N,D,G,A,A,H,-,A,D,0,NA,Y,NA,NA,Y,NA,A,01,0,1,0,0,0,0,1,0,0,-,-,NA,NA,SAN DIEGO,ENCINITAS,-117.29362793,33.0442855
7147391,2015,2016-01-04,3705,2015-11-06,1645,EC0295,NA,5,5,5,3705,0,0,0,NA,0,009,EAST LEXINGTON,STEPHANIE,0,NA,Y,A,-,N,NA,NA,NA,NA,NA,NA,NA,NA,NA,N,4,0,1,2,A,-,09,21801,A,N,D,C,A,A,H,-,A,D,0,NA,NA,NA,NA,Y,NA,A,01,0,0,1,0,0,0,0,0,0,-,-,NA,NA,SAN DIEGO,EL CAJON,-116.92879002,32.79271002
7147404,2015,2016-01-04,3705,2015-10-03,1926,EC0337,NA,6,5,5,3705,0,0,0,NA,0,010,N MAGNOLIA,W MADISON,5,N,N,A,-,N,NA,NA,NA,NA,NA,NA,NA,NA,NA,N,4,0,1,2,A,-,03,22350,NA,N,C,C,A,A,H,-,C,A,0,NA,NA,NA,NA,Y,NA,A,01,0,0,1,0,0,0,0,0,0,-,-,NA,NA,SAN DIEGO,EL CAJON,-116.96236369,32.80088262
7148842,2015,2016-01-06,3711,2015-11-27,0922,HB5731,NA,5,5,7,3711,0,0,0,NA,0,503,NORTH HARBOR DR,HARBOR ISLAND DR 3300,0,NA,Y,C,-,N,NA,NA,NA,NA,NA,NA,NA,NA,NA,Y,4,0,1,3,A,-,03,22350,NA,N,C,C,A,B,H,-,A,A,0,NA,NA,Y,NA,Y,NA,A,08,0,0,1,0,0,0,0,0,1,-,-,NA,NA,SAN DIEGO,SAN DIEGO,-117.19522476,32.72949431
7154537,2015,2016-01-12,3701,2015-12-28,0606,5191,28,1,5,5,3701,0,0,0,NA,0,004,TAMARACK AV,EDINBURGH DR,0,NA,Y,A,-,N,NA,NA,NA,NA,NA,NA,NA,NA,NA,Y,4,0,1,2,A,-,09,21802,A,N,D,C,A,A,H,-,C,A,0,NA,NA,NA,NA,Y,NA,A,01,0,0,1,0,0,0,0,0,0,-,-,33.16356,-117.30103,SAN DIEGO,CARLSBAD,-117.30109008,33.16360007
7155706,2015,2016-01-15,3706,2015-12-30,1457,318,ESCON,3,5,6,3706,0,0,0,NA,0,045,AUTO PARK WY,CITRACADO PKWY,538,W,N,A,-,N,NA,NA,NA,NA,NA,NA,NA,NA,NA,Y,4,0,2,3,A,-,03,22350,NA,N,C,C,A,A,H,-,A,D,0,NA,NA,NA,NA,Y,NA,A,01,0,0,2,0,0,0,0,0,0,-,-,NA,NA,SAN DIEGO,ESCONDIDO,-117.12311681,33.12907877
7156174,2015,2016-01-19,3711,2015-12-26,1610,6947,NA,6,5,7,3711,0,0,0,NA,0,723,30TH ST,CORONADO AV,120,S,N,A,-,N,NA,NA,NA,NA,NA,NA,NA,NA,NA,N,4,0,1,2,A,-,11,21950,B,N,G,B,D,A,H,-,C,D,0,Y,NA,NA,NA,Y,NA,N,60,0,0,1,0,1,0,0,0,0,-,-,NA,NA,SAN DIEGO,SAN DIEGO,-117.06929451,32.57629643
7157044,2016,2016-01-22,3711,2016-01-09,2053,6186,NA,6,5,7,3711,0,0,0,NA,0,811,ADAMS AV,36TH ST,12,E,N,A,-,N,NA,NA,NA,NA,NA,NA,NA,NA,NA,Y,3,0,1,2,A,-,10,21950,A,N,G,B,B,A,H,-,C,D,0,Y,NA,NA,NA,Y,NA,-,NA,0,1,0,0,1,0,0,0,0,-,-,NA,NA,SAN DIEGO,SAN DIEGO,-117.1151411,32.76333
7157068,2016,2016-01-22,3711,2016-01-09,2146,3815,NA,6,5,7,3711,0,0,0,NA,0,314,MEADOW LARK DR,HUMMINGBIRD LN,0,NA,Y,A,-,N,NA,NA,NA,NA,NA,NA,NA,NA,NA,N,3,0,1,2,A,-,08,22107,NA,M,A,C,A,A,H,-,C,D,0,NA,NA,Y,NA,Y,Y,C,02,0,1,0,0,0,0,0,0,1,-,-,NA,NA,SAN DIEGO,SAN DIEGO,-117.15444011,32.79153002
7158459,2016,2016-01-27,3711,2016-01-17,1556,6176,NA,7,5,7,3711,0,0,0,NA,0,437,PARADISE VALLEY RD,POTOMAC ST,210,W,N,A,-,N,NA,NA,NA,NA,NA,NA,NA,NA,NA,N,4,0,1,2,A,-,08,22107,NA,M,G,B,E,A,H,-,A,D,0,Y,NA,NA,NA,Y,NA,-,NA,0,0,1,0,1,0,0,0,0,-,-,NA,NA,SAN DIEGO,SAN DIEGO,-117.04930971,32.68805318
7158479,2016,2016-01-27,3711,2016-01-15,1429,5990,SDPD,5,5,7,3711,0,0,0,NA,0,111,DOLIVA DR,DOLIVA DR 4700,0,NA,Y,A,-,N,NA,NA,NA,NA,NA,NA,NA,NA,NA,N,4,0,1,2,A,-,09,21801,A,N,B,C,A,A,H,-,A,D,0,NA,NA,NA,NA,Y,NA,A,01,0,0,1,0,0,0,0,0,0,-,-,NA,NA,SAN DIEGO,SAN DIEGO,-117.17571974,32.82943338
7158490,2016,2016-01-28,3711,2016-01-14,1743,6366,NA,4,5,7,3711,0,0,0,NA,0,311,MURPHY CANYON RD,AERO DR,438,S,N,B,-,N,NA,NA,NA,NA,NA,NA,NA,NA,NA,Y,4,0,1,2,A,-,09,21801,A,N,D,C,A,A,H,-,C,D,0,NA,NA,NA,NA,Y,NA,A,01,0,0,1,0,0,0,0,0,0,-,-,NA,NA,SAN DIEGO,SAN DIEGO,-117.11576202,32.8086539
7160808,2016,2016-01-21,3711,2016-01-07,1810,7353,SANDI,4,5,7,3711,0,0,0,NA,0,326,COLLWOOD BL,COLLWOOD BL 4300,106,S,N,B,C,N,NA,NA,NA,NA,NA,NA,NA,NA,NA,Y,4,0,1,2,A,-,08,22107,NA,N,C,E,A,B,H,-,C,D,0,NA,NA,NA,NA,Y,NA,-,NA,0,0,1,0,0,0,0,0,0,-,-,NA,NA,SAN DIEGO,SAN DIEGO,NA,NA
7162755,2015,2017-01-17,9645,2015-09-15,2500,18428,NA,2,4,7,3711,0,1,1,NA,2,011,RT 805,RT 8,200,S,N,C,-,Y,SD,11,805,-,-,17.09,H,-,N,Y,4,0,1,3,A,-,03,22350,NA,N,D,C,A,B,H,-,A,D,1,NA,NA,NA,NA,Y,NA,-,99,0,0,1,0,0,0,0,0,0,-,-,32.77179,-117.31996,SAN DIEGO,SAN DIEGO,-117.12773817,32.76463537