CASE_ID,ACCIDENT_YEAR,PROC_DATE,JURIS,COLLISION_DATE,COLLISION_TIME,OFFICER_ID,REPORTING_DISTRICT,DAY_OF_WEEK,CHP_SHIFT,POPULATION,CNTY_CITY_LOC,SPECIAL_COND,BEAT_TYPE,CHP_BEAT_TYPE,CITY_DIVISION_LAPD,CHP_BEAT_CLASS,BEAT_NUMBER,PRIMARY_RD,SECONDARY_RD,DISTANCE,DIRECTION,INTERSECTION,WEATHER_1,WEATHER_2,STATE_HWY_IND,CALTRANS_COUNTY,CALTRANS_DISTRICT,STATE_ROUTE,ROUTE_SUFFIX,POSTMILE_PREFIX,POSTMILE,LOCATION_TYPE,RAMP_INTERSECTION,SIDE_OF_HWY,TOW_AWAY,COLLISION_SEVERITY,NUMBER_KILLED,NUMBER_INJURED,PARTY_COUNT,PRIMARY_COLL_FACTOR,PCF_CODE_OF_VIOL,PCF_VIOL_CATEGORY,PCF_VIOLATION,PCF_VIOL_SUBSECTION,HIT_AND_RUN,TYPE_OF_COLLISION,MVIW,PED_ACTION,ROAD_SURFACE,ROAD_COND_1,ROAD_COND_2,LIGHTING,CONTROL_DEVICE,CHP_ROAD_TYPE,PEDESTRIAN_ACCIDENT,BICYCLE_ACCIDENT,MOTORCYCLE_ACCIDENT,TRUCK_ACCIDENT,NOT_PRIVATE_PROPERTY,ALCOHOL_INVOLVED,STWD_VEHTYPE_AT_FAULT,CHP_VEHTYPE_AT_FAULT,COUNT_SEVERE_INJ,COUNT_VISIBLE_INJ,COUNT_COMPLAINT_PAIN,COUNT_PED_KILLED,COUNT_PED_INJURED,COUNT_BICYCLIST_KILLED,COUNT_BICYCLIST_INJURED,COUNT_MC_KILLED,COUNT_MC_INJURED,PRIMARY_RAMP,SECONDARY_RAMP,LATITUDE,LONGITUDE,COUNTY,CITY,POINT_X,POINT_Y
8036051,2016,2016-05-04,3708,2016-03-21,1900,LM1248,NA,1,5,5,3708,0,0,0,NA,0,001,LA MESITA PL,JESSIE AV,406,W,N,A,-,N,NA,NA,NA,NA,NA,NA,NA,NA,NA,Y,3,0,1,2,A,-,01,23152,A,N,A,E,A,A,H,-,A,D,0,NA,NA,NA,NA,Y,Y,D,22,0,1,0,0,0,0,0,0,0,-,-,NA,NA,SAN DIEGO,LA MESA,-117.03889607,32.76689586
8037454,2016,2016-05-12,3711,2016-04-23,1515,6988,NA,6,5,7,3711,0,0,0,NA,0,615,CANON ST,WILLOW ST,100,W,N,A,-,N,NA,NA,NA,NA,NA,NA,NA,NA,NA,Y,4,0,1,4,A,-,08,22107,NA,N,B,C,A,A,H,-,A,D,0,NA,NA,NA,NA,Y,Y,-,NA,0,0,1,0,0,0,0,0,0,-,-,NA,NA,SAN DIEGO,SAN DIEGO,-117.2349572,32.7235967
8037507,2016,2016-05-11,3711,2016-04-15,0731,7453,NA,5,5,7,3711,0,0,0,NA,0,511,WABASH BL,SOUTH 32ND ST,240,N,N,B,-,N,NA,NA,NA,NA,NA,NA,NA,NA,NA,Y,4,0,1,3,A,-,07,21658,A,N,B,C,A,A,H,-,A,D,0,NA,NA,Y,NA,Y,NA,C,02,0,0,1,0,0,0,0,0,1,-,-,NA,NA,SAN DIEGO,SAN DIEGO,NA,NA
8039365,2016,2016-05-23,3700,2016-04-28,1700,SH0817,NA,4,5,5,3713,0,0,0,NA,0,313,SOUTH MELROSE DR,BREEZE HILL RD,100,S,N,A,-,N,NA,NA,NA,NA,NA,NA,NA,NA,NA,N,4,0,1,2,A,-,03,22350,NA,N,C,C,A,A,H,-,A,A,0,NA,NA,NA,NA,Y,NA,A,07,0,0,1,0,0,0,0,0,0,-,-,NA,NA,SAN DIEGO,VISTA,-117.25358756,33.18761837
8039437,2016,2016-05-20,3702,2016-04-15,1430,CV1091,NA,5,5,6,3702,0,0,0,NA,0,023,EAST ORANGE AV,MELROSE AV,0,NA,Y,A,-,N,NA,NA,NA,NA,NA,NA,NA,NA,NA,N,4,0,3,2,A,-,09,21801,A,N,D,C,A,A,H,-,A,A,0,NA,NA,NA,NA,Y,NA,A,01,0,0,3,0,0,0,0,0,0,-,-,NA,NA,SAN DIEGO,CHULA VISTA,-117.03896011,32.60470001
8040394,2016,2016-05-17,3700,2016-04-04,1938,SH0287,NA,1,5,5,3782,0,0,0,NA,0,206,LEUCADIA BL,GARDEN VIEW RD,195,W,N,A,-,N,NA,NA,NA,NA,NA,NA,NA,NA,NA,Y,4,0,1,3,A,-,03,22350,NA,N,C,C,A,A,H,-,C,D,0,NA,NA,NA,NA,Y,NA,A,01,0,0,1,0,0,0,0,0,0,-,-,NA,NA,SAN DIEGO,ENCINITAS,-117.26827456,33.06860349
8041855,2016,2016-05-31,3705,2016-04-21,1511,EC0295,NA,4,5,5,3705,0,0,0,NA,0,009,NORTH 2ND,EAST MAIN,771,N,N,A,-,N,NA,NA,NA,NA,NA,NA,NA,NA,NA,Y,4,0,1,2,A,-,03,22350,NA,N,C,C,A,A,H,-,A,D,0,NA,NA,NA,NA,Y,NA,A,01,0,0,1,0,0,0,0,0,0,-,-,NA,NA,SAN DIEGO,EL CAJON,-116.93575,32.79768145
8042603,2016,2016-05-17,3701,2016-04-25,1708,5485,44,1,5,5,3701,0,0,0,NA,0,005,EL CAMINO REAL,CANNON RD,28,S,N,A,-,N,NA,NA,NA,NA,NA,NA,NA,NA,NA,Y,4,0,2,3,A,-,03,22350,NA,N,C,C,A,A,H,-,A,A,0,NA,NA,NA,NA,Y,NA,A,01,0,0,2,0,0,0,0,0,0,-,-,33.14987,-117.29729,SAN DIEGO,CARLSBAD,-117.29756522,33.14943174
8042742,2016,2016-05-17,3709,2016-05-04,1106,458,NCPD,3,5,5,3709,0,0,0,NA,0,021,EAST DIVISION ST,PALM AV,0,NA,Y,A,-,N,NA,NA,NA,NA,NA,NA,NA,NA,NA,Y,4,0,1,3,A,-,03,22350,NA,F,A,C,A,A,H,-,A,A,0,NA,NA,NA,NA,Y,Y,-,NA,0,0,1,0,0,0,0,0,0,-,-,NA,NA,SAN DIEGO,NATIONAL CITY,-117.09404001,32.68706011
8043637,2016,2016-05-23,3708,2016-05-04,1552,LM1167,NA,3,5,5,3708,0,0,0,NA,0,002,LA MESA BL,ACACIA AV,212,W,N,A,-,N,NA,NA,NA,NA,NA,NA,NA,NA,NA,N,3,0,1,1,A,-,01,23152,A,F,E,I,A,A,B,-,A,D,0,NA,NA,NA,NA,Y,Y,A,07,0,1,0,0,0,0,0,0,0,-,-,NA,NA,SAN DIEGO,LA MESA,-117.02312938,32.76335068
8043695,2016,2017-02-10,3700,2016-01-20,2143,SH3368,NA,3,5,5,3781,0,0,0,NA,0,516,MISSION GORGE RD,RT 125,0,NA,Y,A,-,Y,SD,11,125,-,-,22.301,I,5,N,Y,3,0,1,1,B,-,22,NA,NA,N,E,I,A,A,H,-,C,A,0,NA,NA,NA,NA,Y,NA,A,01,0,1,0,0,0,0,0,0,0,-,-,NA,NA,SAN DIEGO,SANTEE,-117.00318111,32.8385981
8043719,2016,2016-05-24,3700,2016-01-02,2033,SH3095,NA,6,5,5,3781,0,0,0,NA,0,502,MAST BL,CARLTON HILLS BL,0,NA,Y,A,-,N,NA,NA,NA,NA,NA,NA,NA,NA,NA,Y,3,0,2,2,A,-,12,21453,A,N,D,C,A,A,H,-,C,A,0,NA,NA,NA,NA,Y,NA,A,01,0,1,1,0,0,0,0,0,0,-,-,NA,NA,SAN DIEGO,SANTEE,-116.99875,32.85190008
8045021,2016,2016-05-27,3706,2016-05-11,1815,342,ESCND,3,5,6,3706,0,0,0,NA,0,046,MISSION AV,MAYWOOD ST,0,NA,Y,A,-,N,NA,NA,NA,NA,NA,NA,NA,NA,NA,Y,4,0,1,2,A,-,09,21801,A,N,D,C,A,A,H,-,A,A,0,NA,NA,NA,NA,Y,NA,A,01,0,0,1,0,0,0,0,0,0,-,-,33.14574,-117.05487,SAN DIEGO,ESCONDIDO,-117.05514009,33.14545007
8045543,2016,2016-05-26,3701,2016-05-11,1934,5453,99,3,5,5,3701,0,0,0,NA,0,007,LA COSTA AV,PIRAEUOUS,21,W,N,A,-,N,NA,NA,NA,NA,NA,NA,NA,NA,NA,Y,4,0,1,3,A,-,12,21453,A,N,D,C,A,A,H,-,C,A,0,NA,NA,NA,NA,Y,Y,A,07,0,0,1,0,0,0,0,0,0,-,-,33.08559,-117.29484,SAN DIEGO,CARLSBAD,-117.29640303,33.08466775
8046371,2016,2016-05-23,3702,2016-04-29,2225,CV1061,NA,5,5,6,3702,0,0,0,NA,0,032,MOUNT MIGUEL,PROCTOR VALLEY RD,0,NA,Y,A,-,N,NA,NA,NA,NA,NA,NA,NA,NA,NA,Y,4,0,1,2,A,-,01,23152,A,N,D,C,A,A,H,-,C,A,0,NA,NA,NA,NA,Y,Y,A,01,0,0,1,0,0,0,0,0,0,-,-,NA,NA,SAN DIEGO,CHULA VISTA,-116.9971401,32.67201011
8047009,2016,2017-02-13,3710,2016-05-04,1630,OC1422,NA,3,5,6,3710,0,0,0,NA,0,022,RT 76,NORTH SANTA FE AV,100,W,N,A,-,Y,SD,11,76,-,R,6.7,H,-,W,N,3,0,2,1,A,-,03,22350,NA,N,E,I,A,A,D,-,A,A,0,NA,NA,NA,NA,Y,NA,A,01,0,1,1,0,0,0,0,0,0,-,-,NA,NA,SAN DIEGO,OCEANSIDE,-117.2819235,33.24598839
8047627,2016,2016-05-23,3711,2016-05-13,0910,6564,NA,5,5,7,3711,0,0,0,NA,0,441,IMPERIAL AV,MAIN OFFICE BLDG,10,W,N,A,-,N,NA,NA,NA,NA,NA,NA,NA,NA,NA,N,4,0,1,2,A,-,21,22106,NA,N,D,C,A,A,H,-,A,D,0,NA,NA,NA,NA,Y,NA,A,01,0,0,1,0,0,0,0,0,0,-,-,NA,NA,SAN DIEGO,SAN DIEGO,NA,NA
8049297,2016,2016-06-07,3711,2016-05-13,1352,7302,SD,5,5,7,3711,0,0,0,NA,0,838,EL CAJON BL,38TH ST,24,W,N,A,-,N,NA,NA,NA,NA,NA,NA,NA,NA,NA,N,4,0,2,2,A,-,09,21801,A,N,D,C,A,A,H,-,A,A,0,NA,NA,NA,NA,Y,NA,-,NA,0,0,2,0,0,0,0,0,0,-,-,NA,NA,SAN DIEGO,SAN DIEGO,-117.1115578,32.75526073
8049310,2016,2016-06-02,3711,2016-05-20,1248,6461,NA,5,5,7,3711,0,0,0,NA,0,115,GENESEE AV,ESPLANADE CT,208,N,N,A,-,N,NA,NA,NA,NA,NA,NA,NA,NA,NA,Y,4,0,1,2,A,-,03,22350,NA,N,C,C,A,A,H,-,A,A,0,NA,NA,NA,NA,Y,NA,-,NA,0,0,1,0,0,0,0,0,0,-,-,NA,NA,SAN DIEGO,SAN DIEGO,-117.21415775,32.87051982
8049315,2016,2017-02-18,3711,2016-05-17,1647,7286,NA,2,5,7,3711,0,0,0,NA,0,611,OLLIE ST,SPORTS ARENA BL,0,NA,Y,B,-,Y,SD,11,8,-,L,1.462,R,4,E,Y,3,0,1,2,A,-,08,22107,NA,N,D,C,A,A,H,-,A,D,0,NA,NA,NA,NA,Y,NA,-,NA,0,1,0,0,0,0,0,0,0,-,-,NA,NA,SAN DIEGO,SAN DIEGO,-117.21942901,32.75717298
8049926,2016,2016-06-08,3711,2016-05-27,1524,6986,NA,5,5,7,3711,0,0,0,NA,0,242,FLANDERS DR,CAMINO SANTA FE,0,NA,Y,A,-,N,NA,NA,NA,NA,NA,NA,NA,NA,NA,Y,3,0,1,2,A,-,12,21453,A,N,D,C,A,A,H,-,A,A,0,NA,NA,NA,NA,Y,NA,-,NA,0,1,0,0,0,0,0,0,0,-,-,NA,NA,SAN DIEGO,SAN DIEGO,-117.17106005,32.90504007
8051185,2016,2016-06-02,3710,2016-04-27,1825,OC1355,NA,3,5,6,3710,0,0,0,NA,0,026,RANCHO DEL RIO,TOURNAMENT,153,S,N,A,-,N,NA,NA,NA,NA,NA,NA,NA,NA,NA,Y,2,0,3,2,A,-,05,21651,B,N,D,C,A,A,H,-,A,D,0,NA,NA,NA,NA,Y,NA,A,01,1,1,1,0,0,0,0,0,0,-,-,NA,NA,SAN DIEGO,OCEANSIDE,-117.30909526,33.1865043
8052728,2016,2016-06-07,3700,2016-05-10,1733,SH0236,NA,2,5,5,3713,0,0,0,NA,0,308,COPPER AV,ANNS WY,58,S,N,A,-,N,NA,NA,NA,NA,NA,NA,NA,NA,NA,N,4,0,1,2,A,-,11,21950,B,N,A,B,E,A,H,-,A,D,0,Y,NA,NA,NA,Y,NA,N,60,0,0,1,0,1,0,0,0,0,-,-,NA,NA,SAN DIEGO,VISTA,-117.26123,33.1973111
8055261,2016,2016-06-09,3711,2016-05-31,1710,6063,NA,2,5,7,3711,0,0,0,NA,0,122,GARNET AV,GRESHAM,59,E,N,B,-,N,NA,NA,NA,NA,NA,NA,NA,NA,NA,N,3,0,1,2,A,-,08,22107,NA,N,B,G,A,A,H,-,A,D,0,NA,Y,NA,NA,Y,NA,-,NA,0,1,0,0,0,0,1,0,0,-,-,NA,NA,SAN DIEGO,SAN DIEGO,-117.2443364,32.79898565
8055267,2016,2016-06-08,3711,2016-05-28,1819,6994,NA,6,5,7,3711,0,0,0,NA,0,438,REO DR,TONAWANDA DR,108,N,N,A,-,N,NA,NA,NA,NA,NA,NA,NA,NA,NA,NA,3,0,1,1,A,-,03,22350,NA,N,F,A,A,A,H,-,A,A,0,NA,NA,NA,NA,Y,NA,-,NA,0,1,0,0,0,0,0,0,0,-,-,NA,NA,SAN DIEGO,SAN DIEGO,-117.06144497,32.66413936
8056067,2016,2016-06-09,3706,2016-05-27,1825,406,ESCON,5,5,6,3706,0,0,0,NA,0,045,WASHINGTON AV,QUINCE ST,30,W,N,A,-,N,NA,NA,NA,NA,NA,NA,NA,NA,NA,N,4,0,1,2,A,-,03,22350,NA,N,C,C,A,A,H,-,A,A,0,NA,NA,NA,NA,Y,NA,D,22,0,0,1,0,0,0,0,0,0,-,-,33.12453,-117.09189,SAN DIEGO,ESCONDIDO,-117.09205163,33.12441159
8057447,2016,2016-06-14,3711,2016-06-02,1000,7417,NA,4,5,7,3711,0,0,0,NA,0,111,STALMER ST,ANGELUCCI ST,52,E,N,A,-,N,NA,NA,NA,NA,NA,NA,NA,NA,NA,Y,4,0,1,2,A,-,08,22107,NA,N,-,C,A,A,H,-,A,D,0,NA,NA,NA,NA,Y,NA,-,NA,0,0,1,0,0,0,0,0,0,-,-,NA,NA,SAN DIEGO,SAN DIEGO,-117.15579136,32.80786312
8057986,2016,2016-07-22,3711,2016-07-10,1349,7322,SAN D,7,5,7,3711,0,0,0,NA,0,721,PALM,16TH ST,45,E,N,A,-,N,NA,NA,NA,NA,NA,NA,NA,NA,NA,N,4,0,2,2,A,-,04,21703,NA,N,C,C,A,A,H,-,A,A,0,NA,NA,NA,NA,Y,Y,-,NA,0,0,2,0,0,0,0,0,0,-,-,NA,NA,SAN DIEGO,SAN DIEGO,-117.09935441,32.58393942
8057988,2016,2016-07-25,3711,2016-07-09,1335,7322,3711,6,5,7,3711,0,0,0,NA,0,723,ORO VISTA RD,TOCAYO AV,147,N,N,A,-,N,NA,NA,NA,NA,NA,NA,NA,NA,NA,N,4,0,1,2,A,-,08,22107,NA,N,D,C,A,A,H,-,A,D,0,NA,NA,NA,NA,Y,NA,-,-,0,0,1,0,0,0,0,0,0,-,-,NA,NA,SAN DIEGO,SAN DIEGO,-117.07943,32.56568485
8058096,2016,2016-06-10,3705,2016-04-28,1715,EC0295,NA,4,5,5,3705,0,0,0,NA,0,009,JAMACHA RD,E WASHINGTON AV,0,NA,Y,A,-,N,NA,NA,NA,NA,NA,NA,NA,NA,NA,Y,2,0,1,2,A,-,09,21453,C,N,D,C,A,A,H,-,A,A,0,NA,NA,NA,NA,Y,NA,A,01,1,0,0,0,0,0,0,0,0,-,-,NA,NA,SAN DIEGO,EL CAJON,-116.92816004,32.78767011
8059129,2016,2016-06-21,3711,2016-05-29,0835,6774,NA,7,5,7,3711,0,0,0,NA,0,627,6TH AV,ROBINSON AV,71,S,N,B,-,N,NA,NA,NA,NA,NA,NA,NA,NA,NA,N,3,0,2,5,A,-,03,22350,NA,N,B,E,A,A,H,-,A,A,0,NA,NA,Y,NA,Y,NA,C,02,0,2,0,0,0,0,0,0,2,-,-,NA,NA,SAN DIEGO,SAN DIEGO,-117.15953,32.7467355
8059904,2016,2016-06-16,3700,2016-05-16,1625,SH2439,NA,1,5,5,3713,0,0,0,NA,0,308,EMERALD DR,WILDFLOWER CT,0,NA,Y,B,-,N,NA,NA,NA,NA,NA,NA,NA,NA,NA,Y,4,0,1,2,A,-,03,22350,NA,N,C,C,A,A,H,-,A,D,0,NA,NA,NA,NA,Y,NA,A,01,0,0,1,0,0,0,0,0,0,-,-,NA,NA,SAN DIEGO,VISTA,-117.27949007,33.19898001
8062895,2016,2016-09-29,3702,2016-09-12,0254,CV0952,NA,1,5,6,3702,0,0,0,NA,0,042,EAST PALOMAR ST,SANTA DELPHINA,249,W,N,B,-,N,NA,NA,NA,NA,NA,NA,NA,NA,NA,Y,3,0,1,1,A,-,01,23152,A,N,D,I,A,A,H,-,C,D,0,NA,NA,NA,NA,Y,Y,-,NA,0,1,0,0,0,0,0,0,0,-,-,NA,NA,SAN DIEGO,CHULA VISTA,-116.99049987,32.63260223
8063517,2016,2016-06-23,3705,2016-05-26,1216,EC0295,NA,4,5,5,3705,0,0,0,NA,0,006,EL CAJON BL,WILSON,0,NA,Y,A,-,N,NA,NA,NA,NA,NA,NA,NA,NA,NA,Y,4,0,1,2,A,-,09,21801,A,N,D,C,A,A,H,-,A,D,0,NA,NA,NA,NA,Y,NA,A,01,0,0,1,0,0,0,0,0,0,-,-,NA,NA,SAN DIEGO,EL CAJON,-116.97644008,32.78617002
8064592,2016,2016-06-21,3702,2016-05-16,1112,CV1031,NA,1,5,6,3702,0,0,0,NA,0,023,EAST ORANGE AV,LOMA LN,36,E,N,A,-,N,NA,NA,NA,NA,NA,NA,NA,NA,NA,Y,4,0,1,2,A,-,04,21703,NA,N,C,C,A,A,H,-,A,A,0,NA,NA,NA,NA,Y,NA,A,01,0,0,1,0,0,0,0,0,0,-,-,NA,NA,SAN DIEGO,CHULA VISTA,-117.04869403,32.60022932
8065160,2016,2016-06-20,3700,2016-05-31,1635,SH0424,NA,2,5,5,3712,0,0,0,NA,0,358,SOUTH RANCHO SANTA FE RD,SECURITY PL,0,NA,Y,B,-,N,NA,NA,NA,NA,NA,NA,NA,NA,NA,N,4,0,1,2,A,-,09,21801,A,N,D,C,A,A,H,-,A,D,0,NA,NA,NA,NA,Y,NA,A,01,0,0,1,0,0,0,0,0,0,-,-,NA,NA,SAN DIEGO,SAN MARCOS,-117.20647007,33.13429006
8065758,2016,2016-06-20,3709,2016-06-06,1512,474,3709,1,5,5,3709,0,0,0,NA,0,021,EAST 8TH ST,I AV,0,NA,Y,A,-,N,NA,NA,NA,NA,NA,NA,NA,NA,NA,N,3,0,4,5,A,-,10,21950,A,N,G,B,B,A,H,-,A,D,0,Y,NA,NA,NA,Y,NA,A,07,0,4,0,0,4,0,0,0,0,-,-,NA,NA,SAN DIEGO,NATIONAL CITY,-117.09771005,32.67839002
8066583,2016,2016-06-22,3700,2016-04-30,0024,SH7366,NA,6,5,4,3707,0,0,0,NA,0,703,PALM AV,CAROLINA ST,55,W,N,A,-,N,NA,NA,NA,NA,NA,NA,NA,NA,NA,Y,4,0,1,1,A,-,01,23152,B,N,E,J,A,A,H,-,C,D,0,NA,NA,NA,NA,Y,NA,A,01,0,0,1,0,0,0,0,0,0,-,-,NA,NA,SAN DIEGO,IMPERIAL BEACH,-117.11935795,32.58392
8067054,2016,2016-06-27,3711,2016-06-13,1909,5972,NA,1,5,7,3711,0,0,0,NA,0,712,COTTONWOOD RD,SEAWARD  AV,170,W,N,A,-,N,NA,NA,NA,NA,NA,NA,NA,NA,NA,N,4,0,1,2,A,-,08,22107,NA,N,B,C,A,A,H,-,B,D,0,NA,NA,NA,NA,Y,NA,A,01,0,0,1,0,0,0,0,0,0,-,-,NA,NA,SAN DIEGO,SAN DIEGO,-117.04797,32.55705
8067105,2016,2016-06-27,3711,2016-06-13,1829,8447,NA,1,5,7,3711,0,0,0,NA,0,722,PALM AV,SATURN BL,3,W,N,A,-,N,NA,NA,NA,NA,NA,NA,NA,NA,NA,N,4,0,1,2,A,-,08,22107,NA,M,G,B,B,A,A,-,A,A,0,Y,NA,NA,NA,Y,NA,-,NA,0,0,1,0,1,0,0,0,0,-,-,NA,NA,SAN DIEGO,SAN DIEGO,-117.09263971,32.58374
8068109,2016,2016-06-22,3711,2016-06-10,2323,6034,NA,5,5,7,3711,0,0,0,NA,0,834,UNIVERSITY AV,43RD ST,0,NA,Y,B,-,N,NA,NA,NA,NA,NA,NA,NA,NA,NA,Y,4,0,1,2,A,-,12,21453,A,N,D,C,A,A,H,-,C,A,0,NA,NA,NA,NA,Y,Y,A,07,0,0,1,0,0,0,0,0,0,-,-,NA,NA,SAN DIEGO,SAN DIEGO,-117.10202012,32.74962011
8069103,2016,2016-07-11,3711,2016-06-16,2040,7130,NA,4,5,7,3711,0,0,0,NA,0,826,EL CAJON BL,52ND ST,17,W,N,A,-,N,NA,NA,NA,NA,NA,NA,NA,NA,NA,N,4,0,1,2,A,-,10,21952,NA,N,G,B,B,A,H,-,C,A,0,Y,NA,NA,NA,Y,Y,-,NA,0,0,1,0,1,0,0,0,0,-,-,NA,NA,SAN DIEGO,SAN DIEGO,-117.08364436,32.75723237
8069169,2016,2016-07-07,3711,2016-06-15,1131,7363,NA,3,5,7,3711,0,0,0,NA,0,324,JACKSON DR,TWIN LAKE DR,0,NA,Y,A,-,N,NA,NA,NA,NA,NA,NA,NA,NA,NA,Y,4,0,2,2,A,-,12,22450,A,N,D,C,A,A,H,-,A,A,0,NA,NA,NA,NA,Y,NA,-,-,0,0,2,0,0,0,0,0,0,-,-,NA,NA,SAN DIEGO,SAN DIEGO,-117.03148011,32.79678007
8069411,2016,2016-06-29,3711,2016-06-18,0935,6040,NA,6,5,7,3711,0,0,0,NA,0,824,COLLWOOD BL,MONROE AV,0,NA,Y,A,-,N,NA,NA,NA,NA,NA,NA,NA,NA,NA,Y,3,0,2,2,A,-,09,21804,A,N,D,-,A,A,H,-,A,A,0,NA,NA,NA,NA,Y,NA,-,NA,0,1,1,0,0,0,0,0,0,-,-,NA,NA,SAN DIEGO,SAN DIEGO,-117.08065008,32.75989008
8069928,2016,2017-02-15,3701,2016-06-12,1630,5457,2,7,5,5,3701,0,0,0,NA,0,001,CARLSBAD VILLAGE DR,RT 5,69,W,N,A,-,Y,SD,11,5,-,R,50.014,R,4,S,N,4,0,2,3,A,-,03,22350,NA,N,C,C,A,A,H,-,A,A,0,NA,NA,Y,NA,Y,NA,A,01,0,0,2,0,0,0,0,0,0,-,WO,NA,NA,SAN DIEGO,CARLSBAD,-117.34171179,33.16185017
8070812,2016,2016-06-30,3702,2016-05-22,1727,CV1106,NA,7,5,6,3702,0,0,0,NA,0,024,BRANDYWINE AV,CONCORD WY,5,N,N,A,-,N,NA,NA,NA,NA,NA,NA,NA,NA,NA,Y,4,0,1,2,A,-,08,22107,NA,N,B,C,A,A,H,-,A,D,0,NA,NA,NA,NA,Y,NA,A,01,0,0,1,0,0,0,0,0,0,-,-,NA,NA,SAN DIEGO,CHULA VISTA,-117.02836884,32.60702992
8070813,2016,2016-07-15,3702,2016-05-27,1145,CV1164,NA,5,5,6,3702,0,0,0,NA,0,032,BONITA RD,ALLEN SCHOOL RD,0,NA,Y,A,-,N,NA,NA,NA,NA,NA,NA,NA,NA,NA,N,4,0,1,2,A,-,03,22350,NA,N,C,C,A,A,H,-,A,A,0,NA,NA,Y,NA,Y,NA,-,NA,0,0,1,0,0,0,0,0,1,-,-,NA,NA,SAN DIEGO,CHULA VISTA,-117.03657012,32.66050005
8070828,2016,2016-06-30,3702,2016-05-28,1600,CV1178,NA,6,5,6,3702,0,0,0,NA,0,024,MAIN ST,3RD AV,300,W,N,A,-,N,NA,NA,NA,NA,NA,NA,NA,NA,NA,Y,4,0,1,2,A,-,09,21800,B,N,A,C,A,A,H,-,A,D,0,NA,NA,Y,NA,Y,NA,A,01,0,0,1,0,0,0,0,0,1,-,-,NA,NA,SAN DIEGO,CHULA VISTA,-117.06548068,32.59477563
8070875,2016,2016-06-30,3702,2016-05-26,0214,CV1174,NA,4,5,6,3702,0,0,0,NA,0,022,4TH AV,PALOMAR ST,0,NA,Y,A,-,N,NA,NA,NA,NA,NA,NA,NA,NA,NA,Y,4,0,1,4,A,-,12,21453,A,N,D,C,A,A,H,-,C,A,0,NA,NA,NA,NA,Y,NA,A,01,0,0,1,0,0,0,0,0,0,-,-,NA,NA,SAN DIEGO,CHULA VISTA,-117.07050006,32.60565004
8070899,2016,2016-07-05,3708,2016-06-01,1609,IM1265,NA,3,5,5,3708,0,0,0,NA,0,002,LA MESA BL,GROSSMONT BL,0,NA,Y,A,-,N,NA,NA,NA,NA,NA,NA,NA,NA,NA,Y,3,0,2,2,A,-,12,21453,A,N,D,C,A,A,H,-,A,A,0,NA,NA,NA,NA,Y,NA,A,01,0,1,1,0,0,0,0,0,0,-,-,NA,NA,SAN DIEGO,LA MESA,-117.00514002,32.77346011
8073691,2016,2016-07-13,3710,2016-05-22,1506,OC1423,NA,7,5,6,3710,0,0,0,NA,0,011,BROOKS ST,COUNTRY CLUB LN,0,NA,Y,A,-,N,NA,NA,NA,NA,NA,NA,NA,NA,NA,Y,4,0,1,1,A,-,05,21650,NA,N,E,I,A,A,H,-,A,D,0,NA,NA,NA,NA,Y,NA,A,01,0,0,1,0,0,0,0,0,0,-,-,NA,NA,SAN DIEGO,OCEANSIDE,-117.36699522,33.19667679
8074886,2016,2016-07-12,3711,2016-06-23,1808,7334,NA,4,5,7,3711,0,0,0,NA,0,124,NEPTUNE PL,BONAIR ST,70,S,N,A,-,N,NA,NA,NA,NA,NA,NA,NA,NA,NA,N,3,0,1,2,A,-,-,NA,I,N,G,B,E,A,-,-,A,D,0,Y,NA,NA,NA,Y,NA,N,60,0,1,0,0,1,0,0,0,0,-,-,NA,NA,SAN DIEGO,SAN DIEGO,-117.28053848,32.82987712
8075163,2016,2016-08-01,3708,2016-07-05,1644,LM1167,NA,2,5,5,3708,0,0,0,NA,0,001,YALE AV,ORIEN AV,175,N,N,A,-,N,NA,NA,NA,NA,NA,NA,NA,NA,NA,Y,4,0,1,1,A,-,03,22350,NA,N,E,I,A,A,H,-,A,D,0,NA,NA,NA,NA,Y,NA,A,07,0,0,1,0,0,0,0,0,0,-,-,NA,NA,SAN DIEGO,LA MESA,-117.03849347,32.75099778
8075588,2016,2016-07-11,3711,2016-06-14,0821,HB3856,NA,2,5,7,3711,0,0,0,NA,0,550,FIRST AV,HARBOR DR,100,N,N,A,-,N,NA,NA,NA,NA,NA,NA,NA,NA,NA,N,4,0,1,2,A,-,03,22350,NA,N,C,C,A,A,H,-,A,A,0,NA,NA,NA,NA,Y,NA,D,22,0,0,1,0,0,0,0,0,0,-,-,NA,NA,SAN DIEGO,SAN DIEGO,-117.164073,32.709087
8075668,2016,2016-08-03,3711,2016-06-24,1620,7288,NA,5,5,7,3711,0,0,0,NA,0,725,CRYSTAL COVE,CRYSTAL COVE 1143,0,NA,-,A,-,N,NA,NA,NA,NA,NA,NA,NA,NA,NA,NA,3,0,1,2,A,-,17,21663,NA,F,G,B,F,A,H,-,A,D,0,Y,NA,NA,NA,Y,NA,-,NA,0,1,0,0,1,0,0,0,0,-,-,32.57815,-117.02027,SAN DIEGO,SAN DIEGO,-117.02075154,32.57808305
8076122,2016,2016-07-11,3711,2016-06-28,2206,4310,NA,2,5,7,3711,0,0,0,NA,0,113,SANTA FE ST,DAMON AV,26400,N,N,A,-,N,NA,NA,NA,NA,NA,NA,NA,NA,NA,Y,3,0,1,2,A,-,08,22107,NA,N,B,E,A,A,H,-,C,D,0,NA,NA,NA,NA,Y,Y,A,01,0,1,0,0,0,0,0,0,0,-,-,NA,NA,SAN DIEGO,SAN DIEGO,-117.23222,32.83409
8076620,2016,2016-07-07,3706,2016-06-26,0910,1603,EPD,7,5,6,3706,0,0,0,NA,0,056,VALLEY PKWY,EL NORTE PKWY,0,NA,Y,A,-,N,NA,NA,NA,NA,NA,NA,NA,NA,NA,Y,4,0,1,1,A,-,21,22106,NA,N,E,J,A,A,H,-,A,A,0,NA,NA,Y,NA,Y,NA,C,02,0,0,1,0,0,0,0,0,1,-,-,NA,NA,SAN DIEGO,ESCONDIDO,-117.03316006,33.14974008
8079453,2016,2016-07-13,3701,2016-06-16,1812,5291,2,4,5,5,3701,0,0,0,NA,0,001,CARLSBAD VILLAGE DR,HARDING ST,9,W,N,A,-,N,NA,NA,NA,NA,NA,NA,NA,NA,NA,N,4,0,1,2,A,-,10,21950,A,N,G,B,B,A,H,-,A,A,0,Y,NA,NA,NA,Y,NA,A,01,0,0,1,0,1,0,0,0,0,-,-,33.16191,-117.34473,SAN DIEGO,CARLSBAD,-117.34469387,33.16197568