CASE_ID,ACCIDENT_YEAR,PROC_DATE,JURIS,COLLISION_DATE,COLLISION_TIME,OFFICER_ID,REPORTING_DISTRICT,DAY_OF_WEEK,CHP_SHIFT,POPULATION,CNTY_CITY_LOC,SPECIAL_COND,BEAT_TYPE,CHP_BEAT_TYPE,CITY_DIVISION_LAPD,CHP_BEAT_CLASS,BEAT_NUMBER,PRIMARY_RD,SECONDARY_RD,DISTANCE,DIRECTION,INTERSECTION,WEATHER_1,WEATHER_2,STATE_HWY_IND,CALTRANS_COUNTY,CALTRANS_DISTRICT,STATE_ROUTE,ROUTE_SUFFIX,POSTMILE_PREFIX,POSTMILE,LOCATION_TYPE,RAMP_INTERSECTION,SIDE_OF_HWY,TOW_AWAY,COLLISION_SEVERITY,NUMBER_KILLED,NUMBER_INJURED,PARTY_COUNT,PRIMARY_COLL_FACTOR,PCF_CODE_OF_VIOL,PCF_VIOL_CATEGORY,PCF_VIOLATION,PCF_VIOL_SUBSECTION,HIT_AND_RUN,TYPE_OF_COLLISION,MVIW,PED_ACTION,ROAD_SURFACE,ROAD_COND_1,ROAD_COND_2,LIGHTING,CONTROL_DEVICE,CHP_ROAD_TYPE,PEDESTRIAN_ACCIDENT,BICYCLE_ACCIDENT,MOTORCYCLE_ACCIDENT,TRUCK_ACCIDENT,NOT_PRIVATE_PROPERTY,ALCOHOL_INVOLVED,STWD_VEHTYPE_AT_FAULT,CHP_VEHTYPE_AT_FAULT,COUNT_SEVERE_INJ,COUNT_VISIBLE_INJ,COUNT_COMPLAINT_PAIN,COUNT_PED_KILLED,COUNT_PED_INJURED,COUNT_BICYCLIST_KILLED,COUNT_BICYCLIST_INJURED,COUNT_MC_KILLED,COUNT_MC_INJURED,PRIMARY_RAMP,SECONDARY_RAMP,LATITUDE,LONGITUDE,COUNTY,CITY,POINT_X,POINT_Y
8151927,2016,2016-12-02,3711,2016-10-18,0756,7406,3711,2,5,7,3711,0,0,0,NA,0,122,FOOTHILL BL,VICKIE DR,26,W,N,A,-,N,NA,NA,NA,NA,NA,NA,NA,NA,NA,N,4,0,1,3,A,-,04,21703,NA,N,-,C,A,A,H,-,A,-,0,NA,NA,NA,NA,Y,NA,-,NA,0,0,1,0,0,0,0,0,0,-,-,NA,NA,SAN DIEGO,SAN DIEGO,-117.2481401,32.80996232
8151934,2016,2016-10-28,3711,2016-10-17,0719,5823,NA,1,5,7,3711,0,0,0,NA,0,722,HOLLISTER ST,LEON ST,150,S,N,B,-,N,NA,NA,NA,NA,NA,NA,NA,NA,NA,Y,4,0,1,2,A,-,08,21460,5,N,A,C,A,A,H,-,A,D,0,NA,NA,NA,NA,Y,NA,-,NA,0,0,1,0,0,0,0,0,0,-,-,NA,NA,SAN DIEGO,SAN DIEGO,-117.08407,32.56599913
8151945,2016,2016-10-27,3711,2016-10-08,2117,6553,NA,6,5,7,3711,0,0,0,NA,0,821,EL CAJON BL,ART ST,76,E,N,A,-,N,NA,NA,NA,NA,NA,NA,NA,NA,NA,Y,4,0,2,5,A,-,08,22107,NA,N,B,C,A,A,H,-,C,D,0,NA,NA,NA,NA,Y,NA,A,08,0,0,2,0,0,0,0,0,0,-,-,NA,NA,SAN DIEGO,SAN DIEGO,-117.06071355,32.76501523
81524988,2021,2021-07-21,3706,2021-07-08,2133,482,ESCON,4,5,6,3706,0,0,0,NA,0,041,BROADWAY,RINCON AV,45,S,N,A,-,N,NA,NA,NA,NA,NA,NA,NA,NA,NA,Y,4,0,2,3,A,-,03,22350,NA,F,C,C,A,A,H,-,C,A,0,NA,NA,NA,Y,Y,NA,F,26,0,0,2,0,0,0,0,0,0,-,-,33.160850524902344,-117.0927963256836,SAN DIEGO,ESCONDIDO,-117.09286499023438,33.16086959838867
81530310,2021,2021-07-28,3701,2021-07-16,1518,CB5545,066,5,5,5,3701,0,0,0,NA,0,002,CANNON RD,CAR COUNTRY DR,0,NA,Y,A,-,N,NA,NA,NA,NA,NA,NA,NA,NA,NA,N,3,0,4,2,A,-,12,21453,A,N,A,C,A,A,H,-,A,A,0,NA,NA,NA,NA,Y,NA,A,01,0,4,0,0,0,0,0,0,0,-,-,33.13589859008789,-117.32212829589844,SAN DIEGO,CARLSBAD,-117.3230438232422,33.135128021240234
81548535,2021,2021-08-19,3706,2021-08-07,1829,554,ESCON,6,5,6,3706,0,0,0,NA,0,055,09TH AV,PINE ST,101,W,N,A,-,N,NA,NA,NA,NA,NA,NA,NA,NA,NA,N,3,0,1,2,A,-,07,21658,A,N,C,C,A,A,H,-,A,D,0,NA,NA,Y,NA,Y,NA,C,02,0,1,0,0,0,0,0,0,1,-,-,33.111690521240234,-117.08199310302734,SAN DIEGO,ESCONDIDO,-117.082275,33.111514
8155453,2016,2016-11-01,3711,2016-10-20,0810,7057,NA,4,5,7,3711,0,0,0,NA,0,436,WOODMAN ST,MADRONE AV,15,N,N,A,-,N,NA,NA,NA,NA,NA,NA,NA,NA,NA,Y,3,0,1,2,A,-,09,21801,A,M,B,C,A,A,H,-,A,D,0,NA,NA,NA,NA,Y,NA,-,-,0,1,0,0,0,0,0,0,0,-,-,NA,NA,SAN DIEGO,SAN DIEGO,-117.05453795,32.70889105
81565839,2021,2021-09-09,3706,2021-08-28,1120,474,ESCON,6,5,6,3706,0,0,0,NA,0,056,CITRUS AV,PATTERSON RD,275,N,N,A,-,N,NA,NA,NA,NA,NA,NA,NA,NA,NA,Y,4,0,2,2,A,-,03,22350,NA,F,C,C,A,A,H,-,A,D,0,NA,NA,NA,NA,Y,NA,A,07,0,0,2,0,0,0,0,0,0,-,-,33.13296890258789,-117.03910064697266,SAN DIEGO,ESCONDIDO,-117.03949737548828,33.133697509765625
8142265,2016,2017-03-04,3703,2016-10-07,1445,1247,NA,5,5,3,3703,0,0,0,NA,0,003,RT 75,POMONA AV,0,NA,Y,A,-,Y,SD,11,75,-,-,18.42,H,-,N,N,3,0,1,1,C,-,18,NA,NA,N,E,J,A,A,H,-,A,A,0,NA,NA,NA,NA,Y,NA,-,-,0,1,0,0,0,0,0,0,0,-,-,NA,NA,SAN DIEGO,CORONADO,-117.17577427,32.67957304
8128684,2016,2016-09-29,3706,2016-09-16,1705,489,ESCON,5,5,6,3706,0,0,0,NA,0,042,MISSION AV,FIG ST,327,W,N,A,-,N,NA,NA,NA,NA,NA,NA,NA,NA,NA,Y,4,0,1,3,A,-,03,22350,NA,N,C,C,A,A,H,-,A,A,0,NA,NA,NA,NA,Y,NA,D,22,0,0,1,0,0,0,0,0,0,-,-,33.13292,-117.07733,SAN DIEGO,ESCONDIDO,-117.07824969,33.13255011
81566041,2021,2021-09-09,3701,2021-09-05,2238,CB5547,003,7,5,5,3701,0,0,0,NA,0,002,OAK AV,MADISON ST,122,E,N,A,-,N,NA,NA,NA,NA,NA,NA,NA,NA,NA,Y,3,0,1,2,A,-,01,23152,A,N,B,E,A,A,H,-,C,D,0,NA,NA,NA,NA,Y,Y,A,07,0,1,0,0,0,0,0,0,0,-,-,33.16059875488281,-117.34461975097656,SAN DIEGO,CARLSBAD,-117.34539031982422,33.159847259521484
8156884,2016,2017-03-04,3711,2016-10-17,1252,6774,NA,1,5,7,3711,0,0,0,NA,0,623,ULRIC ST,FRIARS RD,259,N,N,A,-,Y,SD,11,163,-,-,4.273,R,4,S,Y,3,0,2,2,A,-,09,21801,A,N,D,C,A,A,H,-,A,D,0,NA,NA,NA,NA,Y,NA,D,22,0,2,0,0,0,0,0,0,0,-,-,NA,NA,SAN DIEGO,SAN DIEGO,-117.16177593,32.77043255
81571506,2021,2021-09-16,3706,2021-09-03,1503,511,ESCON,5,5,6,3706,0,0,0,NA,0,046,CITRUS AV,WANEK RD,0,NA,Y,A,-,N,NA,NA,NA,NA,NA,NA,NA,NA,NA,N,3,0,3,3,A,-,09,21802,A,N,D,C,A,A,H,-,A,D,0,NA,NA,NA,NA,Y,NA,A,01,0,1,2,0,0,0,0,0,0,-,-,33.14418029785156,-117.04627227783205,SAN DIEGO,ESCONDIDO,-117.04631805419922,33.14415740966797
8157613,2016,2017-03-27,3703,2016-10-19,0845,1270,NA,3,5,3,3703,0,0,0,NA,0,003,SILVER STRAND BL,AVENIDA DEL SOL,81,S,N,A,-,Y,SD,11,75,-,-,18.39,H,-,N,Y,2,0,2,2,A,-,03,22350,NA,N,A,C,A,A,H,-,A,D,0,NA,NA,NA,NA,Y,NA,A,01,1,0,1,0,0,0,0,0,0,-,-,NA,NA,SAN DIEGO,CORONADO,-117.17551897,32.67920485
8157943,2016,2016-11-03,3700,2016-10-24,1424,SH7146,NA,1,5,5,3712,0,0,0,NA,0,355,SOUTH RANCHO SANTA FE RD,DESCANSO AV,362,S,N,A,-,N,NA,NA,NA,NA,NA,NA,NA,NA,NA,N,4,0,1,2,A,-,09,21801,A,N,D,C,A,A,H,-,A,D,0,NA,NA,NA,NA,Y,NA,A,07,0,0,1,0,0,0,0,0,0,-,-,NA,NA,SAN DIEGO,SAN MARCOS,-117.19940553,33.14810895
8159884,2016,2017-03-27,3703,2016-10-06,1407,1035,NA,4,5,3,3703,0,0,0,NA,0,001,4TH ST,WEST C AV,5,W,N,A,-,Y,SD,11,75,-,R,19.78,H,-,N,Y,4,0,1,2,A,-,03,22350,NA,N,C,C,A,A,H,-,A,A,0,NA,NA,Y,NA,Y,NA,C,02,0,0,1,0,0,0,0,0,1,-,-,NA,NA,SAN DIEGO,CORONADO,-117.173715,32.69399917
8160161,2016,2017-03-04,3700,2016-10-08,1220,SH2439,NA,6,5,5,3713,0,0,0,NA,0,312,EMERALD DR,RT 78,0,NA,Y,A,-,Y,SD,11,78,-,-,4.217,R,4,E,Y,4,0,1,2,D,-,00,NA,NA,N,D,C,A,A,H,-,A,A,0,NA,NA,NA,NA,Y,NA,-,-,0,0,1,0,0,0,0,0,0,-,-,NA,NA,SAN DIEGO,VISTA,-117.28206226,33.18662821
81616776,2021,2021-11-05,3706,2021-09-09,1526,450,ESCON,4,5,6,3706,0,0,0,NA,0,041,EL NORTE PY,IVY ST,182,E,N,A,-,N,NA,NA,NA,NA,NA,NA,NA,NA,NA,N,1,1,0,2,A,-,03,22350,NA,N,D,C,A,A,H,-,A,D,0,NA,NA,Y,NA,Y,NA,C,02,0,0,0,0,0,0,0,1,0,-,-,33.14067077636719,-117.08595275878906,SAN DIEGO,ESCONDIDO,-117.0852508544922,33.14103317260742
81619506,2021,2021-11-09,3706,2021-10-31,2132,530,ESCON,7,5,6,3706,0,0,0,NA,0,051,FELICITA AV,ESCONDIDO BL,239,E,N,A,-,N,NA,NA,NA,NA,NA,NA,NA,NA,NA,N,4,0,1,2,A,-,08,22107,NA,N,D,C,A,A,H,-,C,D,0,NA,NA,Y,NA,Y,NA,D,22,0,0,1,0,0,0,0,0,1,-,-,33.104408264160156,-117.07360076904295,SAN DIEGO,ESCONDIDO,-117.07242584228516,33.1049919128418
81619741,2021,2021-11-09,3701,2021-10-29,1300,CB5484,044,5,5,5,3701,0,0,0,NA,0,005,FARADAY AV,WHITMAN WY,1985,E,N,A,-,N,NA,NA,NA,NA,NA,NA,NA,NA,NA,Y,3,0,1,2,A,-,08,22107,NA,N,D,C,A,A,H,-,A,D,0,NA,NA,Y,Y,Y,NA,F,25,0,1,0,0,0,0,0,0,1,-,-,33.13861083984375,-117.3065185546875,SAN DIEGO,CARLSBAD,-117.30239868164063,33.134559631347656
81625345,2021,2021-11-16,3706,2021-11-02,0516,528,ESCON,2,5,6,3706,0,0,0,NA,0,046,EL NORTE PY,KAILE LN,0,NA,Y,A,-,N,NA,NA,NA,NA,NA,NA,NA,NA,NA,Y,3,0,1,2,A,-,12,21453,A,N,D,C,A,B,H,-,C,A,0,NA,NA,NA,NA,Y,NA,A,01,0,1,0,0,0,0,0,0,0,-,-,33.150108337402344,-117.03887939453124,SAN DIEGO,ESCONDIDO,-117.03897857666016,33.15008544921875
8164100,2016,2016-11-07,3711,2016-10-06,1929,4576,NA,4,5,7,3711,0,0,0,NA,0,116,MORENA BL,TICONDEROGA ST,94,N,N,A,-,N,NA,NA,NA,NA,NA,NA,NA,NA,NA,Y,2,0,1,2,A,-,03,22349,A,N,B,C,A,A,H,-,C,A,0,NA,NA,Y,NA,Y,Y,C,02,1,0,0,0,0,0,0,0,1,-,-,NA,NA,SAN DIEGO,SAN DIEGO,-117.21206184,32.80268796
8164422,2016,2016-11-08,3711,2016-10-28,0740,7488,NA,5,5,7,3711,0,0,0,NA,0,NA,SAN YSIDRO BL,EL PORVENIR WY,72,N,N,A,-,N,NA,NA,NA,NA,NA,NA,NA,NA,NA,N,4,0,1,2,A,-,11,21954,A,N,A,B,-,A,H,-,A,D,0,Y,NA,NA,NA,Y,NA,-,-,0,0,1,0,1,0,0,0,0,-,-,NA,NA,SAN DIEGO,SAN DIEGO,-117.0663095,32.56248565
8164473,2016,2016-11-08,3711,2016-10-28,0735,7546,NA,5,5,7,3711,0,0,0,NA,0,832,ORANGE AV,42ND ST,183,E,N,A,-,N,NA,NA,NA,NA,NA,NA,NA,NA,NA,Y,4,0,1,2,A,-,09,21804,A,N,D,C,A,A,H,-,A,D,0,NA,NA,NA,NA,Y,NA,A,01,0,0,1,0,0,0,0,0,0,-,-,NA,NA,SAN DIEGO,SAN DIEGO,-117.10448956,32.75320491
81645844,2021,2021-12-08,3706,2021-11-22,0915,450,ESCON,1,5,6,3706,0,0,0,NA,0,055,CITRACADO PY,ALEXANDER DR,25,E,N,A,-,N,NA,NA,NA,NA,NA,NA,NA,NA,NA,N,4,0,1,2,A,-,03,22350,NA,F,C,C,A,A,H,-,A,D,0,NA,NA,NA,NA,Y,NA,A,01,0,0,1,0,0,0,0,0,0,-,-,33.09135818481445,-117.07691955566406,SAN DIEGO,ESCONDIDO,-117.07684326171876,33.09139633178711
81647023,2021,2021-12-09,3706,2021-11-26,0226,556,ESCON,5,5,6,3706,0,0,0,NA,0,054,GRAND AV,OHIO AV,72,E,N,A,-,N,NA,NA,NA,NA,NA,NA,NA,NA,NA,Y,3,0,1,1,A,-,01,23152,A,N,E,I,A,A,H,-,C,D,0,NA,NA,NA,NA,Y,Y,D,22,0,1,0,0,0,0,0,0,0,-,-,33.127899169921875,-117.06362915039063,SAN DIEGO,ESCONDIDO,-117.06331634521484,33.128047943115234
81663060,2021,2021-12-28,3701,2021-12-05,0822,CB5568,034,7,5,5,3701,0,0,0,NA,0,003,TAMARACK AV,ADAMS ST,17,E,N,A,-,N,NA,NA,NA,NA,NA,NA,NA,NA,NA,Y,4,0,1,2,A,-,08,22107,NA,N,D,C,A,A,H,-,A,A,0,NA,NA,NA,NA,Y,NA,A,01,0,0,1,0,0,0,0,0,0,-,-,NA,NA,SAN DIEGO,CARLSBAD,-117.33395385742188,33.15327835083008
8167004,2016,2017-08-16,3702,2016-11-25,1151,CV1163,NA,5,5,6,3702,0,0,0,NA,0,041,OLYMPIC PKWY,HERITAGE RD,6336,W,N,A,-,N,NA,NA,NA,NA,NA,NA,NA,NA,NA,Y,1,1,3,2,A,-,01,23152,E,N,B,C,A,A,H,-,A,D,0,NA,NA,NA,NA,Y,NA,A,01,0,1,2,0,0,0,0,0,0,-,-,NA,NA,SAN DIEGO,CHULA VISTA,-117.02000761,32.60918379
8167041,2018,2018-03-08,3711,2018-01-01,0313,6372,NA,1,5,7,3711,0,0,0,NA,0,116,CLAIREMONT DR,BURGENER BL,207,E,N,B,-,N,NA,NA,NA,NA,NA,NA,NA,NA,NA,Y,1,1,0,3,A,-,08,22107,NA,F,B,E,A,A,H,-,C,D,0,NA,NA,NA,NA,Y,NA,D,22,0,0,0,0,0,0,0,0,0,-,-,NA,NA,SAN DIEGO,SAN DIEGO,-117.19373321533205,32.794795989990234
81671627,2021,2022-01-06,3706,2021-12-22,2225,466,ESCON,3,5,6,3706,0,0,0,NA,0,041,CENTRE CITY PY,COUNTRY CLUB LN,20,S,N,C,-,N,NA,NA,NA,NA,NA,NA,NA,NA,NA,N,4,0,2,2,A,-,04,21703,NA,N,C,C,A,B,H,-,C,A,0,NA,NA,NA,NA,Y,NA,A,01,0,0,2,0,0,0,0,0,0,-,-,33.158119201660156,-117.10189819335938,SAN DIEGO,ESCONDIDO,-117.10210418701172,33.158103942871094
81677006,2022,2022-01-13,3706,2022-01-05,1535,346,ESCON,3,5,6,3706,0,0,0,NA,0,056,VALLEY PY,EUREKA DR,20,W,N,A,-,N,NA,NA,NA,NA,NA,NA,NA,NA,NA,Y,4,0,1,2,C,-,18,NA,NA,N,C,C,A,A,H,-,A,A,0,NA,NA,NA,NA,Y,NA,-,-,0,0,1,0,0,0,0,0,0,-,-,33.15214157104492,-117.03227996826172,SAN DIEGO,ESCONDIDO,-117.03236389160156,33.152156829833984
8168102,2019,2019-10-15,3710,2019-08-10,1300,OC1185,NA,6,5,6,3710,0,0,0,NA,0,009,SOUTH COAST HWY,SHERRI LN,9,N,N,A,-,N,NA,NA,NA,NA,NA,NA,NA,NA,NA,Y,3,0,1,2,A,-,08,22107,NA,N,D,C,A,A,H,-,A,D,0,NA,NA,Y,NA,Y,NA,C,02,0,1,0,0,0,0,0,0,1,-,-,NA,NA,SAN DIEGO,OCEANSIDE,-117.36564636230467,33.17930221557617
8168155,2019,2019-10-29,3706,2019-09-15,1009,322,ESCON,7,5,6,3706,0,0,0,NA,0,055,FELICITA AV,REDWOOD ST,250,W,N,A,-,N,NA,NA,NA,NA,NA,NA,NA,NA,NA,Y,4,0,2,2,A,-,03,22350,NA,N,C,C,A,A,H,-,A,D,0,NA,NA,NA,NA,Y,NA,A,01,0,0,2,0,0,0,0,0,0,-,-,33.101871490478516,-117.0786590576172,SAN DIEGO,ESCONDIDO,-117.0793228149414,33.10149383544922
8169391,2016,2016-11-17,3709,2016-10-20,1736,437,3709,4,5,5,3709,0,0,0,NA,0,023,SWEETWATER RD,FAIRLOMAS RD,0,NA,Y,A,-,N,NA,NA,NA,NA,NA,NA,NA,NA,NA,Y,3,0,2,2,A,-,12,21453,A,N,B,C,A,A,H,-,B,A,0,NA,NA,NA,NA,Y,NA,A,01,0,1,1,0,0,0,0,0,0,-,-,NA,NA,SAN DIEGO,NATIONAL CITY,-117.06225009,32.6586201
8169701,2016,2016-11-16,3711,2016-11-01,2249,4310,NA,2,5,7,3711,0,0,0,NA,0,122,GRAND AV,DAWES ST,0,NA,Y,A,-,N,NA,NA,NA,NA,NA,NA,NA,NA,NA,Y,3,0,1,3,A,-,08,22107,NA,M,D,C,A,A,H,-,C,D,0,NA,NA,NA,NA,Y,Y,A,01,0,1,0,0,0,0,0,0,0,-,-,NA,NA,SAN DIEGO,SAN DIEGO,-117.24945,32.79593001
8169730,2016,2016-11-16,3711,2016-11-05,1540,6863,NA,6,5,7,3711,0,0,0,NA,0,323,WARING RD,NAVAJO RD,60,N,N,A,-,N,NA,NA,NA,NA,NA,NA,NA,NA,NA,N,4,0,1,1,A,-,03,22350,NA,N,E,I,A,A,H,-,A,D,0,NA,NA,Y,NA,Y,NA,C,02,0,0,1,0,0,0,0,0,1,-,-,NA,NA,SAN DIEGO,SAN DIEGO,-117.0679041,32.79387312
8169733,2016,2016-11-16,3711,2016-11-01,0825,4491,NA,2,5,7,3711,0,0,0,NA,0,627,UNIVERSITY,PARK BL,308,W,N,A,-,N,NA,NA,NA,NA,NA,NA,NA,NA,NA,Y,3,0,2,2,A,-,08,22102,NA,N,D,C,A,A,H,-,A,D,0,NA,NA,NA,NA,Y,NA,A,01,0,2,0,0,0,0,0,0,0,-,-,NA,NA,SAN DIEGO,SAN DIEGO,-117.14740708,32.74842
8169735,2016,2016-11-16,3711,2016-11-05,1325,7044,NA,6,5,7,3711,0,0,0,NA,0,622,NAPA ST,MORENA BL,90,S,N,A,-,N,NA,NA,NA,NA,NA,NA,NA,NA,NA,N,4,0,1,2,A,-,04,21703,NA,N,C,C,A,A,H,-,A,A,0,NA,NA,NA,NA,Y,NA,-,NA,0,0,1,0,0,0,0,0,0,-,-,NA,NA,SAN DIEGO,SAN DIEGO,-117.1981096,32.76568729
8170204,2016,2016-11-17,3701,2016-10-19,0614,5191,84,3,5,5,3701,0,0,0,NA,0,006,RANCHO BRAVADO,PASEO VALINDO,0,NA,Y,A,-,N,NA,NA,NA,NA,NA,NA,NA,NA,NA,Y,4,0,1,2,A,-,09,21801,A,N,D,C,A,A,H,-,C,D,0,NA,NA,NA,NA,Y,NA,A,01,0,0,1,0,0,0,0,0,0,-,-,33.12684,-117.23824,SAN DIEGO,CARLSBAD,-117.23827006,33.1268001
8170514,2016,2017-03-27,3700,2016-11-04,2108,SH0817,NA,5,5,5,3712,0,0,0,NA,0,355,NORTH LAS POSAS RD,RT 78,0,NA,Y,A,-,Y,SD,11,78,-,-,11.078,R,4,W,Y,4,0,2,2,A,-,12,21453,A,N,D,C,A,A,H,-,C,A,0,NA,NA,NA,NA,Y,NA,A,01,0,0,2,0,0,0,0,0,0,-,WO,NA,NA,SAN DIEGO,SAN MARCOS,-117.19252207,33.14534461
8170860,2016,2016-12-21,3711,2016-11-07,0930,4957,NA,1,5,7,3711,0,0,0,NA,0,234,RANCHO BERNARDO RD,VIA DEL CAMPO,46,W,N,A,-,N,NA,NA,NA,NA,NA,NA,NA,NA,NA,Y,3,0,2,2,A,-,12,21453,A,N,D,C,A,A,H,-,A,A,0,NA,NA,NA,NA,Y,NA,-,NA,0,2,0,0,0,0,0,0,0,-,-,NA,NA,SAN DIEGO,SAN DIEGO,-117.09579331,33.02230287
8170975,2016,2016-11-21,3706,2016-11-03,1213,1603,ESCON,4,5,6,3706,0,0,0,NA,0,055,9TH AV,TULIP ST,0,NA,Y,A,-,N,NA,NA,NA,NA,NA,NA,NA,NA,NA,Y,4,0,2,2,A,-,17,21451,A,N,D,C,A,A,H,-,A,A,0,NA,NA,NA,NA,Y,NA,A,07,0,0,2,0,0,0,0,0,0,-,-,33.10912,-117.08725,SAN DIEGO,ESCONDIDO,-117.08715013,33.10907012
8172088,2016,2016-12-01,3711,2016-11-12,1120,6999,SDPD,6,5,7,3711,0,0,0,NA,0,932,NORTH TORREY PINES RD,CARMEL VALLEY RD,7920,S,N,A,-,N,NA,NA,NA,NA,NA,NA,NA,NA,NA,N,3,0,3,3,A,-,09,21802,A,N,D,G,A,A,H,-,A,D,0,NA,Y,NA,NA,Y,NA,-,NA,0,2,1,0,0,0,2,0,0,-,-,NA,NA,SAN DIEGO,SAN DIEGO,-117.26123,32.93818
81726416,2022,2022-03-18,3701,2022-03-06,0906,CB5470,81,7,5,5,3701,0,0,0,NA,0,006,GATEWAY RD,ALICANTE RD,0,NA,Y,A,-,N,NA,NA,NA,NA,NA,NA,NA,NA,NA,Y,4,0,1,2,A,-,09,21804,A,N,D,C,A,A,H,-,A,D,0,NA,NA,NA,NA,Y,NA,A,01,0,0,1,0,0,0,0,0,0,-,-,33.127628326416016,-117.26178741455078,SAN DIEGO,CARLSBAD,-117.26180267333984,33.127586364746094
8172703,2016,2017-02-28,3708,2016-11-06,1450,LM1174,NA,7,5,5,3708,0,0,0,NA,0,002,LEMON AV,WOOD ST,252,W,N,A,-,N,NA,NA,NA,NA,NA,NA,NA,NA,NA,N,4,0,1,2,A,-,02,22400,A,N,C,C,A,A,H,-,A,D,0,NA,NA,NA,NA,Y,NA,D,23,0,0,1,0,0,0,0,0,0,-,-,NA,NA,SAN DIEGO,LA MESA,-117.00441686,32.76828771
8172726,2016,2016-12-02,3700,2016-11-16,1405,SH2439,NA,3,5,5,3713,0,0,0,NA,0,306,HILLSIDE TER,ARDYS PL,135,W,N,B,-,N,NA,NA,NA,NA,NA,NA,NA,NA,NA,Y,4,0,1,2,A,-,05,21650,NA,N,A,C,A,A,H,-,A,D,0,NA,NA,NA,NA,Y,NA,A,01,0,0,1,0,0,0,0,0,0,-,-,NA,NA,SAN DIEGO,VISTA,-117.23848331,33.20600637
81728508,2022,2022-03-22,3706,2022-02-25,1951,1883,ESCON,5,5,6,3706,0,0,0,NA,0,046,VALLEY PY,VALLE LINDO RD,130,N,N,A,-,N,NA,NA,NA,NA,NA,NA,NA,NA,NA,Y,3,0,1,1,A,-,03,22350,NA,N,E,I,A,A,H,-,C,D,0,NA,NA,NA,NA,Y,NA,A,01,0,1,0,0,0,0,0,0,0,-,-,33.1562614440918,-117.03141021728516,SAN DIEGO,ESCONDIDO,-117.03138732910156,33.157135009765625
81730376,2022,2022-03-24,3706,2022-03-16,1953,511,ESCON,3,5,6,3706,0,0,0,NA,0,051,VIA RANCHO PY,I-15 NB OFF RA,40,E,N,A,-,Y,NA,NA,NA,NA,NA,NA,NA,NA,NA,N,3,0,1,2,A,-,09,21453,B,N,D,C,A,A,H,-,C,A,0,NA,NA,NA,NA,Y,NA,D,22,0,1,0,0,0,0,0,0,0,-,-,33.0684700012207,-117.0685577392578,SAN DIEGO,ESCONDIDO,-117.06909942626952,33.069217681884766
81737892,2022,2022-03-31,3701,2022-03-27,1702,CB5579,001,7,5,5,3701,0,0,0,NA,0,001,CARLSBAD BL,OAK AV,0,NA,Y,A,-,N,NA,NA,NA,NA,NA,NA,NA,NA,NA,N,3,0,1,2,A,-,09,21801,A,N,D,G,A,A,H,-,A,D,0,NA,Y,NA,NA,Y,NA,-,-,0,1,0,0,0,0,1,0,0,-,-,33.156761169433594,-117.35076141357422,SAN DIEGO,CARLSBAD,-117.35076141357422,33.15675735473633
8173870,2016,2016-11-29,3706,2016-11-08,1524,223,ESCON,2,5,6,3706,0,0,0,NA,0,054,GRAND AV,ROSE ST,670,W,N,A,-,N,NA,NA,NA,NA,NA,NA,NA,NA,NA,Y,4,0,1,2,A,-,09,21804,A,N,D,C,A,A,H,-,A,D,0,NA,NA,NA,NA,Y,NA,A,01,0,0,1,0,0,0,0,0,0,-,-,33.13086,-117.05749,SAN DIEGO,ESCONDIDO,-117.05933473,33.12989715
8174034,2016,2016-11-23,3700,2016-10-02,0001,SH7236,NA,7,5,3,3783,0,0,0,NA,0,273,STEVENS AV,S  NARDO,120,S,N,A,-,N,NA,NA,NA,NA,NA,NA,NA,NA,NA,Y,3,0,1,5,A,-,01,23152,B,N,C,E,A,A,H,-,C,D,0,NA,NA,NA,NA,Y,Y,A,01,0,1,0,0,0,0,0,0,0,-,-,NA,NA,SAN DIEGO,SOLANA BEACH,-117.25982754,32.9848673
81751996,2022,2022-04-20,3701,2022-04-15,0830,CB5492,106,5,5,5,3701,0,0,0,NA,0,007,ALGA RD,CORINTIA ST,0,NA,Y,A,-,N,NA,NA,NA,NA,NA,NA,NA,NA,NA,Y,4,0,1,2,A,-,12,21453,A,N,D,C,A,A,H,-,A,A,0,NA,NA,NA,NA,Y,NA,A,01,0,0,1,0,0,0,0,0,0,-,-,33.10786819458008,-117.24503326416016,SAN DIEGO,CARLSBAD,-117.24517822265624,33.107994079589844
81757272,2022,2022-04-27,3706,2022-04-22,1441,474,ESCON,5,5,6,3706,0,0,0,NA,0,045,QUINCE ST,WASHINGTON AV,0,NA,Y,B,-,N,NA,NA,NA,NA,NA,NA,NA,NA,NA,Y,3,0,2,2,A,-,09,21801,A,N,A,C,A,A,H,-,A,A,0,NA,NA,NA,NA,Y,NA,A,07,0,2,0,0,0,0,0,0,0,-,-,33.1243782043457,-117.09195709228516,SAN DIEGO,ESCONDIDO,-117.09196472167967,33.12443542480469
8176146,2016,2016-11-29,3700,2016-10-13,1730,SH2076,NA,4,5,4,3780,0,0,0,NA,0,410,OLIVE MEADOWS DR,OLIVE MEADOWS PL,24,W,N,A,-,N,NA,NA,NA,NA,NA,NA,NA,NA,NA,Y,4,0,1,2,A,-,08,22107,NA,N,C,E,A,A,H,-,B,D,0,NA,NA,NA,NA,Y,NA,A,01,0,0,1,0,0,0,0,0,0,-,-,NA,NA,SAN DIEGO,POWAY,-117.04120294,32.96717675