CASE_ID,ACCIDENT_YEAR,PROC_DATE,JURIS,COLLISION_DATE,COLLISION_TIME,OFFICER_ID,REPORTING_DISTRICT,DAY_OF_WEEK,CHP_SHIFT,POPULATION,CNTY_CITY_LOC,SPECIAL_COND,BEAT_TYPE,CHP_BEAT_TYPE,CITY_DIVISION_LAPD,CHP_BEAT_CLASS,BEAT_NUMBER,PRIMARY_RD,SECONDARY_RD,DISTANCE,DIRECTION,INTERSECTION,WEATHER_1,WEATHER_2,STATE_HWY_IND,CALTRANS_COUNTY,CALTRANS_DISTRICT,STATE_ROUTE,ROUTE_SUFFIX,POSTMILE_PREFIX,POSTMILE,LOCATION_TYPE,RAMP_INTERSECTION,SIDE_OF_HWY,TOW_AWAY,COLLISION_SEVERITY,NUMBER_KILLED,NUMBER_INJURED,PARTY_COUNT,PRIMARY_COLL_FACTOR,PCF_CODE_OF_VIOL,PCF_VIOL_CATEGORY,PCF_VIOLATION,PCF_VIOL_SUBSECTION,HIT_AND_RUN,TYPE_OF_COLLISION,MVIW,PED_ACTION,ROAD_SURFACE,ROAD_COND_1,ROAD_COND_2,LIGHTING,CONTROL_DEVICE,CHP_ROAD_TYPE,PEDESTRIAN_ACCIDENT,BICYCLE_ACCIDENT,MOTORCYCLE_ACCIDENT,TRUCK_ACCIDENT,NOT_PRIVATE_PROPERTY,ALCOHOL_INVOLVED,STWD_VEHTYPE_AT_FAULT,CHP_VEHTYPE_AT_FAULT,COUNT_SEVERE_INJ,COUNT_VISIBLE_INJ,COUNT_COMPLAINT_PAIN,COUNT_PED_KILLED,COUNT_PED_INJURED,COUNT_BICYCLIST_KILLED,COUNT_BICYCLIST_INJURED,COUNT_MC_KILLED,COUNT_MC_INJURED,PRIMARY_RAMP,SECONDARY_RAMP,LATITUDE,LONGITUDE,COUNTY,CITY,POINT_X,POINT_Y
8564891,2018,2018-03-06,3706,2018-02-19,1310,322,ESCON,1,5,6,3706,0,0,0,NA,0,041,EL NORTE PKWY,ASH ST,0,NA,Y,A,-,N,NA,NA,NA,NA,NA,NA,NA,NA,NA,Y,3,0,2,3,A,-,12,21453,A,N,D,C,A,A,H,-,A,A,0,NA,NA,NA,NA,Y,NA,A,01,0,1,1,0,0,0,0,0,0,-,-,33.1439094543457,-117.07801818847656,SAN DIEGO,ESCONDIDO,-117.07803344726563,33.14387893676758
8564964,2018,2018-03-02,3706,2018-02-09,1230,380,ESCON,5,5,6,3706,0,0,0,NA,0,045,ROCK SPRINGS RD,MISSION AV,50,S,N,A,-,N,NA,NA,NA,NA,NA,NA,NA,NA,NA,N,4,0,1,2,A,-,03,22350,NA,F,C,C,A,A,H,-,A,A,0,NA,NA,NA,NA,Y,NA,A,08,0,0,1,0,0,0,0,0,0,-,-,33.12649917602539,-117.09739685058594,SAN DIEGO,ESCONDIDO,-117.0973892211914,33.126441955566406
8565623,2018,2018-03-09,3700,2018-01-25,1324,SH4791,NA,4,5,5,3782,0,0,0,NA,0,223,NORTH EL CAMINO REAL,GARDEN VIEW RD,0,NA,Y,A,-,N,NA,NA,NA,NA,NA,NA,NA,NA,NA,Y,3,0,2,2,A,-,03,22350,NA,N,C,C,A,A,H,-,A,A,0,NA,NA,NA,NA,Y,NA,A,01,0,1,1,0,0,0,0,0,0,-,-,NA,NA,SAN DIEGO,ENCINITAS,-117.2628173828125,33.058528900146484
8571064,2018,2018-06-28,3711,2018-02-22,1732,6621,SD,4,5,7,3711,0,0,0,NA,0,111,MESA COLLEGE DR,ASHFORD,15,W,N,A,-,N,NA,NA,NA,NA,NA,NA,NA,NA,NA,N,4,0,1,2,A,-,04,21703,NA,N,C,C,A,A,H,-,C,A,0,NA,NA,NA,NA,Y,NA,A,01,0,0,1,0,0,0,0,0,0,-,-,NA,NA,SAN DIEGO,SAN DIEGO,-117.15966033935548,32.801429748535156
8571450,2018,2018-03-14,3711,2018-02-25,0110,8332,NA,7,5,7,3711,0,0,0,NA,0,526,1ST ST,WEST CEDAR ST,173,S,N,A,-,N,NA,NA,NA,NA,NA,NA,NA,NA,NA,N,4,0,1,2,A,-,08,22107,NA,N,B,C,A,A,H,-,C,D,0,NA,NA,NA,NA,Y,NA,A,01,0,0,1,0,0,0,0,0,0,-,-,NA,NA,SAN DIEGO,SAN DIEGO,-117.1638412475586,32.721534729003906
8571454,2018,2018-03-14,3711,2018-02-24,1649,7453,NA,6,5,7,3711,0,0,0,NA,0,841,UNIVERSITY AV,ROLANDO BL,0,NA,Y,A,-,N,NA,NA,NA,NA,NA,NA,NA,NA,NA,Y,4,0,2,2,A,-,12,21453,A,N,A,C,A,A,H,-,A,A,0,NA,NA,NA,NA,Y,NA,A,01,0,0,2,0,0,0,0,0,0,-,-,NA,NA,SAN DIEGO,SAN DIEGO,-117.05831909179688,32.75468063354492
8572266,2018,2018-03-15,3706,2018-02-19,1126,441,ESCON,1,5,6,3706,0,0,0,NA,0,051,CENTRE CITY PKWY,RT 15,600,N,N,A,-,N,NA,NA,NA,NA,NA,NA,NA,NA,NA,Y,3,0,2,2,A,-,08,22107,NA,N,D,C,A,A,H,-,A,D,0,NA,NA,NA,NA,Y,NA,A,01,0,1,1,0,0,0,0,0,0,-,-,33.08074188232422,-117.07215881347656,SAN DIEGO,ESCONDIDO,-117.07152557373048,33.08240509033203
8574199,2018,2018-03-19,3701,2018-02-25,1239,CB5514,NA,7,5,5,3701,0,0,0,NA,0,006,PALOMAR AIRPORT RD,EL CAMINO REAL,392,W,N,A,-,N,NA,NA,NA,NA,NA,NA,NA,NA,NA,N,3,0,1,2,B,-,22,NA,NA,N,G,B,D,A,H,-,A,D,0,Y,NA,NA,NA,Y,NA,A,01,0,1,0,0,1,0,0,0,0,-,-,NA,NA,SAN DIEGO,CARLSBAD,-117.26817321777344,33.12933349609375
8574243,2018,2018-03-15,3711,2018-02-20,1315,HB4132,NA,2,5,7,3711,0,0,0,NA,0,903,NORTH HARBOR DR,AIRPORT TERMINAL RD,0,NA,-,A,-,N,NA,NA,NA,NA,NA,NA,NA,NA,NA,N,4,0,1,2,A,-,15,26451,NA,N,G,B,E,A,H,-,A,D,0,Y,NA,NA,NA,Y,NA,A,01,0,0,1,0,1,0,0,0,0,-,-,NA,NA,SAN DIEGO,SAN DIEGO,-117.20459819,32.72947777
8576030,2018,2018-03-19,3711,2018-03-05,0806,7371,SD,1,5,7,3711,0,0,0,NA,0,826,EL CAJON BL,52ND ST,0,NA,Y,A,-,N,NA,NA,NA,NA,NA,NA,NA,NA,NA,N,4,0,2,3,A,-,04,21703,NA,N,C,C,A,A,H,-,A,A,0,NA,NA,NA,NA,Y,NA,A,01,0,0,2,0,0,0,0,0,0,-,-,NA,NA,SAN DIEGO,SAN DIEGO,-117.08358764648438,32.757240295410156
8580023,2018,2018-03-21,3700,2018-03-02,2028,SH0320,NA,5,5,5,3713,0,0,0,NA,0,310,VISTA VILLAGE DR,EAST VISTA WY,0,NA,Y,A,-,N,NA,NA,NA,NA,NA,NA,NA,NA,NA,Y,3,0,1,2,A,-,01,23152,A,N,D,C,A,A,H,-,C,A,0,NA,NA,NA,NA,Y,Y,A,07,0,1,0,0,0,0,0,0,0,-,-,NA,NA,SAN DIEGO,VISTA,-117.23712921142578,33.20532989501953
8581558,2018,2018-03-29,3706,2018-03-12,1557,486,ESCON,1,5,6,3706,0,0,0,NA,0,055,FELICITA AV,QUINCE ST,144,E,N,A,-,N,NA,NA,NA,NA,NA,NA,NA,NA,NA,Y,4,0,2,2,A,-,09,21801,A,N,D,C,A,A,H,-,A,D,0,NA,NA,NA,NA,Y,NA,A,01,0,0,2,0,0,0,0,0,0,-,-,33.10261154174805,-117.07714080810548,SAN DIEGO,ESCONDIDO,-117.07673645019533,33.1027946472168
8582442,2018,2018-04-16,3711,2018-03-19,1311,5522,NA,1,5,7,3711,0,0,0,NA,0,311,MURPHY CANYON RD,AERO DR,2,N,N,A,-,N,NA,NA,NA,NA,NA,NA,NA,NA,NA,Y,4,0,2,3,B,-,22,NA,NA,N,D,C,A,A,H,-,A,A,0,NA,NA,NA,NA,Y,NA,A,01,0,0,2,0,0,0,0,0,0,-,-,NA,NA,SAN DIEGO,SAN DIEGO,-117.11664581298828,32.80959701538086
8582469,2018,2018-04-09,3711,2018-03-17,1400,7245,NA,6,5,7,3711,0,0,0,NA,0,531,PRESIDENTS WY,PRESIDENTS WY 1800,0,NA,-,A,-,N,NA,NA,NA,NA,NA,NA,NA,NA,NA,Y,4,0,2,3,A,-,08,22107,NA,M,C,C,A,A,H,-,A,D,0,NA,NA,NA,NA,Y,NA,-,99,0,0,2,0,0,0,0,0,0,-,-,NA,NA,SAN DIEGO,SAN DIEGO,-117.15045691,32.725531
8582999,2018,2018-03-28,3711,2018-03-13,1504,7322,NA,2,5,7,3711,0,0,0,NA,0,432,DIVISION ST,VALENCIA PKWY,400,W,N,B,-,N,NA,NA,NA,NA,NA,NA,NA,NA,NA,N,4,0,1,2,A,-,04,21703,NA,N,C,C,A,A,H,-,A,D,0,NA,NA,NA,NA,Y,NA,-,NA,0,0,1,0,0,0,0,0,0,-,-,NA,NA,SAN DIEGO,SAN DIEGO,-117.0714111328125,32.69337463378906
8583757,2018,2018-07-30,3709,2018-03-21,1458,NC0458,NA,3,5,5,3709,0,0,0,NA,0,024,MILE OF CARS WY,RT 5,60,E,N,A,-,Y,SD,11,5,-,R,10.244,R,4,N,N,4,0,1,4,A,-,04,21703,NA,N,C,C,A,A,H,-,A,A,0,NA,NA,NA,NA,Y,NA,D,22,0,0,1,0,0,0,0,0,0,-,-,NA,NA,SAN DIEGO,NATIONAL CITY,-117.1089324951172,32.66276931762695
8584212,2018,2018-03-29,3711,2018-03-14,1431,6146,NA,3,5,7,3711,0,0,0,NA,0,114,LONGFORD ST,CLAIREMONT MESA BL,0,NA,Y,A,-,N,NA,NA,NA,NA,NA,NA,NA,NA,NA,Y,3,0,3,3,A,-,12,21453,A,M,D,C,A,A,H,-,A,A,0,NA,NA,NA,NA,Y,NA,D,22,0,2,1,0,0,0,0,0,0,-,-,NA,NA,SAN DIEGO,SAN DIEGO,-117.18270111083984,32.83449935913086
8584331,2018,2018-04-02,3701,2018-03-06,1349,CB5288,NA,2,5,5,3701,0,0,0,NA,0,005,EL CAMINIO REAL,CANNON RD,61,S,N,A,-,N,NA,NA,NA,NA,NA,NA,NA,NA,NA,Y,4,0,1,2,A,-,01,23152,F,N,C,C,A,A,H,-,A,A,0,NA,NA,NA,NA,Y,NA,A,08,0,0,1,0,0,0,0,0,0,-,-,NA,NA,SAN DIEGO,CARLSBAD,-117.29746246337892,33.14939880371094
8584688,2018,2018-04-05,3700,2018-03-12,1639,SH7275,NA,1,5,5,3713,0,0,0,NA,0,304,NORTH AV,MARYLAND DR,180,E,N,A,-,N,NA,NA,NA,NA,NA,NA,NA,NA,NA,Y,4,0,2,2,A,-,05,21651,A,N,D,D,A,-,A,H,A,A,0,NA,NA,NA,NA,Y,NA,D,22,0,0,2,0,0,0,0,0,0,-,-,NA,NA,SAN DIEGO,VISTA,-117.25726318359376,33.21559143066406
8584792,2018,2018-04-03,3700,2018-03-14,2134,SH7275,NA,3,5,5,3713,0,0,0,NA,0,312,HACIENDA DR,SOUTH MELROSE DR,0,NA,Y,A,-,N,NA,NA,NA,NA,NA,NA,NA,NA,NA,Y,4,0,1,2,D,-,00,NA,NA,N,D,D,A,A,H,-,C,A,0,NA,NA,NA,NA,Y,NA,-,-,0,0,1,0,0,0,0,0,0,-,-,NA,NA,SAN DIEGO,VISTA,-117.2536163330078,33.19369888305664
8586897,2018,2018-04-16,3711,2018-03-28,1205,4691,NA,3,5,7,3711,0,0,0,NA,0,242,CAM RUIZ,MIRA MESA BL,1056,N,N,A,-,N,NA,NA,NA,NA,NA,NA,NA,NA,NA,Y,3,0,1,2,A,-,09,21804,A,N,D,C,A,A,H,-,A,D,0,NA,NA,NA,NA,Y,NA,-,NA,0,1,0,0,0,0,0,0,0,-,-,NA,NA,SAN DIEGO,SAN DIEGO,-117.14383721,32.9157258
8587035,2018,2018-04-17,3705,2018-03-05,2150,EC0359,NA,1,5,5,3705,0,0,0,NA,0,001,EL CAJON BL,WASHINGTON AV,353,S,N,A,-,N,NA,NA,NA,NA,NA,NA,NA,NA,NA,Y,4,0,1,2,A,-,08,22107,NA,N,B,C,A,A,H,-,C,D,0,NA,NA,NA,NA,Y,NA,A,07,0,0,1,0,0,0,0,0,0,-,-,NA,NA,SAN DIEGO,EL CAJON,-116.97547912597656,32.78699493408203
8587275,2018,2018-04-17,3711,2018-03-24,1356,4849,NA,6,5,7,3711,0,0,0,NA,0,528,DATE ST,COLUMBIA ST,0,E,N,A,-,N,NA,NA,NA,NA,NA,NA,NA,NA,NA,N,4,0,1,2,A,-,11,21954,A,N,G,B,E,A,H,-,A,D,0,Y,NA,NA,NA,Y,NA,N,60,0,0,1,0,1,0,0,0,0,-,-,NA,NA,SAN DIEGO,SAN DIEGO,-117.16741180419922,32.72296905517578
8587824,2018,2018-05-09,3702,2018-04-16,1140,CV0923,NA,1,5,6,3702,0,0,0,NA,0,031,TELEGRAPH CANYON RD,PASEO RANCHERO,0,NA,Y,A,-,N,NA,NA,NA,NA,NA,NA,NA,NA,NA,Y,4,0,1,2,A,-,09,21453,C,N,D,C,A,A,H,-,A,A,0,NA,NA,NA,NA,Y,NA,A,01,0,0,1,0,0,0,0,0,0,-,-,NA,NA,SAN DIEGO,CHULA VISTA,-117.00821685791016,32.625579833984375
8588258,2018,2018-04-02,3705,2018-01-26,0749,EC0219,NA,5,5,5,3705,0,0,0,NA,0,003,GREENFIELD DR,VIA LOMA VISTA,174,W,N,A,-,N,NA,NA,NA,NA,NA,NA,NA,NA,NA,Y,4,0,2,2,A,-,08,22107,NA,N,A,C,A,A,H,-,A,D,0,NA,NA,NA,Y,Y,NA,A,01,0,0,2,0,0,0,0,0,0,-,-,NA,NA,SAN DIEGO,EL CAJON,-116.9157943725586,32.811283111572266
8589052,2018,2018-04-11,3711,2018-03-15,1806,7690,NA,4,5,7,3711,0,0,0,NA,0,712,CAMINO DE LA PLAZA,VIRGINIA AV,459,N,N,A,-,N,NA,NA,NA,NA,NA,NA,NA,NA,NA,Y,3,0,2,2,A,-,09,21801,NA,N,D,C,A,A,H,-,A,A,0,NA,NA,NA,NA,Y,NA,-,NA,0,1,1,0,0,0,0,0,0,-,-,NA,NA,SAN DIEGO,SAN DIEGO,-117.03754425048828,32.54481887817383
8589119,2018,2018-04-30,3711,2018-03-11,1721,5939,NA,7,5,7,3711,0,0,0,NA,0,242,MIRA MESA BL,BLACK MOUNTAIN RD,270,E,-,A,-,N,NA,NA,NA,NA,NA,NA,NA,NA,NA,N,4,0,1,2,D,-,00,NA,NA,N,-,-,A,A,H,-,A,-,0,NA,Y,NA,NA,Y,NA,-,-,0,0,1,0,0,0,1,0,0,-,-,NA,NA,SAN DIEGO,SAN DIEGO,-117.12401580810548,32.917240142822266
8591251,2018,2018-04-10,3702,2018-03-01,1400,CV0506,NA,4,5,6,3702,0,0,0,NA,0,031,PASEO RANCHERO,EAST J ST,0,NA,Y,A,-,N,NA,NA,NA,NA,NA,NA,NA,NA,NA,Y,4,0,1,2,D,-,00,NA,NA,N,D,C,A,A,H,-,A,A,0,NA,NA,NA,NA,Y,NA,-,-,0,0,1,0,0,0,0,0,0,-,-,NA,NA,SAN DIEGO,CHULA VISTA,-117.01001739501952,32.63024139404297
8592142,2018,2018-04-19,3711,2018-03-30,0805,7593,713,5,5,7,3711,0,0,0,NA,0,713,OTAY MESA RD,OTAY MESA RD 8300,28,S,N,A,-,N,NA,NA,NA,NA,NA,NA,NA,NA,NA,Y,4,0,1,2,A,-,12,21453,A,N,D,C,A,A,H,-,A,A,0,NA,NA,NA,NA,Y,NA,A,01,0,0,1,0,0,0,0,0,0,-,-,NA,NA,SAN DIEGO,SAN DIEGO,NA,NA
8592150,2018,2018-04-19,3711,2018-03-22,1246,7628,NA,4,5,7,3711,0,0,0,NA,0,NA,BALBOA AV,GENESEE AV,300,W,N,B,-,N,NA,NA,NA,NA,NA,NA,NA,NA,NA,Y,4,0,1,2,A,-,04,21703,NA,N,C,C,A,A,H,-,A,A,0,NA,NA,NA,NA,Y,NA,-,NA,0,0,1,0,0,0,0,0,0,-,-,NA,NA,SAN DIEGO,SAN DIEGO,-117.18291473388672,32.81904983520508
8592158,2018,2018-04-20,3711,2018-03-30,0833,7720,NA,5,5,7,3711,0,0,0,NA,0,113,CLAIREMONT MESA BL,POCAHONTAS AV,15,E,N,A,-,N,NA,NA,NA,NA,NA,NA,NA,NA,NA,Y,4,0,1,2,A,-,09,21804,A,N,D,C,A,A,H,-,A,D,0,NA,NA,NA,NA,Y,NA,-,NA,0,0,1,0,0,0,0,0,0,-,-,NA,NA,SAN DIEGO,SAN DIEGO,-117.20874786376952,32.827720642089844
8594208,2018,2018-04-19,3711,2018-04-04,1813,7340,SD,3,5,7,3711,0,0,0,NA,0,826,53RD ST,TROJAN AV,5,S,N,A,-,N,NA,NA,NA,NA,NA,NA,NA,NA,NA,Y,4,0,3,2,A,-,03,22350,NA,N,D,C,A,A,H,-,A,D,0,NA,NA,NA,NA,Y,NA,A,01,0,0,3,0,0,0,0,0,0,-,-,NA,NA,SAN DIEGO,SAN DIEGO,-117.0814208984375,32.7548713684082
8594240,2018,2018-04-19,3711,2018-04-01,1718,5679,NA,7,5,7,3711,0,0,0,NA,0,235,SAN PASQUAL RD,SUNSET HILLS,60,E,N,A,-,N,NA,NA,NA,NA,NA,NA,NA,NA,NA,Y,4,0,1,1,A,-,08,22107,NA,N,E,I,A,A,H,-,A,D,0,NA,NA,NA,NA,Y,NA,A,01,0,0,1,0,0,0,0,0,0,-,-,NA,NA,SAN DIEGO,SAN DIEGO,-117.03498840332033,33.076805114746094
8594361,2018,2018-04-20,3711,2018-04-07,1139,6632,MC1,6,5,7,3711,0,0,0,NA,0,813,UNIVERSITY AV,32ND ST,30,E,N,B,-,N,NA,NA,NA,NA,NA,NA,NA,NA,NA,Y,4,0,1,3,A,-,09,21801,A,N,D,C,A,A,H,-,A,A,0,NA,NA,NA,NA,Y,NA,-,NA,0,0,1,0,0,0,0,0,0,-,-,NA,NA,SAN DIEGO,SAN DIEGO,-117.12511444091795,32.74850082397461
8594389,2018,2018-04-20,3711,2018-04-08,1200,7516,SANDI,7,5,7,3711,0,0,0,NA,0,523,J ST,J ST 600,0,NA,N,A,-,N,NA,NA,NA,NA,NA,NA,NA,NA,NA,N,4,0,1,2,D,-,00,NA,NA,M,G,B,B,-,G,-,A,A,0,Y,NA,NA,NA,Y,NA,-,-,0,0,1,0,1,0,0,0,0,-,-,NA,NA,SAN DIEGO,SAN DIEGO,-117.15920627,32.70940065
8595405,2018,2018-04-26,3711,2018-04-01,1802,5972,NA,7,5,7,3711,0,0,0,NA,0,613,NIMITZ BL,ATASCADERO DR,72,S,N,A,-,N,NA,NA,NA,NA,NA,NA,NA,NA,NA,Y,2,0,2,1,A,-,03,22350,NA,N,E,I,A,A,H,-,B,D,0,NA,NA,Y,NA,Y,Y,C,02,1,0,1,0,0,0,0,0,2,-,-,NA,NA,SAN DIEGO,SAN DIEGO,-117.23152160644533,32.73925018310547
8595934,2018,2018-04-13,3710,2018-03-14,1600,OC1431,024,3,5,6,3710,0,0,0,NA,0,006,EL CAMINIO REAL,MISSION AV,0,NA,N,A,-,N,NA,NA,NA,NA,NA,NA,NA,NA,NA,Y,4,0,1,2,A,-,09,21801,A,N,D,C,A,A,H,-,A,D,0,NA,NA,NA,NA,Y,NA,A,01,0,0,1,0,0,0,0,0,0,-,-,NA,NA,SAN DIEGO,OCEANSIDE,-117.33101654052734,33.225860595703125
8596079,2018,2018-05-08,3706,2018-03-23,1028,483,ESCON,5,5,6,3706,0,0,0,NA,0,042,BROADWAY,PENNSYLVANIA AV,0,NA,Y,A,-,N,NA,NA,NA,NA,NA,NA,NA,NA,NA,N,3,0,1,2,A,-,08,22107,NA,N,H,G,A,A,H,-,A,D,0,NA,Y,NA,NA,Y,NA,L,04,0,1,0,0,0,0,1,0,0,-,-,33.12369918823242,-117.08232879638672,SAN DIEGO,ESCONDIDO,-117.08238983154295,33.12364959716797
8596868,2018,2018-04-17,3705,2018-03-21,1749,EC0297,NA,3,5,5,3705,0,0,0,NA,0,004,MAIN ST,1ST ST,2,W,N,A,-,N,NA,NA,NA,NA,NA,NA,NA,NA,NA,N,4,0,1,2,A,-,11,21456,B,N,G,B,B,A,H,-,A,A,0,Y,NA,NA,NA,Y,NA,N,60,0,0,1,0,1,0,0,0,0,-,-,NA,NA,SAN DIEGO,EL CAJON,-116.9446029663086,32.79494094848633
8599206,2018,2018-04-30,3701,2018-04-05,1304,CB5342,NA,4,5,5,3701,0,0,0,NA,0,006,RANCHO BRAVADO,PASEO ACAMPO,0,NA,Y,A,-,N,NA,NA,NA,NA,NA,NA,NA,NA,NA,Y,3,0,1,2,A,-,09,21802,A,N,D,C,A,A,H,-,A,D,0,NA,NA,NA,NA,Y,NA,D,22,0,1,0,0,0,0,0,0,0,-,-,NA,NA,SAN DIEGO,CARLSBAD,-117.2415771484375,33.1267204284668
8599314,2018,2018-04-25,3701,2018-03-29,1556,CB5481,NA,4,5,5,3701,0,0,0,NA,0,008,EL CAMINIO REAL,COSTA DEL MAR RD,150,S,N,A,-,N,NA,NA,NA,NA,NA,NA,NA,NA,NA,Y,4,0,2,3,A,-,03,22350,NA,N,C,C,A,A,H,-,A,A,0,NA,NA,NA,NA,Y,NA,A,01,0,0,2,0,0,0,0,0,0,-,-,NA,NA,SAN DIEGO,CARLSBAD,-117.26937866210938,33.088924407958984
8601140,2018,2018-10-24,3711,2018-07-04,1436,5679,NA,3,5,7,3711,0,0,0,NA,0,235,SAN PASQUAL VALLEY RD,BANDY CANYON RD,15840,E,N,A,-,Y,SD,11,78,-,-,30.68,H,-,E,Y,4,0,1,1,A,-,03,22350,NA,N,E,I,A,A,H,-,A,D,0,NA,NA,NA,NA,Y,NA,A,07,0,0,1,0,0,0,0,0,0,-,-,NA,NA,SAN DIEGO,SAN DIEGO,-116.90767669677734,33.086639404296875
8601272,2018,2018-08-21,3711,2018-04-30,1150,4653,NA,1,5,7,3711,0,0,0,NA,0,313,CLAIREMONT MESA BL,RT 15,0,NA,Y,B,-,Y,SD,11,15,-,R,10.134,R,4,N,Y,4,0,1,2,A,-,12,21453,A,N,D,C,A,A,H,-,A,A,0,NA,NA,NA,NA,Y,NA,A,07,0,0,1,0,0,0,0,0,0,-,NO,NA,NA,SAN DIEGO,SAN DIEGO,-117.11976623535156,32.83561325073242
8602145,2018,2018-05-25,3708,2018-03-20,2110,LM1261,NA,2,5,5,3708,0,0,0,NA,0,003,FLETCHER PKWY,BALTIMORE DR,0,NA,Y,A,-,N,NA,NA,NA,NA,NA,NA,NA,NA,NA,Y,4,0,1,2,D,-,00,NA,NA,N,A,C,A,A,H,-,E,A,0,NA,NA,NA,NA,Y,NA,-,-,0,0,1,0,0,0,0,0,0,-,-,NA,NA,SAN DIEGO,LA MESA,-117.02742767333984,32.77402877807617
8602259,2018,2018-05-15,3708,2018-03-23,1021,LM1158,NA,5,5,5,3708,0,0,0,NA,0,004,GROSSMONT CENTER DR,CENTER DR,34,N,N,A,-,N,NA,NA,NA,NA,NA,NA,NA,NA,NA,N,2,0,1,2,A,-,11,21954,A,N,G,B,D,A,H,-,A,A,0,Y,NA,NA,NA,Y,NA,N,60,1,0,0,0,1,0,0,0,0,-,-,NA,NA,SAN DIEGO,LA MESA,-117.0107879638672,32.78104019165039
8604598,2018,2018-05-16,3710,2018-04-29,1340,OC1355,NA,7,5,6,3710,0,0,0,NA,0,006,EL CAMINIO REAL,FIRE MOUNTAIN DR,0,NA,Y,A,-,N,NA,NA,NA,NA,NA,NA,NA,NA,NA,Y,3,0,2,3,A,-,01,23152,A,F,D,C,A,A,H,-,A,A,0,NA,NA,NA,NA,Y,Y,A,01,0,1,1,0,0,0,0,0,0,-,-,33.192630767822266,-117.32823181152344,SAN DIEGO,OCEANSIDE,-117.32813262939452,33.192588806152344
8604912,2018,2018-05-10,3706,2018-04-24,0520,465,ESCON,2,5,6,3706,0,0,0,NA,0,055,ROREX DR,MURIEL LN,105,N,N,E,-,N,NA,NA,NA,NA,NA,NA,NA,NA,NA,Y,4,0,1,1,A,-,08,22107,NA,N,E,I,A,A,H,-,C,D,0,NA,NA,NA,NA,Y,NA,A,01,0,0,1,0,0,0,0,0,0,-,-,33.09286880493164,-117.07565307617188,SAN DIEGO,ESCONDIDO,-117.07537078857422,33.093055725097656
8605231,2017,2018-05-15,3700,2017-10-27,1819,SH7790,NA,5,5,5,3781,0,0,0,NA,0,510,CARLTON OAKS DR,PIKE RD,0,NA,Y,A,-,N,NA,NA,NA,NA,NA,NA,NA,NA,NA,N,3,0,1,2,A,-,10,21950,A,N,G,B,B,A,H,-,B,D,0,Y,NA,NA,NA,Y,NA,A,01,0,1,0,0,1,0,0,0,0,-,-,NA,NA,SAN DIEGO,SANTEE,-116.99712011,32.84592008
8605259,2017,2018-05-15,3700,2017-11-04,1857,SH7477,NA,6,5,5,3781,0,0,0,NA,0,513,TOWN CENTER PKWY,COSTCO STORE SOUTH DRIVEWAY,0,NA,Y,A,-,N,NA,NA,NA,NA,NA,NA,NA,NA,NA,Y,4,0,1,2,A,-,12,21453,A,N,B,C,A,A,H,-,C,A,0,NA,NA,NA,NA,Y,NA,A,01,0,0,1,0,0,0,0,0,0,-,-,NA,NA,SAN DIEGO,SANTEE,-116.988539,32.839969
8605424,2018,2018-05-18,3711,2018-04-26,0658,7515,NA,4,5,7,3711,0,0,0,NA,0,526,ASH ST,2ND AV,0,NA,Y,B,-,N,NA,NA,NA,NA,NA,NA,NA,NA,NA,Y,3,0,1,2,A,-,12,21453,A,N,D,C,A,A,H,-,A,A,0,NA,NA,NA,NA,Y,NA,A,01,0,1,0,0,0,0,0,0,0,-,-,NA,NA,SAN DIEGO,SAN DIEGO,-117.16294097900392,32.719879150390625
8605552,2018,2018-05-09,3710,2018-03-20,1828,OC1401,017,2,5,6,3710,0,0,0,NA,0,010,DOUGLAS DR,KEYPORT ST,0,NA,Y,B,-,N,NA,NA,NA,NA,NA,NA,NA,NA,NA,N,4,0,1,2,A,-,12,21453,A,N,D,C,A,A,G,-,A,A,0,NA,NA,NA,NA,Y,NA,A,01,0,0,1,0,0,0,0,0,0,-,-,33.254371643066406,-117.31630706787108,SAN DIEGO,OCEANSIDE,-117.31632232666016,33.25431823730469
8606088,2018,2018-05-14,3711,2018-05-01,0904,7719,SE,2,5,7,3711,0,0,0,NA,0,445,MARKET ST,COTTON ST,9,W,N,B,-,N,NA,NA,NA,NA,NA,NA,NA,NA,NA,N,4,0,1,2,A,-,04,21703,NA,N,C,C,A,A,H,-,A,D,0,NA,NA,NA,NA,Y,NA,A,01,0,0,1,0,0,0,0,0,0,-,-,NA,NA,SAN DIEGO,SAN DIEGO,-117.09500122070313,32.711421966552734
8607851,2018,2018-05-18,3703,2018-05-03,1307,1247,NA,4,5,3,3703,0,0,0,NA,0,002,10TH ST,D AV,0,NA,Y,A,-,N,NA,NA,NA,NA,NA,NA,NA,NA,NA,N,3,0,1,1,A,-,08,22107,NA,N,H,A,A,A,B,-,A,A,0,NA,Y,NA,NA,Y,NA,L,04,0,1,0,0,0,0,1,0,0,-,-,NA,NA,SAN DIEGO,CORONADO,-117.18105316162108,32.686378479003906
8608737,2018,2018-05-09,3711,2018-04-18,1322,6392,SD,3,5,7,3711,0,0,0,NA,0,934,DEL MAR HEIGHTS RD,HIGH BLUFF DR,223,E,N,A,-,N,NA,NA,NA,NA,NA,NA,NA,NA,NA,N,3,0,1,1,A,-,03,22350,NA,N,-,G,A,A,A,-,A,A,0,NA,Y,NA,NA,Y,NA,L,04,0,1,0,0,0,0,1,0,0,-,-,NA,NA,SAN DIEGO,SAN DIEGO,-117.23876953125,32.95201110839844