CASE_ID,ACCIDENT_YEAR,PROC_DATE,JURIS,COLLISION_DATE,COLLISION_TIME,OFFICER_ID,REPORTING_DISTRICT,DAY_OF_WEEK,CHP_SHIFT,POPULATION,CNTY_CITY_LOC,SPECIAL_COND,BEAT_TYPE,CHP_BEAT_TYPE,CITY_DIVISION_LAPD,CHP_BEAT_CLASS,BEAT_NUMBER,PRIMARY_RD,SECONDARY_RD,DISTANCE,DIRECTION,INTERSECTION,WEATHER_1,WEATHER_2,STATE_HWY_IND,CALTRANS_COUNTY,CALTRANS_DISTRICT,STATE_ROUTE,ROUTE_SUFFIX,POSTMILE_PREFIX,POSTMILE,LOCATION_TYPE,RAMP_INTERSECTION,SIDE_OF_HWY,TOW_AWAY,COLLISION_SEVERITY,NUMBER_KILLED,NUMBER_INJURED,PARTY_COUNT,PRIMARY_COLL_FACTOR,PCF_CODE_OF_VIOL,PCF_VIOL_CATEGORY,PCF_VIOLATION,PCF_VIOL_SUBSECTION,HIT_AND_RUN,TYPE_OF_COLLISION,MVIW,PED_ACTION,ROAD_SURFACE,ROAD_COND_1,ROAD_COND_2,LIGHTING,CONTROL_DEVICE,CHP_ROAD_TYPE,PEDESTRIAN_ACCIDENT,BICYCLE_ACCIDENT,MOTORCYCLE_ACCIDENT,TRUCK_ACCIDENT,NOT_PRIVATE_PROPERTY,ALCOHOL_INVOLVED,STWD_VEHTYPE_AT_FAULT,CHP_VEHTYPE_AT_FAULT,COUNT_SEVERE_INJ,COUNT_VISIBLE_INJ,COUNT_COMPLAINT_PAIN,COUNT_PED_KILLED,COUNT_PED_INJURED,COUNT_BICYCLIST_KILLED,COUNT_BICYCLIST_INJURED,COUNT_MC_KILLED,COUNT_MC_INJURED,PRIMARY_RAMP,SECONDARY_RAMP,LATITUDE,LONGITUDE,COUNTY,CITY,POINT_X,POINT_Y
8608769,2018,2018-05-03,3711,2018-04-18,1744,5672,NA,3,5,7,3711,0,0,0,NA,0,321,CAMINO DEL RIO S,RT 15,1000,E,N,A,-,N,NA,NA,NA,NA,NA,NA,NA,NA,NA,Y,4,0,1,2,A,-,-,NA,NA,N,-,C,A,A,H,-,A,D,0,NA,NA,NA,NA,Y,NA,-,NA,0,0,1,0,0,0,0,0,0,-,-,NA,NA,SAN DIEGO,SAN DIEGO,-117.11177825927734,32.77724075317383
8611807,2018,2018-04-27,3710,2018-03-10,1201,OC1065,031,6,5,6,3710,0,0,0,NA,0,007,LAKE BL,EMERALD DR,0,NA,Y,C,-,N,NA,NA,NA,NA,NA,NA,NA,NA,NA,Y,4,0,3,2,A,-,12,21453,A,N,D,C,A,B,H,-,A,A,0,NA,NA,NA,NA,Y,NA,A,01,0,0,3,0,0,0,0,0,0,-,-,33.177120208740234,-117.27313232421876,SAN DIEGO,OCEANSIDE,-117.2730712890625,33.17728042602539
8612689,2018,2018-05-09,3700,2018-04-17,1327,SH0290,NA,2,5,5,3713,0,0,0,NA,0,315,SHADOWRIDGE DR,SYCAMORE AV,200,W,N,A,-,N,NA,NA,NA,NA,NA,NA,NA,NA,NA,N,4,0,1,2,A,-,10,21950,A,F,G,B,B,A,H,-,A,A,0,Y,NA,NA,NA,Y,NA,-,NA,0,0,1,0,1,0,0,0,0,-,-,NA,NA,SAN DIEGO,VISTA,-117.21736145019533,33.16486740112305
8613602,2018,2018-04-24,3710,2018-03-10,2230,OC1418,016,6,5,6,3710,0,0,0,NA,0,008,DOUGLAS DR,EL CAMINIO REAL,620,N,N,C,-,N,NA,NA,NA,NA,NA,NA,NA,NA,NA,Y,4,0,1,2,A,-,03,22350,NA,N,C,C,A,B,H,-,C,D,0,NA,NA,NA,NA,Y,NA,A,01,0,0,1,0,0,0,0,0,0,-,-,33.23114013671875,-117.32576751708984,SAN DIEGO,OCEANSIDE,-117.32491302490234,33.23257827758789
8613615,2018,2018-04-20,3711,2018-04-09,1334,7654,NA,1,5,7,3711,0,0,0,NA,0,722,VALENTINO ST,BRANDO DR,5,S,N,A,-,N,NA,NA,NA,NA,NA,NA,NA,NA,NA,Y,4,0,1,2,A,-,03,22350,NA,N,A,E,A,A,H,-,A,D,0,NA,NA,NA,NA,Y,NA,A,01,0,0,1,0,0,0,0,0,0,-,-,NA,NA,SAN DIEGO,SAN DIEGO,-117.06716918945313,32.55756759643555
8613654,2018,2018-04-23,3709,2018-04-05,1742,NC0430,NA,4,5,5,3709,0,0,0,NA,0,024,HIGHLAND AV,EAST 24TH ST,0,NA,Y,A,-,N,NA,NA,NA,NA,NA,NA,NA,NA,NA,Y,4,0,3,3,A,-,09,21801,A,N,D,C,A,A,H,-,A,A,0,NA,NA,NA,NA,Y,NA,A,01,0,0,3,0,0,0,0,0,0,-,-,NA,NA,SAN DIEGO,NATIONAL CITY,-117.09336090087892,32.66436004638672
8615726,2018,2018-04-25,3711,2018-04-10,0908,7592,50,2,5,7,3711,0,0,0,NA,0,115,EASTGATE MALL,EASTER WY,435,E,-,A,-,N,NA,NA,NA,NA,NA,NA,NA,NA,NA,Y,3,0,2,2,A,-,09,21804,A,N,D,C,A,A,H,-,A,D,0,NA,NA,NA,NA,Y,NA,-,NA,0,2,0,0,0,0,0,0,0,-,-,NA,NA,SAN DIEGO,SAN DIEGO,-117.20977783203124,32.87874221801758
8616077,2018,2018-05-18,3711,2018-05-01,1924,5923,NA,2,5,7,3711,0,0,0,NA,0,624,MONROE AV,MARYLAND ST,24,W,N,A,-,N,NA,NA,NA,NA,NA,NA,NA,NA,NA,Y,3,0,2,2,A,-,09,21802,A,N,D,C,A,A,H,-,A,D,0,NA,NA,NA,NA,Y,NA,-,NA,0,1,1,0,0,0,0,0,0,-,-,32.759300231933594,-117.15129852294922,SAN DIEGO,SAN DIEGO,-117.15133666992188,32.759029388427734
8616734,2018,2018-05-15,3711,2018-05-02,0920,7607,NA,3,5,7,3711,0,0,0,NA,0,831,EL CAJON BL,44TH ST,35,E,N,C,-,N,NA,NA,NA,NA,NA,NA,NA,NA,NA,N,4,0,1,2,A,-,09,21804,A,N,D,C,A,D,H,-,A,D,0,NA,NA,NA,NA,Y,NA,A,01,0,0,1,0,0,0,0,0,0,-,-,NA,NA,SAN DIEGO,SAN DIEGO,-117.1001205444336,32.755130767822266
8619585,2018,2018-05-24,3711,2018-05-06,1715,5699,NA,7,5,7,3711,0,0,0,NA,0,243,KEARNY MESA RD,KEARNY VILLA RD,345,N,N,A,-,N,NA,NA,NA,NA,NA,NA,NA,NA,NA,N,3,0,1,2,A,-,08,22107,NA,N,G,B,E,A,H,-,A,D,0,Y,NA,NA,NA,Y,NA,-,NA,0,1,0,0,1,0,0,0,0,-,-,NA,NA,SAN DIEGO,SAN DIEGO,-117.118408203125,32.89226531982422
8621292,2018,2018-08-17,3711,2018-05-09,1430,7077,SAN D,3,5,7,3711,0,0,0,NA,0,312,SANTO RD,RT 52,0,NA,-,A,-,Y,SD,11,52,-,-,8.534,R,4,E,Y,3,0,4,3,A,-,09,21801,A,N,D,C,A,A,H,-,A,D,0,NA,NA,NA,NA,Y,NA,A,01,0,1,3,0,0,0,0,0,0,-,EO,32.84080123901367,-117.09731292724608,SAN DIEGO,SAN DIEGO,-117.10042572021484,32.84128189086914
8622486,2018,2018-06-05,3706,2018-05-09,1647,464,ESCON,3,5,6,3706,0,0,0,NA,0,056,CITRUS AV,GLEN RIDGE RD,343,S,N,A,-,N,NA,NA,NA,NA,NA,NA,NA,NA,NA,Y,4,0,1,2,A,-,03,22350,NA,N,D,C,A,A,H,-,A,D,0,NA,NA,NA,NA,Y,NA,A,01,0,0,1,0,0,0,0,0,0,-,-,33.12982177734375,-117.0371322631836,SAN DIEGO,ESCONDIDO,-117.037353515625,33.128963470458984
8624183,2018,2018-05-30,3705,2018-05-13,0948,EC0324,NA,7,5,5,3705,0,0,0,NA,0,001,JOHNSON,EL CAJON BL,0,NA,Y,A,-,N,NA,NA,NA,NA,NA,NA,NA,NA,NA,N,4,0,4,2,A,-,09,21800,A,N,D,C,A,A,H,-,A,A,0,NA,NA,NA,NA,Y,NA,A,01,0,0,4,0,0,0,0,0,0,-,-,NA,NA,SAN DIEGO,EL CAJON,-116.97104644775392,32.79172134399414
8624973,2018,2018-07-03,3711,2018-06-01,2221,7560,SANDI,5,5,7,3711,0,0,0,NA,0,822,UNIVERSITY AV,58TH ST,3,E,N,A,-,N,NA,NA,NA,NA,NA,NA,NA,NA,NA,N,3,0,1,2,A,-,10,21950,NA,N,G,B,B,A,H,-,C,A,0,Y,NA,NA,NA,Y,NA,-,NA,0,1,0,0,1,0,0,0,0,-,-,NA,NA,SAN DIEGO,SAN DIEGO,-117.07286071777344,32.7491455078125
8625527,2018,2018-05-31,3711,2018-05-12,1847,7601,SANDI,6,5,7,3711,0,0,0,NA,0,627,10TH AV,UNIVERSITY AV,22,S,N,B,-,N,NA,NA,NA,NA,NA,NA,NA,NA,NA,N,3,0,1,2,A,-,08,22107,NA,N,B,G,A,A,H,-,A,A,0,NA,Y,NA,NA,Y,NA,L,04,0,1,0,0,0,0,1,0,0,-,-,NA,NA,SAN DIEGO,SAN DIEGO,-117.15528106689452,32.74835968017578
8625582,2018,2018-05-30,3711,2018-05-14,1340,6564,NA,1,5,7,3711,0,0,0,NA,0,442,NATIONAL AV,39TH ST,27,W,N,A,-,N,NA,NA,NA,NA,NA,NA,NA,NA,NA,Y,3,0,2,2,A,-,08,22107,NA,N,A,C,A,A,H,-,A,D,0,NA,NA,NA,NA,Y,NA,A,01,0,2,0,0,0,0,0,0,0,-,-,NA,NA,SAN DIEGO,SAN DIEGO,-117.1103744506836,32.69606018066406
8625818,2018,2018-06-25,3711,2018-05-18,1006,7541,NA,5,5,7,3711,0,0,0,NA,0,626,WEST WASHINGTON ST,PACIFIC HWY,148,E,N,B,-,N,NA,NA,NA,NA,NA,NA,NA,NA,NA,N,4,0,1,2,A,-,07,21658,A,N,B,C,A,A,D,-,A,D,0,NA,NA,NA,NA,Y,NA,A,01,0,0,1,0,0,0,0,0,0,-,-,NA,NA,SAN DIEGO,SAN DIEGO,-117.18424987792967,32.74058151245117
8626094,2018,2018-06-04,3711,2018-05-19,2235,7715,NA,6,5,7,3711,0,0,0,NA,0,511,E HARBOR DR,CESAR E CHAVEZ PKWY,524,N,N,A,-,N,NA,NA,NA,NA,NA,NA,NA,NA,NA,N,3,0,1,2,A,-,03,22350,NA,N,C,C,A,A,H,-,C,A,0,NA,NA,NA,NA,Y,NA,A,01,0,1,0,0,0,0,0,0,0,-,-,NA,NA,SAN DIEGO,SAN DIEGO,-117.14877319335938,32.69911575317383
8626925,2018,2018-05-31,3702,2018-05-15,1538,CV1060,NA,2,5,6,3702,0,0,0,NA,0,012,BROADWAY,F ST,65,N,N,A,-,N,NA,NA,NA,NA,NA,NA,NA,NA,NA,Y,4,0,1,2,A,-,06,21755,NA,N,C,C,A,A,H,-,A,D,0,NA,NA,NA,NA,Y,NA,A,01,0,0,1,0,0,0,0,0,0,-,-,NA,NA,SAN DIEGO,CHULA VISTA,-117.09223175048828,32.63800811767578
8626953,2018,2018-05-31,3702,2018-05-06,2205,CV1212,NA,7,5,6,3702,0,0,0,NA,0,041,TELEGRAPH CANYON RD,MEDICAL CENTER DR,855,E,N,A,-,N,NA,NA,NA,NA,NA,NA,NA,NA,NA,Y,3,0,1,1,A,-,08,22107,NA,N,E,I,A,A,H,-,C,D,0,NA,NA,NA,NA,Y,NA,A,07,0,1,0,0,0,0,0,0,0,-,-,NA,NA,SAN DIEGO,CHULA VISTA,-117.02315521240234,32.623722076416016
8628675,2018,2018-06-12,3711,2018-05-24,1747,7201,NA,4,5,7,3711,0,0,0,NA,0,315,MISSION CENTER RD,MISSION CENTER CT,67,N,N,A,-,N,NA,NA,NA,NA,NA,NA,NA,NA,NA,N,4,0,1,2,A,-,08,22107,NA,N,B,C,A,A,H,-,A,A,0,NA,NA,NA,NA,Y,NA,A,01,0,0,1,0,0,0,0,0,0,-,-,NA,NA,SAN DIEGO,SAN DIEGO,-117.15410614013672,32.77375411987305
8632096,2018,2018-07-13,3711,2018-05-15,1943,5395,NA,2,5,7,3711,0,0,0,NA,0,614,SUNSET CLIFFS BL,SUNSET CLIFFS BL 2800,0,NA,-,B,-,N,NA,NA,NA,NA,NA,NA,NA,NA,NA,N,4,0,1,2,A,-,03,22350,NA,N,C,C,A,A,H,-,B,D,0,NA,NA,NA,NA,Y,NA,-,NA,0,0,1,0,0,0,0,0,0,-,-,NA,NA,SAN DIEGO,SAN DIEGO,-117.23785043,32.7538642
8632977,2018,2018-06-18,3706,2018-05-30,1757,223,ESCON,3,5,6,3706,0,0,0,NA,0,052,JUNIPER ST,FELICITA AV,361,N,N,A,-,N,NA,NA,NA,NA,NA,NA,NA,NA,NA,N,4,0,1,2,A,-,08,22107,NA,N,H,G,A,A,H,-,A,D,0,NA,Y,NA,NA,Y,NA,D,22,0,0,1,0,0,0,1,0,0,-,-,33.10683059692383,-117.0686492919922,SAN DIEGO,ESCONDIDO,-117.06899261474608,33.107791900634766
8633701,2018,2018-06-21,3711,2018-06-03,1550,7527,NA,7,5,7,3711,0,0,0,NA,0,826,TROJAN AV,EUCLID AV,100,E,N,A,-,N,NA,NA,NA,NA,NA,NA,NA,NA,NA,Y,4,0,1,2,A,-,09,21804,A,M,C,-,A,A,H,-,A,D,0,NA,NA,NA,NA,Y,Y,-,NA,0,0,1,0,0,0,0,0,0,-,-,NA,NA,SAN DIEGO,SAN DIEGO,-117.09189605712892,32.75495147705078
8633713,2018,2018-06-21,3711,2018-06-01,1858,6676,SD,5,5,7,3711,0,0,0,NA,0,314,7900 FROST ST,FROST ST,0,NA,Y,A,-,N,NA,NA,NA,NA,NA,NA,NA,NA,NA,N,4,0,1,2,A,-,08,22107,NA,N,G,B,D,A,-,-,A,D,0,Y,NA,NA,NA,Y,NA,-,NA,0,0,1,0,1,0,0,0,0,-,-,32.80025100708008,-117.15380859375,SAN DIEGO,SAN DIEGO,-117.15381324,32.80023174
8633737,2018,2018-06-21,3711,2018-06-13,1335,4691,NA,3,5,7,3711,0,0,0,NA,0,234,WEST BERNARDO DR,RANCHO BERNARDO RD,0,NA,Y,A,-,N,NA,NA,NA,NA,NA,NA,NA,NA,NA,Y,3,0,3,2,A,-,12,21453,A,N,D,C,A,A,H,-,A,A,0,NA,NA,NA,NA,Y,NA,-,NA,0,3,0,0,0,0,0,0,0,-,-,NA,NA,SAN DIEGO,SAN DIEGO,-117.08213806152344,33.023921966552734
8633749,2018,2018-06-21,3711,2018-06-01,1105,HB4132,NA,5,5,7,3711,0,0,0,NA,0,504,WEST HARBOR DR,MARKET ST,210,S,N,A,-,N,NA,NA,NA,NA,NA,NA,NA,NA,NA,N,3,0,1,1,C,-,18,NA,NA,N,F,J,A,A,H,-,A,D,0,NA,Y,NA,NA,Y,NA,-,-,0,1,0,0,0,0,1,0,0,-,-,NA,NA,SAN DIEGO,SAN DIEGO,-117.16763305664063,32.71082305908203
8633885,2018,2018-06-18,3710,2018-05-06,1607,OC1458,029,7,5,6,3710,0,0,0,NA,0,007,OCEANSIDE BL,BEVERLY GLEN DR,63,E,N,A,-,N,NA,NA,NA,NA,NA,NA,NA,NA,NA,Y,3,0,3,2,A,-,03,22350,NA,N,C,C,A,A,H,-,A,D,0,NA,NA,NA,NA,Y,NA,A,07,0,2,1,0,0,0,0,0,0,-,-,33.21274948120117,-117.27517700195313,SAN DIEGO,OCEANSIDE,-117.27516174316406,33.213008880615234
8636517,2018,2018-06-20,3711,2018-06-04,0716,6774,NA,1,5,7,3711,0,0,0,NA,0,111,BEAGLE ST,ATLAS ST,98,W,N,A,-,N,NA,NA,NA,NA,NA,NA,NA,NA,NA,Y,2,0,1,3,A,-,05,21460,A,N,A,C,A,A,H,-,A,D,0,NA,Y,NA,NA,Y,NA,L,04,1,0,0,0,0,0,1,0,0,-,-,NA,NA,SAN DIEGO,SAN DIEGO,-117.15851593017578,32.80772399902344
8637879,2018,2018-06-26,3705,2018-05-26,1643,EC0337,NA,6,5,5,3705,0,0,0,NA,0,002,GREENFIELD,N 2ND,29,W,N,A,-,N,NA,NA,NA,NA,NA,NA,NA,NA,NA,N,4,0,1,2,A,-,09,21453,B,N,D,C,A,A,H,-,A,A,0,NA,NA,Y,NA,Y,NA,D,22,0,0,1,0,0,0,0,0,1,-,-,NA,NA,SAN DIEGO,EL CAJON,-116.93590545654295,32.81333923339844
8638192,2018,2018-06-21,3711,2018-06-05,1140,6897,SAN D,2,5,7,3711,0,0,0,NA,0,821,70TH ST,EL CAJON BL,45,N,N,A,-,N,NA,NA,NA,NA,NA,NA,NA,NA,NA,Y,4,0,2,3,A,-,03,22350,NA,N,C,C,A,A,H,-,A,A,0,NA,NA,NA,NA,Y,NA,-,NA,0,0,2,0,0,0,0,0,0,-,-,NA,NA,SAN DIEGO,SAN DIEGO,-117.0470962524414,32.768821716308594
8638263,2018,2018-06-26,3710,2018-04-16,1034,OC0828,012,1,5,6,3710,0,0,0,NA,0,005,OCEANSIDE BL,FOUSSAT RD,0,NA,Y,A,-,N,NA,NA,NA,NA,NA,NA,NA,NA,NA,N,3,0,1,2,A,-,12,21453,A,N,D,C,A,A,A,-,A,A,0,NA,NA,Y,NA,Y,NA,C,02,0,1,0,0,0,0,0,0,1,-,-,33.20185852050781,-117.34104919433594,SAN DIEGO,OCEANSIDE,-117.34097290039063,33.201751708984375
8638279,2018,2018-06-20,3710,2018-06-06,0142,OC1211,018,3,5,6,3710,0,0,0,NA,0,010,CALLE MONTECITO,CALLE ESTRELLA,43,N,N,B,-,N,NA,NA,NA,NA,NA,NA,NA,NA,NA,Y,3,0,1,3,A,-,01,23152,A,N,B,E,A,A,H,-,C,A,0,NA,NA,NA,NA,Y,Y,A,01,0,1,0,0,0,0,0,0,0,-,-,33.2458610534668,-117.30885314941406,SAN DIEGO,OCEANSIDE,-117.3087158203125,33.246028900146484
8638474,2018,2018-06-21,3711,2018-06-02,2030,NA,SAN D,6,5,7,3711,0,0,0,NA,0,123,WEST MISSION BAY DR,SEA WORLD DR,75,N,N,A,-,N,NA,NA,NA,NA,NA,NA,NA,NA,NA,Y,4,0,3,2,A,-,04,21703,NA,N,C,C,A,A,H,-,C,D,0,NA,NA,NA,NA,Y,NA,-,NA,0,0,3,0,0,0,0,0,0,-,-,NA,NA,SAN DIEGO,SAN DIEGO,-117.23049926757813,32.76150131225586
8638649,2018,2018-06-25,3710,2018-05-31,1113,OC1459,2,4,5,6,3710,0,0,0,NA,0,001,OCEANSIDE BL,EL CAMINIO REAL,25,W,N,A,-,N,NA,NA,NA,NA,NA,NA,NA,NA,NA,N,4,0,1,2,A,-,08,22101,D,N,D,C,A,A,H,-,A,A,0,NA,NA,NA,NA,Y,NA,A,01,0,0,1,0,0,0,0,0,0,-,-,NA,NA,SAN DIEGO,OCEANSIDE,-117.33250427246094,33.20181655883789
8638921,2018,2018-07-30,3710,2018-05-16,1735,OC1458,006,3,5,6,3710,0,0,0,NA,0,001,NORTH COAST HWY,CIVIC CENTER DR,0,NA,Y,A,-,N,NA,NA,NA,NA,NA,NA,NA,NA,NA,Y,4,0,2,2,A,-,12,21453,A,N,D,C,A,A,H,-,A,A,0,NA,NA,NA,NA,Y,NA,A,01,0,0,2,0,0,0,0,0,0,-,-,NA,NA,SAN DIEGO,OCEANSIDE,-117.38095855712892,33.19758987426758
8639296,2018,2018-07-30,3706,2018-06-06,1400,468,ESCON,3,5,6,3706,0,0,0,NA,0,045,VALLEY PKWY,QUINCE ST,0,NA,Y,A,-,N,NA,NA,NA,NA,NA,NA,NA,NA,NA,Y,4,0,2,2,A,-,12,21453,A,N,D,C,A,A,H,-,A,A,0,NA,NA,NA,NA,Y,NA,A,01,0,0,2,0,0,0,0,0,0,-,-,33.11927032470703,-117.08885192871094,SAN DIEGO,ESCONDIDO,-117.08882904052734,33.11922836303711
8640837,2018,2018-06-28,3711,2018-06-14,2249,7464,SDPD,4,5,7,3711,0,0,0,NA,0,834,UNIVERSITY AV,MARLBOUGH AV,0,NA,Y,A,-,N,NA,NA,NA,NA,NA,NA,NA,NA,NA,N,4,0,1,2,A,-,-,NA,NA,M,G,B,D,A,H,-,C,A,0,Y,NA,NA,NA,Y,NA,-,NA,0,0,1,0,1,0,0,0,0,-,-,NA,NA,SAN DIEGO,SAN DIEGO,-117.10568989,32.74968005
8641405,2018,2018-07-10,3710,2018-06-08,2246,OC1459,030,5,5,6,3710,0,0,0,NA,0,007,THUNDER DR,LINDA DR,90,N,N,A,-,N,NA,NA,NA,NA,NA,NA,NA,NA,NA,N,4,0,1,2,A,-,09,21804,A,N,D,C,A,A,H,-,C,D,0,NA,NA,NA,NA,Y,NA,A,01,0,0,1,0,0,0,0,0,0,-,-,33.19361114501953,-117.28833770751952,SAN DIEGO,OCEANSIDE,-117.28816986083984,33.193824768066406
8641612,2018,2018-06-22,3711,2018-06-06,0900,6070,NA,3,5,7,3711,0,0,0,NA,0,124,GIRARD AV,TORREY PINES RD,0,NA,N,B,-,N,NA,NA,NA,NA,NA,NA,NA,NA,NA,Y,4,0,2,1,A,-,03,22350,NA,N,A,I,A,A,H,-,A,D,0,NA,NA,NA,NA,Y,NA,-,NA,0,0,2,0,0,0,0,0,0,-,-,NA,NA,SAN DIEGO,SAN DIEGO,-117.27294921875,32.841941833496094
8641706,2018,2018-06-21,3711,2018-06-11,1529,7576,NA,1,5,7,3711,0,0,0,NA,0,931,MIRA MESA BL,CAMINO SANTA FE,0,NA,Y,A,-,N,NA,NA,NA,NA,NA,NA,NA,NA,NA,Y,3,0,2,2,A,-,12,21453,A,N,D,C,A,A,H,-,A,A,0,NA,NA,NA,NA,Y,NA,-,NA,0,1,1,0,0,0,0,0,0,-,-,NA,NA,SAN DIEGO,SAN DIEGO,-117.17141723632813,32.90761947631836
8643565,2018,2018-06-28,3705,2018-06-11,0949,EC0324,NA,1,5,5,3705,0,0,0,NA,0,003,BROADWAY,E MAIN,355,W,N,A,-,N,NA,NA,NA,NA,NA,NA,NA,NA,NA,Y,4,0,1,2,A,-,09,21804,A,N,D,C,A,A,H,-,A,D,0,NA,NA,NA,NA,Y,NA,D,22,0,0,1,0,0,0,0,0,0,-,-,NA,NA,SAN DIEGO,EL CAJON,-116.92323303222656,32.807708740234375
8643585,2018,2018-06-28,3705,2018-06-12,0811,EC0324,NA,2,5,5,3705,0,0,0,NA,0,003,GREENFIELD,MAIN,0,NA,Y,A,-,N,NA,NA,NA,NA,NA,NA,NA,NA,NA,N,3,0,1,2,A,-,12,21453,A,N,D,C,A,A,H,-,A,A,0,NA,NA,NA,NA,Y,NA,A,01,0,1,0,0,0,0,0,0,0,-,-,NA,NA,SAN DIEGO,EL CAJON,-116.91854858398438,32.81230926513672
8643705,2018,2018-06-28,3705,2018-05-27,1713,EC0324,NA,7,5,5,3705,0,0,0,NA,0,001,W MAIN,DEWANE,779,W,N,A,-,N,NA,NA,NA,NA,NA,NA,NA,NA,NA,N,2,0,1,1,A,-,08,22107,NA,N,E,I,A,A,H,-,A,D,0,NA,NA,Y,NA,Y,NA,C,02,1,0,0,0,0,0,0,0,1,-,-,NA,NA,SAN DIEGO,EL CAJON,-116.98271942138672,32.795005798339844
8643827,2018,2018-06-28,3711,2018-06-04,1625,5679,NA,1,5,7,3711,0,0,0,NA,0,234,CAMINO DEL NORTE,BERNARDO CENTER DR,640,W,N,A,-,N,NA,NA,NA,NA,NA,NA,NA,NA,NA,Y,4,0,1,3,A,-,03,22350,NA,N,C,C,A,A,H,-,A,D,0,NA,NA,NA,NA,Y,NA,A,07,0,0,1,0,0,0,0,0,0,-,-,NA,NA,SAN DIEGO,SAN DIEGO,-117.09368133544922,33.006591796875
8645281,2018,2018-07-03,3706,2018-05-31,0717,466,ESCON,4,5,6,3706,0,0,0,NA,0,044,WASHINGTON AV,ERICA ST,0,NA,Y,A,-,N,NA,NA,NA,NA,NA,NA,NA,NA,NA,N,4,0,2,2,A,-,09,21801,A,N,D,C,A,A,H,-,A,D,0,NA,NA,NA,NA,Y,NA,A,01,0,0,2,0,0,0,0,0,0,-,-,33.14033126831055,-117.05596923828124,SAN DIEGO,ESCONDIDO,-117.05597686767578,33.14023971557617
8645785,2018,2018-07-10,3702,2018-05-08,0358,CV1184,NA,2,5,6,3702,0,0,0,NA,0,024,4TH AV,ORANGE AV,0,NA,Y,A,-,N,NA,NA,NA,NA,NA,NA,NA,NA,NA,Y,3,0,2,2,A,-,01,23152,E,N,D,C,A,A,H,-,C,A,0,NA,NA,NA,NA,Y,NA,A,01,0,1,1,0,0,0,0,0,0,-,-,NA,NA,SAN DIEGO,CHULA VISTA,-117.06919860839844,32.60227966308594
8645821,2018,2018-07-10,3702,2018-05-23,1445,CV1042,NA,3,5,6,3702,0,0,0,NA,0,014,ROBERT AV,EAST J ST,528,N,N,B,-,N,NA,NA,NA,NA,NA,NA,NA,NA,NA,N,3,0,1,2,A,-,11,21950,B,N,G,B,D,A,H,-,A,D,0,Y,NA,NA,NA,Y,NA,N,60,0,1,0,0,1,0,0,0,0,-,-,NA,NA,SAN DIEGO,CHULA VISTA,-117.05842590332033,32.63331985473633
8647065,2018,2018-07-20,3711,2018-06-20,0729,7716,50,3,5,7,3711,0,0,0,NA,0,515,ISLAND AV,28TH AV,0,NA,Y,B,-,N,NA,NA,NA,NA,NA,NA,NA,NA,NA,N,3,0,1,2,A,-,17,21451,A,N,G,B,B,A,H,-,A,A,0,Y,NA,NA,NA,Y,NA,A,01,0,1,0,0,1,0,0,0,0,-,-,NA,NA,SAN DIEGO,SAN DIEGO,-117.13385009765624,32.710548400878906
8647089,2018,2018-07-11,3711,2018-06-19,1303,7205,NA,2,5,7,3711,0,0,0,NA,0,313,HICKMAN FIELD DR,CONVOY CT,400,N,N,A,-,N,NA,NA,NA,NA,NA,NA,NA,NA,NA,Y,4,0,1,2,A,-,09,21801,A,N,E,I,A,A,H,-,A,A,0,NA,NA,NA,NA,Y,NA,-,NA,0,0,1,0,0,0,0,0,0,-,-,NA,NA,SAN DIEGO,SAN DIEGO,-117.16822052001952,32.835723876953125
8647203,2018,2018-07-12,3700,2018-05-07,0845,SH7690,NA,1,5,4,3780,0,0,0,NA,0,416,COMMUNITY RD,DANIELSON CT,0,NA,Y,A,-,N,NA,NA,NA,NA,NA,NA,NA,NA,NA,Y,3,0,2,2,A,-,09,21802,A,N,D,C,A,A,H,-,A,D,0,NA,NA,NA,NA,Y,NA,A,01,0,1,1,0,0,0,0,0,0,-,-,NA,NA,SAN DIEGO,POWAY,-117.04547882080078,32.94075012207031
8647550,2018,2018-06-27,3711,2018-06-09,1800,7018,NA,6,5,7,3711,0,0,0,NA,0,325,KIOWA DR,KIOWA DR 5540,0,NA,Y,A,-,N,NA,NA,NA,NA,NA,NA,NA,NA,NA,Y,4,0,1,1,A,-,03,22350,A,N,E,I,A,A,H,-,A,D,0,NA,NA,NA,NA,Y,Y,A,01,0,0,1,0,0,0,0,0,0,-,-,NA,NA,SAN DIEGO,SAN DIEGO,-117.03996604,32.77999099
8648330,2018,2018-11-06,3710,2018-04-24,0347,OC1351,010,2,5,6,3710,0,0,0,NA,0,004,RT 76,CANYON DR,3,W,N,A,-,Y,SD,11,76,-,R,1.156,I,5,E,Y,1,1,0,1,A,-,03,22350,NA,N,E,I,A,A,H,-,C,A,0,NA,NA,NA,NA,Y,NA,A,01,0,0,0,0,0,0,0,0,0,-,-,33.212581634521484,-117.36734771728516,SAN DIEGO,OCEANSIDE,-117.36746215820313,33.212379455566406
8649252,2018,2018-07-30,3709,2018-06-18,2214,NC0497,NA,1,5,5,3709,0,0,0,NA,0,021,EAST 16TH ST,E 16TH ST 900,0,NA,Y,A,-,N,NA,NA,NA,NA,NA,NA,NA,NA,NA,N,4,0,1,3,A,-,21,22106,NA,N,D,C,A,A,H,-,C,D,0,NA,NA,NA,NA,Y,NA,A,01,0,0,1,0,0,0,0,0,0,-,-,NA,NA,SAN DIEGO,NATIONAL CITY,-117.09499329,32.67149825