CASE_ID,ACCIDENT_YEAR,PROC_DATE,JURIS,COLLISION_DATE,COLLISION_TIME,OFFICER_ID,REPORTING_DISTRICT,DAY_OF_WEEK,CHP_SHIFT,POPULATION,CNTY_CITY_LOC,SPECIAL_COND,BEAT_TYPE,CHP_BEAT_TYPE,CITY_DIVISION_LAPD,CHP_BEAT_CLASS,BEAT_NUMBER,PRIMARY_RD,SECONDARY_RD,DISTANCE,DIRECTION,INTERSECTION,WEATHER_1,WEATHER_2,STATE_HWY_IND,CALTRANS_COUNTY,CALTRANS_DISTRICT,STATE_ROUTE,ROUTE_SUFFIX,POSTMILE_PREFIX,POSTMILE,LOCATION_TYPE,RAMP_INTERSECTION,SIDE_OF_HWY,TOW_AWAY,COLLISION_SEVERITY,NUMBER_KILLED,NUMBER_INJURED,PARTY_COUNT,PRIMARY_COLL_FACTOR,PCF_CODE_OF_VIOL,PCF_VIOL_CATEGORY,PCF_VIOLATION,PCF_VIOL_SUBSECTION,HIT_AND_RUN,TYPE_OF_COLLISION,MVIW,PED_ACTION,ROAD_SURFACE,ROAD_COND_1,ROAD_COND_2,LIGHTING,CONTROL_DEVICE,CHP_ROAD_TYPE,PEDESTRIAN_ACCIDENT,BICYCLE_ACCIDENT,MOTORCYCLE_ACCIDENT,TRUCK_ACCIDENT,NOT_PRIVATE_PROPERTY,ALCOHOL_INVOLVED,STWD_VEHTYPE_AT_FAULT,CHP_VEHTYPE_AT_FAULT,COUNT_SEVERE_INJ,COUNT_VISIBLE_INJ,COUNT_COMPLAINT_PAIN,COUNT_PED_KILLED,COUNT_PED_INJURED,COUNT_BICYCLIST_KILLED,COUNT_BICYCLIST_INJURED,COUNT_MC_KILLED,COUNT_MC_INJURED,PRIMARY_RAMP,SECONDARY_RAMP,LATITUDE,LONGITUDE,COUNTY,CITY,POINT_X,POINT_Y
8693571,2018,2018-09-17,3711,2018-09-02,1610,6793,NA,7,5,7,3711,0,0,0,NA,0,813,EL CAJON BL,EL CAJON BL 2400,20,N,N,A,-,N,NA,NA,NA,NA,NA,NA,NA,NA,NA,Y,4,0,1,2,A,-,08,22107,NA,N,B,C,A,A,H,-,A,A,0,NA,NA,NA,NA,Y,NA,-,NA,0,0,1,0,0,0,0,0,0,-,-,NA,NA,SAN DIEGO,SAN DIEGO,NA,NA
8694061,2018,2018-09-10,3705,2018-07-08,1924,EC0372,NA,7,5,5,3705,0,0,0,NA,0,001,W MAIN,N JOHNSON,0,NA,Y,A,-,N,NA,NA,NA,NA,NA,NA,NA,NA,NA,N,4,0,2,2,A,-,12,21453,A,N,D,C,A,A,H,-,A,A,0,NA,NA,NA,NA,Y,NA,A,01,0,0,2,0,0,0,0,0,0,-,-,NA,NA,SAN DIEGO,EL CAJON,-116.97103881835938,32.79497146606445
8694576,2018,2018-09-25,3705,2018-08-04,1805,EC0337,NA,6,5,5,3705,0,0,0,NA,0,001,S MAGNOLIA,E DOUGLAS,0,NA,Y,A,-,N,NA,NA,NA,NA,NA,NA,NA,NA,NA,N,4,0,1,2,A,-,12,21453,A,N,D,C,A,A,H,-,A,A,0,NA,NA,NA,NA,Y,NA,-,-,0,0,1,0,0,0,0,0,0,-,-,NA,NA,SAN DIEGO,EL CAJON,-116.96231842041016,32.79383087158203
8694604,2018,2018-09-25,3701,2018-08-24,2146,CB5458,NA,5,5,5,3701,0,0,0,NA,0,002,CANNON RD,CARLSBAD BL,0,NA,Y,A,-,N,NA,NA,NA,NA,NA,NA,NA,NA,NA,Y,4,0,1,1,A,-,00,2800,2,N,H,A,A,A,H,-,C,A,0,NA,NA,Y,NA,Y,NA,C,02,0,0,1,0,0,0,0,0,1,-,-,NA,NA,SAN DIEGO,CARLSBAD,-117.33545684814452,33.13248825073242
8694865,2018,2018-09-19,3711,2018-08-29,0115,6722,NA,3,5,7,3711,0,0,0,NA,0,235,SAN PASQUAL VALLEY RD,OLD MILKY WY,0,NA,Y,A,-,N,NA,NA,NA,NA,NA,NA,NA,NA,NA,Y,4,0,1,1,A,-,03,22350,NA,N,E,I,A,A,H,-,D,A,0,NA,NA,NA,NA,Y,NA,-,NA,0,0,1,0,0,0,0,0,0,-,-,NA,NA,SAN DIEGO,SAN DIEGO,-116.99076080322266,33.08623123168945
8694877,2018,2018-09-19,3711,2018-08-29,0600,6134,NA,3,5,7,3711,0,0,0,NA,0,122,MISSION BAY DR,GARNET AV,0,NA,Y,A,-,N,NA,NA,NA,NA,NA,NA,NA,NA,NA,Y,3,0,5,3,A,-,12,21453,A,N,D,C,A,A,H,-,A,A,0,NA,NA,NA,NA,Y,NA,-,NA,0,1,4,0,0,0,0,0,0,-,-,NA,NA,SAN DIEGO,SAN DIEGO,-117.2189712524414,32.806148529052734
8698952,2018,2018-10-12,3711,2018-09-15,1232,7538,NA,6,5,7,3711,0,0,0,NA,0,NA,ORANGE AV,48TH ST,8,E,N,A,-,N,NA,NA,NA,NA,NA,NA,NA,NA,NA,Y,4,0,1,2,A,-,09,21802,A,N,D,C,A,A,H,-,A,A,0,NA,NA,NA,NA,Y,NA,A,01,0,0,1,0,0,0,0,0,0,-,-,NA,NA,SAN DIEGO,SAN DIEGO,-117.09112548828124,32.75307846069336
8699284,2018,2019-01-10,3711,2018-09-16,2149,7150,NA,7,5,7,3711,0,0,0,NA,0,G22,FRIARS RD,GOSHEN ST,0,NA,Y,A,-,N,NA,NA,NA,NA,NA,NA,NA,NA,NA,NA,3,0,2,2,A,-,09,21802,A,N,D,C,A,A,H,-,D,D,0,NA,NA,NA,NA,Y,NA,-,NA,0,1,1,0,0,0,0,0,0,-,-,32.7682991027832,-117.18470001220705,SAN DIEGO,SAN DIEGO,-117.186767578125,32.76581954956055
8699745,2018,2018-09-27,3702,2018-08-23,1428,CV1079,NA,4,5,6,3702,0,0,0,NA,0,023,TELEGRAPH CANYON RD,OLD TELEGRAPH CANYON RD,42,E,N,A,-,N,NA,NA,NA,NA,NA,NA,NA,NA,NA,Y,4,0,2,2,A,-,09,21804,A,N,C,A,A,A,D,H,A,D,0,NA,NA,NA,NA,Y,NA,A,01,0,0,2,0,0,0,0,0,0,-,-,NA,NA,SAN DIEGO,CHULA VISTA,-117.03235626220705,32.62642288208008
8699875,2018,2018-10-02,3702,2018-08-07,2315,CV0912,NA,2,5,6,3702,0,0,0,NA,0,021,PALOMAR ST,INDUSTRIAL BL,250,W,N,A,-,N,NA,NA,NA,NA,NA,NA,NA,NA,NA,Y,4,0,1,3,A,-,03,22350,NA,F,C,C,A,A,H,-,C,A,0,NA,NA,NA,NA,Y,NA,-,-,0,0,1,0,0,0,0,0,0,-,-,NA,NA,SAN DIEGO,CHULA VISTA,-117.08641052246094,32.6040153503418
8699963,2018,2018-09-26,3708,2018-07-26,1815,LM1259,NA,4,5,5,3708,0,0,0,NA,0,002,LA MESA BL,PALM AV,0,NA,Y,A,-,N,NA,NA,NA,NA,NA,NA,NA,NA,NA,N,3,0,1,2,A,-,10,21950,A,N,G,B,B,A,H,-,A,D,0,Y,NA,NA,NA,Y,NA,A,01,0,1,0,0,1,0,0,0,0,-,-,NA,NA,SAN DIEGO,LA MESA,-117.01896667480467,32.764991760253906
8706419,2018,2018-10-02,3708,2018-06-24,0951,LM1275,NA,7,5,5,3708,0,0,0,NA,0,001,UNIVERSITY AV,MASSACHUSETTS AV,0,NA,Y,A,-,N,NA,NA,NA,NA,NA,NA,NA,NA,NA,Y,4,0,1,2,A,-,12,21453,A,N,D,C,A,A,H,-,A,A,0,NA,NA,NA,NA,Y,NA,A,01,0,0,1,0,0,0,0,0,0,-,-,NA,NA,SAN DIEGO,LA MESA,-117.04319763183594,32.755191802978516
8706774,2018,2018-09-27,3711,2018-09-08,1120,7042,NA,6,5,7,3711,0,0,0,NA,0,621,ULRIC ST,DUNLOP ST,5,N,N,A,-,N,NA,NA,NA,NA,NA,NA,NA,NA,NA,N,3,0,1,2,A,-,05,21650,1,M,B,G,A,A,H,-,A,D,0,NA,Y,NA,NA,Y,NA,L,04,0,1,0,0,0,0,1,0,0,-,-,NA,NA,SAN DIEGO,SAN DIEGO,-117.16887664794922,32.785614013671875
8706917,2018,2018-10-09,3711,2018-09-18,1150,4283,NA,2,5,7,3711,0,0,0,NA,0,114,BALBOA AV,GENESEE AV,0,NA,N,A,-,N,NA,NA,NA,NA,NA,NA,NA,NA,NA,N,3,0,1,2,A,-,03,22350,NA,N,C,C,A,A,H,-,A,D,0,NA,NA,NA,NA,Y,NA,-,NA,0,1,0,0,0,0,0,0,0,-,-,NA,NA,SAN DIEGO,SAN DIEGO,-117.18202209472656,32.81937026977539
8706929,2018,2018-10-10,3711,2018-09-19,1922,7418,NA,3,5,7,3711,0,0,0,NA,0,126,GENESEE AV,SCIENCE CENTER DR,400,E,N,A,-,N,NA,NA,NA,NA,NA,NA,NA,NA,NA,N,4,0,1,1,A,-,03,22350,NA,N,H,G,A,A,H,-,A,D,0,NA,Y,NA,NA,Y,NA,L,04,0,0,1,0,0,0,1,0,0,-,-,NA,NA,SAN DIEGO,SAN DIEGO,-117.23249816894533,32.88861846923828
8707598,2018,2018-10-22,3711,2018-07-13,1340,7310,NA,5,5,7,3711,0,0,0,NA,0,313,CLAIREMONT MESA BL,CONVOY ST,0,NA,Y,A,-,N,NA,NA,NA,NA,NA,NA,NA,NA,NA,Y,4,0,2,2,A,-,12,21453,NA,N,D,C,A,A,H,-,A,A,0,NA,NA,NA,NA,Y,NA,-,-,0,0,2,0,0,0,0,0,0,-,-,NA,NA,SAN DIEGO,SAN DIEGO,-117.15328216552734,32.83274841308594
8708139,2018,2018-10-09,3711,2018-09-08,1030,4824,NA,6,5,7,3711,0,0,0,NA,0,243,MIRAMAR RD,CABOT DR,528,E,N,A,-,N,NA,NA,NA,NA,NA,NA,NA,NA,NA,Y,4,0,1,2,A,-,09,21804,A,N,D,C,A,A,H,-,A,D,0,NA,NA,NA,NA,Y,NA,-,NA,0,0,1,0,0,0,0,0,0,-,-,NA,NA,SAN DIEGO,SAN DIEGO,-117.14137268066406,32.890602111816406
8708721,2018,2018-10-24,3711,2018-10-05,1556,6320,NA,5,5,7,3711,0,0,0,NA,0,821,EL CAJON BL,HARBISON,12,W,N,A,-,N,NA,NA,NA,NA,NA,NA,NA,NA,NA,N,4,0,2,2,A,-,09,21801,A,N,D,C,A,A,H,-,A,A,0,NA,NA,NA,NA,Y,NA,-,NA,0,0,2,0,0,0,0,0,0,-,-,NA,NA,SAN DIEGO,SAN DIEGO,-117.04138946533205,32.768798828125
8709561,2018,2018-10-15,3709,2018-04-24,1326,NC0371,NA,2,5,5,3709,0,0,0,NA,0,024,MILE OF CARS WY,HOOVER AV,0,NA,Y,A,-,N,NA,NA,NA,NA,NA,NA,NA,NA,NA,N,3,0,1,2,A,-,11,21461,5,N,G,B,D,A,H,-,A,A,0,Y,NA,NA,NA,Y,NA,N,60,0,1,0,0,1,0,0,0,0,-,-,NA,NA,SAN DIEGO,NATIONAL CITY,-117.10463988,32.66117005
8710306,2018,2018-10-16,3711,2018-09-25,0916,6193,NA,2,5,7,3711,0,0,0,NA,0,723,30TH ST,CORONADO AV,345,S,N,B,-,N,NA,NA,NA,NA,NA,NA,NA,NA,NA,Y,4,0,2,2,A,-,05,21460,A,N,A,C,A,A,H,-,A,D,0,NA,NA,NA,NA,Y,NA,A,01,0,0,2,0,0,0,0,0,0,-,-,NA,NA,SAN DIEGO,SAN DIEGO,-117.06896209716795,32.57575607299805
8712348,2018,2018-10-19,3705,2018-09-14,0700,EC0346,NA,5,5,5,3705,0,0,0,NA,0,001,EL CAJON BL,LEXINGTON AV,80,S,N,A,-,N,NA,NA,NA,NA,NA,NA,NA,NA,NA,Y,3,0,1,2,A,-,08,22107,NA,N,C,E,A,A,H,-,B,D,0,NA,NA,NA,NA,Y,Y,A,01,0,1,0,0,0,0,0,0,0,-,-,NA,NA,SAN DIEGO,EL CAJON,-116.96993255615234,32.7928581237793
8712734,2018,2018-11-15,3706,2018-10-05,1900,522,ESCON,5,5,6,3706,0,0,0,NA,0,051,CITRACADO PKWY,CENTRE CITY PKWY,0,NA,Y,A,-,N,NA,NA,NA,NA,NA,NA,NA,NA,NA,Y,3,0,2,3,A,-,12,21453,A,N,D,C,A,A,H,-,C,A,0,NA,NA,NA,NA,Y,NA,A,01,0,1,1,0,0,0,0,0,0,-,-,33.090789794921875,-117.07324981689452,SAN DIEGO,ESCONDIDO,-117.07308959960938,33.09077072143555
8713227,2018,2018-10-29,3711,2018-10-14,0153,8861,NA,7,5,7,3711,0,0,0,NA,0,621,GENESEE AV,PARK MESA WY,528,N,N,A,-,N,NA,NA,NA,NA,NA,NA,NA,NA,NA,Y,3,0,1,1,A,-,08,22107,NA,N,E,I,A,A,H,-,D,D,0,NA,NA,NA,NA,Y,Y,A,01,0,1,0,0,0,0,0,0,0,-,-,NA,NA,SAN DIEGO,SAN DIEGO,-117.17208099365234,32.79896926879883
8713231,2018,2018-10-29,3711,2018-10-12,0730,7810,NA,5,5,7,3711,0,0,0,NA,0,114,CLAIREMONT MESA BL,LIMERICK AV,84,E,N,A,-,N,NA,NA,NA,NA,NA,NA,NA,NA,NA,N,4,0,1,2,A,-,03,22350,NA,M,C,C,A,A,H,-,A,D,0,NA,NA,NA,NA,Y,NA,-,99,0,0,1,0,0,0,0,0,0,-,-,NA,NA,SAN DIEGO,SAN DIEGO,-117.1784896850586,32.834407806396484
8713622,2018,2018-10-18,3711,2018-10-03,1421,6834,NA,3,5,7,3711,0,0,0,NA,0,115,ROSELLE ST,SORRENTO VALLEY BL,0,NA,Y,A,-,N,NA,NA,NA,NA,NA,NA,NA,NA,NA,Y,3,0,1,3,A,-,12,22450,A,N,D,C,A,A,H,-,A,D,0,NA,NA,NA,NA,Y,NA,-,NA,0,1,0,0,0,0,0,0,0,-,-,NA,NA,SAN DIEGO,SAN DIEGO,-117.2238998413086,32.900821685791016
8713629,2018,2018-10-17,3711,2018-09-30,1730,7818,NA,7,5,7,3711,0,0,0,NA,0,245,POMERADO RD,CYPRESS CANYON PARK DR,0,NA,Y,A,-,N,NA,NA,NA,NA,NA,NA,NA,NA,NA,Y,3,0,2,2,D,-,00,NA,NA,N,D,C,A,A,H,-,A,A,0,NA,NA,NA,NA,Y,NA,-,-,0,2,0,0,0,0,0,0,0,-,-,NA,NA,SAN DIEGO,SAN DIEGO,-117.0626983642578,32.92182922363281
8713633,2018,2018-10-17,3711,2018-09-28,0922,7657,NA,5,5,7,3711,0,0,0,NA,0,712,S VISTA AV,AVERIL RD,34,W,N,B,-,N,NA,NA,NA,NA,NA,NA,NA,NA,NA,N,3,0,1,2,A,-,00,22802,A,M,B,C,A,A,H,-,A,A,0,NA,NA,NA,NA,Y,NA,-,-,0,1,0,0,0,0,0,0,0,-,-,NA,NA,SAN DIEGO,SAN DIEGO,-117.05426788330078,32.561283111572266
8713657,2018,2018-10-17,3711,2018-09-30,1747,4759,NA,7,5,7,3711,0,0,0,NA,0,122,INGRAHAM ST,FORTUNA AV,60,N,N,B,-,N,NA,NA,NA,NA,NA,NA,NA,NA,NA,Y,4,0,1,3,A,-,03,22350,NA,N,C,C,A,A,H,-,A,D,0,NA,NA,NA,NA,Y,Y,-,NA,0,0,1,0,0,0,0,0,0,-,-,NA,NA,SAN DIEGO,SAN DIEGO,-117.23865509033205,32.79249954223633
8713673,2018,2018-10-17,3711,2018-09-28,1838,5604,NA,5,5,7,3711,0,0,0,NA,0,611,MIDWAY DR,EAST DR,0,NA,Y,A,-,N,NA,NA,NA,NA,NA,NA,NA,NA,NA,Y,3,0,1,2,A,-,10,21950,A,M,G,B,B,A,H,-,B,A,0,Y,NA,NA,NA,Y,NA,-,NA,0,1,0,0,1,0,0,0,0,-,-,NA,NA,SAN DIEGO,SAN DIEGO,-117.20945739746094,32.75040054321289
8713692,2018,2018-10-19,3711,2018-09-28,2137,7290,SAN D,5,5,7,3711,0,0,0,NA,0,323,PARK RIDGE BL,NAVAJO RD,0,NA,Y,A,-,N,NA,NA,NA,NA,NA,NA,NA,NA,NA,Y,4,0,1,2,A,-,12,21453,NA,N,A,C,A,A,H,-,C,A,0,NA,NA,NA,NA,Y,NA,A,01,0,0,1,0,0,0,0,0,0,-,-,NA,NA,SAN DIEGO,SAN DIEGO,-117.05001068115234,32.80194091796875
8713968,2018,2018-10-22,3711,2018-10-06,1320,7411,NA,6,5,7,3711,0,0,0,NA,0,528,ASH ST,COLUMBIA ST,0,NA,Y,B,-,N,NA,NA,NA,NA,NA,NA,NA,NA,NA,N,2,0,1,2,A,-,12,21453,A,N,-,C,A,A,D,-,A,A,0,NA,NA,NA,NA,Y,NA,-,NA,1,0,0,0,0,0,0,0,0,-,-,NA,NA,SAN DIEGO,SAN DIEGO,-117.16741180419922,32.7198600769043
8715386,2018,2018-11-19,3700,2018-10-08,1100,SH2558,NA,1,5,5,3712,0,0,0,NA,0,352,DEER SPRING DR,SYCAMORE DR,0,NA,Y,A,-,N,NA,NA,NA,NA,NA,NA,NA,NA,NA,Y,4,0,1,2,C,-,18,NA,NA,N,D,C,A,A,H,-,A,A,0,NA,NA,NA,Y,Y,NA,-,-,0,0,1,0,0,0,0,0,0,-,-,NA,NA,SAN DIEGO,SAN MARCOS,-117.152099609375,33.186458587646484
8718103,2018,2018-10-17,3702,2018-08-28,2123,CV1165,NA,2,5,6,3702,0,0,0,NA,0,042,OTAY LAKES RD,EASTLAKE PKWY,1900,W,N,A,-,N,NA,NA,NA,NA,NA,NA,NA,NA,NA,Y,4,0,1,2,A,-,01,23152,A,N,B,C,A,A,H,-,C,D,0,NA,NA,NA,NA,Y,Y,A,01,0,0,1,0,0,0,0,0,0,-,-,NA,NA,SAN DIEGO,CHULA VISTA,-116.9711456298828,32.646087646484375
8720330,2018,2018-11-14,3702,2018-10-15,0635,CV1233,NA,1,5,6,3702,0,0,0,NA,0,014,2ND AV,H ST,0,NA,Y,A,-,N,NA,NA,NA,NA,NA,NA,NA,NA,NA,N,4,0,1,2,A,-,10,21950,A,N,G,B,B,A,H,-,B,A,0,Y,NA,NA,NA,Y,NA,A,01,0,0,1,0,1,0,0,0,0,-,-,NA,NA,SAN DIEGO,CHULA VISTA,-117.0731201171875,32.63555908203125
8720374,2018,2018-11-09,3702,2018-10-03,1650,CV1159,NA,3,5,6,3702,0,0,0,NA,0,042,EAST PALOMAR ST,LA MEDIA RD,9,E,N,A,-,N,NA,NA,NA,NA,NA,NA,NA,NA,NA,N,3,0,1,2,A,-,08,22107,NA,N,B,B,B,A,H,-,A,A,0,Y,NA,NA,NA,Y,NA,A,01,0,1,0,0,1,0,0,0,0,-,-,NA,NA,SAN DIEGO,CHULA VISTA,-116.98818206787108,32.63226318359375
8721662,2018,2018-11-05,3711,2018-10-10,1620,75,SD,3,5,7,3711,0,0,0,NA,0,521,MARKET ST,10TH AV,0,NA,Y,A,-,N,NA,NA,NA,NA,NA,NA,NA,NA,NA,N,3,0,1,2,A,-,08,22107,NA,N,D,C,A,A,H,-,A,A,0,NA,NA,NA,NA,Y,NA,A,01,0,1,0,0,0,0,0,0,0,-,-,NA,NA,SAN DIEGO,SAN DIEGO,-117.15557861328124,32.71152114868164
8721670,2018,2018-11-05,3711,2018-10-11,0800,7810,NA,4,5,7,3711,0,0,0,NA,0,113,JEMEZ DR,MORAGA AV,15,E,N,A,B,N,NA,NA,NA,NA,NA,NA,NA,NA,NA,Y,3,0,2,2,A,-,09,21802,A,N,D,C,A,A,H,-,A,D,0,NA,NA,NA,NA,Y,NA,-,NA,0,1,1,0,0,0,0,0,0,-,-,NA,NA,SAN DIEGO,SAN DIEGO,-117.21370697021484,32.82792663574219
8722625,2018,2018-10-30,3706,2018-10-13,1943,494,ESCON,6,5,6,3706,0,0,0,NA,0,045,AUTO PARK WY,AERO WY,0,NA,Y,B,-,N,NA,NA,NA,NA,NA,NA,NA,NA,NA,Y,3,0,1,1,C,-,18,NA,NA,N,E,J,A,D,B,-,C,A,0,NA,NA,Y,NA,Y,NA,-,-,0,1,0,0,0,0,0,0,1,-,-,33.1261100769043,-117.119873046875,SAN DIEGO,ESCONDIDO,-117.11994934082033,33.126060485839844
8722751,2018,2018-11-05,3711,2018-10-22,0000,7443,NA,1,5,7,3711,0,0,0,NA,0,523,5TH AV,ISLAND AV,60,N,N,A,-,N,NA,NA,NA,NA,NA,NA,NA,NA,NA,N,3,0,1,2,A,-,11,21950,B,N,G,B,D,A,H,-,C,A,0,Y,NA,NA,NA,Y,NA,N,60,0,1,0,0,1,0,0,0,0,-,-,NA,NA,SAN DIEGO,SAN DIEGO,-117.16011810302734,32.710594177246094
8723297,2018,2018-12-27,3700,2018-09-06,1304,SH2526,NA,4,5,4,3780,0,0,0,NA,0,412,RT 67,POWAY RD,0,NA,Y,A,-,Y,SD,11,67,-,-,13.56,I,5,N,Y,2,0,3,2,A,-,08,22101,D,N,D,C,A,A,H,-,A,A,0,NA,NA,NA,NA,Y,NA,A,01,2,1,0,0,0,0,0,0,0,-,-,NA,NA,SAN DIEGO,POWAY,-116.96226501464844,32.80324172973633
8726710,2018,2018-11-08,3711,2018-10-10,1400,6640,SAN D,3,5,7,3711,0,0,0,NA,0,315,CAM DEL RIO SOUTH,AUTO CIR,1584,E,N,B,-,N,NA,NA,NA,NA,NA,NA,NA,NA,NA,N,4,0,1,2,A,-,04,21703,NA,N,C,C,A,A,H,-,A,D,0,NA,NA,NA,NA,Y,NA,-,NA,0,0,1,0,0,0,0,0,0,-,-,NA,NA,SAN DIEGO,SAN DIEGO,-117.14968354,32.76614137
8727564,2019,2019-02-15,3710,2019-01-24,2219,OC1453,023,4,5,6,3710,0,0,0,NA,0,009,THE DEPOT RD,MELROSE DR,0,NA,Y,A,-,N,NA,NA,NA,NA,NA,NA,NA,NA,NA,Y,4,0,1,1,A,-,07,21658,A,N,E,I,A,A,H,-,C,A,0,NA,NA,NA,NA,Y,NA,A,08,0,0,1,0,0,0,0,0,0,-,-,33.24974060058594,-117.26348114013672,SAN DIEGO,OCEANSIDE,-117.26373291015624,33.24987030029297
8727632,2018,2018-11-08,3709,2018-10-20,0940,NC0371,NA,6,5,5,3709,0,0,0,NA,0,024,24TH ST,A AV,163,E,N,A,-,N,NA,NA,NA,NA,NA,NA,NA,NA,NA,Y,3,0,2,2,A,-,09,21804,A,N,D,C,A,A,H,-,A,D,0,NA,NA,NA,NA,Y,NA,A,01,0,1,1,0,0,0,0,0,0,-,-,NA,NA,SAN DIEGO,NATIONAL CITY,-117.10000610351563,32.66244888305664
8727675,2018,2018-11-05,3700,2018-10-18,1710,SH0817,NA,4,5,5,3712,0,0,0,NA,0,359,WEST SAN MARCOS BL,SOUTH RANCHO SANTA FE RD,86,E,N,A,-,N,NA,NA,NA,NA,NA,NA,NA,NA,NA,N,4,0,2,3,A,-,03,22350,NA,N,C,C,A,A,H,-,A,A,0,NA,NA,NA,NA,Y,NA,A,07,0,0,2,0,0,0,0,0,0,-,-,NA,NA,SAN DIEGO,SAN MARCOS,-117.20816802978516,33.13129425048828
8728406,2018,2018-11-09,3702,2018-10-26,1751,CV1234,NA,5,5,6,3702,0,0,0,NA,0,013,3RD AV,H ST,0,N,N,A,-,N,NA,NA,NA,NA,NA,NA,NA,NA,NA,N,4,0,1,2,A,-,03,22350,NA,N,C,C,A,A,H,-,B,A,0,NA,NA,NA,NA,Y,NA,A,01,0,0,1,0,0,0,0,0,0,-,-,NA,NA,SAN DIEGO,CHULA VISTA,-117.07723236083984,32.6343994140625
8728475,2018,2018-11-19,3702,2018-10-06,2355,CV1242,NA,6,5,6,3702,0,0,0,NA,0,021,MAIN ST,FRONTAGE RD,0,NA,Y,A,-,N,NA,NA,NA,NA,NA,NA,NA,NA,NA,Y,2,0,1,1,A,-,01,23152,A,N,F,I,A,A,H,-,C,A,0,NA,NA,NA,NA,Y,Y,A,01,1,0,0,0,0,0,0,0,0,-,-,NA,NA,SAN DIEGO,CHULA VISTA,-117.09068298339844,32.59524154663086
8728686,2018,2018-11-07,3702,2018-08-31,0720,CV0730,NA,5,5,6,3702,0,0,0,NA,0,042,EASTLAKE PKWY,TITAN WY,30,S,N,A,-,N,NA,NA,NA,NA,NA,NA,NA,NA,NA,Y,4,0,2,2,A,-,04,21703,NA,N,C,C,A,A,H,-,A,A,0,NA,NA,NA,NA,Y,NA,A,07,0,0,2,0,0,0,0,0,0,-,-,NA,NA,SAN DIEGO,CHULA VISTA,NA,NA
8728732,2018,2018-11-08,3711,2018-10-05,1212,5747,NA,5,5,7,3711,0,0,0,NA,0,615,WILLOW ST,BYRON ST,0,NA,Y,A,-,N,NA,NA,NA,NA,NA,NA,NA,NA,NA,N,3,0,1,2,A,-,09,21803,A,N,B,C,A,A,H,-,A,D,0,NA,NA,NA,NA,Y,NA,-,NA,0,1,0,0,0,0,0,0,0,-,-,NA,NA,SAN DIEGO,SAN DIEGO,-117.23388671875,32.724369049072266
8731375,2018,2018-11-05,3711,2018-09-19,1550,7291,NA,3,5,7,3711,0,0,0,NA,0,621,LINDA VISTA RD,LINDA VISTA RD 7300,0,NA,Y,A,-,N,NA,NA,NA,NA,NA,NA,NA,NA,NA,Y,4,0,1,3,A,-,03,22350,A,N,C,C,A,A,H,-,A,D,0,NA,NA,NA,NA,Y,NA,A,01,0,0,1,0,0,0,0,0,0,-,-,NA,NA,SAN DIEGO,SAN DIEGO,-117.16590285,32.79165569
8731383,2018,2018-11-02,3711,2018-09-21,1807,7738,NA,5,5,7,3711,0,0,0,NA,0,122,MISSION BL,GRAND AV,65,S,N,A,-,N,NA,NA,NA,NA,NA,NA,NA,NA,NA,N,3,0,1,1,A,-,03,22350,NA,N,H,A,A,A,H,-,A,D,0,NA,NA,NA,NA,Y,NA,M,94,0,1,0,0,0,0,0,0,0,-,-,NA,NA,SAN DIEGO,SAN DIEGO,-117.25486755371094,32.79453659057617
8732021,2018,2018-12-28,3709,2018-10-09,1510,NC0492,NA,2,5,5,3709,0,0,0,NA,0,023,EAST 30TH ST,E 30TH ST 800,0,NA,N,A,-,N,NA,NA,NA,NA,NA,NA,NA,NA,NA,Y,3,0,1,1,A,-,03,22350,NA,N,F,I,A,A,H,-,A,A,0,NA,NA,NA,NA,Y,NA,A,07,0,1,0,0,0,0,0,0,0,-,-,NA,NA,SAN DIEGO,NATIONAL CITY,-117.09133297,32.65915611
8732541,2018,2018-11-15,3705,2018-10-09,1555,EC0631,NA,2,5,5,3705,0,0,0,NA,0,002,LEXINGTON,CLAYDELLE,28,E,N,A,-,N,NA,NA,NA,NA,NA,NA,NA,NA,NA,Y,3,0,4,2,A,-,09,21802,A,N,D,C,A,A,H,-,A,D,0,NA,NA,NA,NA,Y,NA,A,01,0,1,3,0,0,0,0,0,0,-,-,NA,NA,SAN DIEGO,EL CAJON,-116.95870208740234,32.79270935058594
8732759,2018,2018-12-03,3711,2018-10-19,0631,5624,NA,5,5,7,3711,0,0,0,NA,0,723,PICADOR BL,TEBO CT,81,S,N,A,-,N,NA,NA,NA,NA,NA,NA,NA,NA,NA,Y,4,0,1,2,A,-,09,21804,A,N,D,C,A,A,H,-,B,D,0,NA,NA,NA,NA,Y,NA,-,-,0,0,1,0,0,0,0,0,0,-,-,NA,NA,SAN DIEGO,SAN DIEGO,-117.06033325195313,32.580474853515625
8732851,2018,2018-11-27,3711,2018-11-02,2329,7488,NA,5,5,7,3711,0,0,0,NA,0,722,CORONADO AV,HOLLISTER ST,0,NA,Y,A,-,N,NA,NA,NA,NA,NA,NA,NA,NA,NA,Y,4,0,1,2,A,-,03,22350,NA,N,A,C,A,A,H,-,C,A,0,NA,NA,NA,NA,Y,NA,-,NA,0,0,1,0,0,0,0,0,0,-,-,NA,NA,SAN DIEGO,SAN DIEGO,-117.08408355712892,32.576480865478516
8734028,2018,2018-11-15,3711,2018-08-15,1200,7599,NA,3,5,7,3711,0,0,0,NA,0,621,COMSTOCK ST,LANGMUIR ST,0,NA,Y,A,-,N,NA,NA,NA,NA,NA,NA,NA,NA,NA,N,4,0,1,2,A,-,09,21801,A,N,A,C,A,A,H,-,A,D,0,NA,NA,NA,NA,Y,NA,A,01,0,0,1,0,0,0,0,0,0,-,-,NA,NA,SAN DIEGO,SAN DIEGO,-117.17384338378906,32.78464889526367