CASE_ID,ACCIDENT_YEAR,PROC_DATE,JURIS,COLLISION_DATE,COLLISION_TIME,OFFICER_ID,REPORTING_DISTRICT,DAY_OF_WEEK,CHP_SHIFT,POPULATION,CNTY_CITY_LOC,SPECIAL_COND,BEAT_TYPE,CHP_BEAT_TYPE,CITY_DIVISION_LAPD,CHP_BEAT_CLASS,BEAT_NUMBER,PRIMARY_RD,SECONDARY_RD,DISTANCE,DIRECTION,INTERSECTION,WEATHER_1,WEATHER_2,STATE_HWY_IND,CALTRANS_COUNTY,CALTRANS_DISTRICT,STATE_ROUTE,ROUTE_SUFFIX,POSTMILE_PREFIX,POSTMILE,LOCATION_TYPE,RAMP_INTERSECTION,SIDE_OF_HWY,TOW_AWAY,COLLISION_SEVERITY,NUMBER_KILLED,NUMBER_INJURED,PARTY_COUNT,PRIMARY_COLL_FACTOR,PCF_CODE_OF_VIOL,PCF_VIOL_CATEGORY,PCF_VIOLATION,PCF_VIOL_SUBSECTION,HIT_AND_RUN,TYPE_OF_COLLISION,MVIW,PED_ACTION,ROAD_SURFACE,ROAD_COND_1,ROAD_COND_2,LIGHTING,CONTROL_DEVICE,CHP_ROAD_TYPE,PEDESTRIAN_ACCIDENT,BICYCLE_ACCIDENT,MOTORCYCLE_ACCIDENT,TRUCK_ACCIDENT,NOT_PRIVATE_PROPERTY,ALCOHOL_INVOLVED,STWD_VEHTYPE_AT_FAULT,CHP_VEHTYPE_AT_FAULT,COUNT_SEVERE_INJ,COUNT_VISIBLE_INJ,COUNT_COMPLAINT_PAIN,COUNT_PED_KILLED,COUNT_PED_INJURED,COUNT_BICYCLIST_KILLED,COUNT_BICYCLIST_INJURED,COUNT_MC_KILLED,COUNT_MC_INJURED,PRIMARY_RAMP,SECONDARY_RAMP,LATITUDE,LONGITUDE,COUNTY,CITY,POINT_X,POINT_Y
8968060,2019,2019-11-15,3711,2019-10-07,1323,SD5985,NA,1,5,7,3711,0,0,0,NA,0,313,COPELY DR,HICKMAN FIELD DR,350,E,N,A,-,N,NA,NA,NA,NA,NA,NA,NA,NA,NA,Y,4,0,2,3,A,-,04,21703,NA,N,C,C,A,A,H,-,A,D,0,NA,NA,NA,NA,Y,NA,A,01,0,0,2,0,0,0,0,0,0,-,-,NA,NA,SAN DIEGO,SAN DIEGO,-117.16643524169922,32.840003967285156
8969602,2019,2019-11-19,3711,2019-10-21,1626,SD7290,NA,1,5,7,3711,0,0,0,NA,0,313,CHESAPEAKE DR,CHESAPEAKE DR 9600,0,NA,Y,A,-,N,NA,NA,NA,NA,NA,NA,NA,NA,NA,Y,4,0,2,2,A,-,03,22350,NA,N,B,C,A,A,H,-,A,D,0,NA,NA,NA,NA,Y,NA,A,01,0,0,2,0,0,0,0,0,0,-,-,NA,NA,SAN DIEGO,SAN DIEGO,NA,NA
8970125,2019,2019-12-09,3701,2019-09-25,1123,CB5538,037,3,5,5,3701,0,0,0,NA,0,002,GARFIELD ST,CHINQUAPIN AV,0,NA,Y,A,-,N,NA,NA,NA,NA,NA,NA,NA,NA,NA,Y,4,0,1,2,A,-,09,21802,A,N,D,C,A,A,H,-,A,D,0,NA,NA,NA,NA,Y,NA,A,01,0,0,1,0,0,0,0,0,0,-,-,NA,NA,SAN DIEGO,CARLSBAD,-117.34290313720705,33.147098541259766
8970500,2019,2019-12-19,3700,2019-10-24,0746,SH7085,NA,4,5,5,3713,0,0,0,NA,0,315,SYCAMORE AV,THIBODO RD,0,NA,Y,A,-,N,NA,NA,NA,NA,NA,NA,NA,NA,NA,Y,4,0,2,3,A,-,12,21453,A,N,D,C,A,A,H,-,A,A,0,NA,NA,NA,NA,Y,NA,-,NA,0,0,2,0,0,0,0,0,0,-,-,NA,NA,SAN DIEGO,VISTA,-117.21572875976563,33.165889739990234
8971226,2019,2020-01-22,3706,2019-11-05,1723,223,ESCON,2,5,6,3706,0,0,0,NA,0,045,QUINCE ST,MISSION AV,270,S,N,A,-,N,NA,NA,NA,NA,NA,NA,NA,NA,NA,Y,4,0,1,3,A,-,03,22350,NA,N,C,C,A,A,H,-,C,D,0,NA,NA,NA,NA,Y,NA,A,01,0,0,1,0,0,0,0,0,0,-,-,33.1279411315918,-117.09333038330078,SAN DIEGO,ESCONDIDO,-117.09310913085938,33.12712478637695
8971803,2019,2019-11-19,3711,2019-10-15,1024,SD5450,NA,2,5,7,3711,0,0,0,NA,0,322,ZION AV,SEAMAN CT,0,NA,Y,A,-,N,NA,NA,NA,NA,NA,NA,NA,NA,NA,N,3,0,2,2,A,-,09,21802,A,N,B,C,A,A,H,-,A,D,0,NA,NA,NA,NA,Y,NA,A,01,0,1,1,0,0,0,0,0,0,-,-,NA,NA,SAN DIEGO,SAN DIEGO,-117.09187316894533,32.79296112060547
8973449,2019,2019-12-17,3711,2019-10-10,0500,SD7169,NA,4,5,7,3711,0,0,0,NA,0,233,CARMEL MOUNTAIN RD,VIA LAS LENAS,150,S,N,A,-,N,NA,NA,NA,NA,NA,NA,NA,NA,NA,N,4,0,1,1,B,-,22,NA,NA,N,A,I,A,A,C,G,C,D,0,NA,NA,NA,NA,Y,NA,A,01,0,0,1,0,0,0,0,0,0,-,-,NA,NA,SAN DIEGO,SAN DIEGO,-117.14826202392578,32.95311737060547
8974532,2019,2020-09-29,3709,2019-10-29,0643,334,NA,2,5,5,3709,0,0,0,NA,0,020,WEST 8TH ST,RT 5,0,NA,-,A,-,Y,SD,11,5,-,R,11.13,R,4,S,Y,4,0,1,2,A,-,09,21802,A,N,D,C,A,A,H,-,B,A,0,NA,NA,NA,NA,Y,NA,A,01,0,0,1,0,0,0,0,0,0,-,NF,32.67393112182617,-117.11366271972656,SAN DIEGO,NATIONAL CITY,-117.1098861694336,32.67477798461914
8976597,2019,2019-11-20,3702,2019-09-16,1703,CV1277,NA,1,5,6,3702,0,0,0,NA,0,021,PALOMAR ST,INDUSTRIAL BL,15,E,N,A,-,N,NA,NA,NA,NA,NA,NA,NA,NA,NA,N,3,0,2,2,A,-,03,22350,NA,N,C,C,A,A,H,-,A,A,0,NA,NA,NA,NA,Y,NA,A,01,0,1,1,0,0,0,0,0,0,-,-,NA,NA,SAN DIEGO,CHULA VISTA,-117.08556365966795,32.60392761230469
8976642,2019,2019-12-17,3702,2019-10-20,0701,CV1200,NA,7,5,6,3702,0,0,0,NA,0,031,OTAY LAKES RD,EAST H ST,0,NA,Y,A,-,N,NA,NA,NA,NA,NA,NA,NA,NA,NA,Y,4,0,2,2,A,-,09,21802,B,N,A,C,A,A,H,-,A,A,0,NA,NA,NA,NA,Y,NA,A,01,0,0,2,0,0,0,0,0,0,-,-,NA,NA,SAN DIEGO,CHULA VISTA,-116.99893188476563,32.644771575927734
8977465,2019,2020-02-04,3711,2019-10-21,2153,SD7859,NA,1,5,7,3711,0,0,0,NA,0,311,MURRAY RIDGE RD,RT 805,0,NA,Y,A,-,Y,SD,11,805,-,-,18.497,R,4,N,Y,4,0,2,2,A,-,12,21453,A,N,D,C,A,A,H,-,C,A,0,NA,NA,NA,NA,Y,NA,A,01,0,0,2,0,0,0,0,0,0,-,NF,NA,NA,SAN DIEGO,SAN DIEGO,-117.14000701904295,32.78220748901367
8977509,2019,2019-11-20,3706,2019-10-16,0630,374,ESCON,3,5,6,3706,0,0,0,NA,0,056,BEAR VALLEY PKWY,MIDWAY DR,0,NA,Y,A,-,N,NA,NA,NA,NA,NA,NA,NA,NA,NA,N,3,0,1,2,A,-,17,21451,A,F,H,G,A,A,H,-,B,A,0,NA,Y,NA,NA,Y,NA,A,01,0,1,0,0,0,0,1,0,0,-,-,33.128108978271484,-117.04580688476563,SAN DIEGO,ESCONDIDO,-117.0455322265625,33.12887191772461
8978252,2019,2019-12-05,3711,2019-10-30,1016,7759,NA,3,5,7,3711,0,0,0,NA,0,114,DUBOIS DR,CLAIREMONT MESA BL,0,NA,Y,A,-,N,NA,NA,NA,NA,NA,NA,NA,NA,NA,Y,4,0,1,2,A,-,09,21802,A,N,A,C,A,A,H,-,A,D,0,NA,NA,NA,NA,Y,NA,A,01,0,0,1,0,0,0,0,0,0,-,-,NA,NA,SAN DIEGO,SAN DIEGO,-117.19772338867188,32.834449768066406
8978275,2019,2019-12-05,3711,2019-10-27,0050,8672,NA,7,5,7,3711,0,0,0,NA,0,627,WALNUT AV,4TH AV,45,E,N,A,-,N,NA,NA,NA,NA,NA,NA,NA,NA,NA,Y,3,0,1,2,A,-,17,21657,NA,N,C,E,A,A,H,-,C,A,0,NA,NA,NA,NA,Y,Y,A,01,0,1,0,0,0,0,0,0,0,-,-,NA,NA,SAN DIEGO,SAN DIEGO,-117.16120147705078,32.741455078125
8979345,2019,2019-12-13,3709,2019-09-07,1608,NC0470,NA,6,5,5,3709,0,0,0,NA,0,021,EAST 8TH ST,EAST 8TH ST 1900,0,NA,Y,A,-,N,NA,NA,NA,NA,NA,NA,NA,NA,NA,Y,4,0,1,5,A,-,-,NA,NA,N,E,D,A,A,H,-,A,D,0,NA,NA,NA,NA,Y,NA,A,01,0,0,1,0,0,0,0,0,0,-,-,NA,NA,SAN DIEGO,NATIONAL CITY,NA,NA
8980157,2019,2020-01-23,3706,2019-11-07,1907,492,ESCON,4,5,6,3706,0,0,0,NA,0,042,LINCOLN AV,MARTIN DR,50,E,N,A,-,N,NA,NA,NA,NA,NA,NA,NA,NA,NA,Y,3,0,1,2,A,-,01,23152,A,N,C,C,A,A,H,-,C,D,0,NA,NA,NA,NA,Y,Y,D,22,0,1,0,0,0,0,0,0,0,-,-,33.13740158081055,-117.07646942138672,SAN DIEGO,ESCONDIDO,-117.07630157470705,33.137447357177734
8980228,2019,2019-11-21,3701,2019-10-25,0930,5484,105,5,5,5,3701,0,0,0,NA,0,007,ALGA RD,ALICANTE RD,40,W,N,A,-,N,NA,NA,NA,NA,NA,NA,NA,NA,NA,N,3,0,2,2,A,-,09,21453,C,N,D,C,A,A,H,-,A,A,0,NA,NA,NA,NA,Y,NA,A,01,0,1,1,0,0,0,0,0,0,-,-,33.10060119628906,-117.25747680664063,SAN DIEGO,CARLSBAD,-117.25766754150392,33.10047149658203
8984852,2019,2019-12-31,3711,2019-11-06,0825,SD7947,NA,3,5,7,3711,0,0,0,NA,0,511,CESAR CHAVEZ PKWY,MAIN ST,0,NA,Y,A,-,N,NA,NA,NA,NA,NA,NA,NA,NA,NA,N,4,0,1,2,B,-,22,NA,NA,N,G,B,B,A,H,-,A,A,0,Y,NA,NA,NA,Y,NA,A,07,0,0,1,0,1,0,0,0,0,-,-,NA,NA,SAN DIEGO,SAN DIEGO,-117.14662,32.699
8985111,2019,2020-06-26,3706,2019-10-25,2047,524,ESCON,5,5,6,3706,0,0,0,NA,0,053,VIA RANCHO PKWY,DEL LAGO BL,60,E,N,A,-,Y,SD,11,805,-,-,26.999,R,4,S,N,4,0,1,2,A,-,03,22350,NA,N,A,C,A,A,H,-,C,A,0,NA,NA,NA,NA,Y,NA,A,01,0,0,1,0,0,0,0,0,0,-,-,NA,NA,SAN DIEGO,ESCONDIDO,-117.2053680419922,32.889671325683594
8985759,2019,2020-01-10,3711,2019-11-25,1333,SD7180,NA,1,5,7,3711,0,0,0,NA,0,624,NORMAL ST,EL CAJON RD,0,NA,Y,-,-,N,NA,NA,NA,NA,NA,NA,NA,NA,NA,N,4,0,1,2,A,-,05,21651,B,N,-,-,A,-,-,-,-,-,0,NA,NA,NA,NA,Y,NA,A,01,0,0,1,0,0,0,0,0,0,-,-,NA,NA,SAN DIEGO,SAN DIEGO,-117.14630126953124,32.75532150268555
8986448,2019,2020-01-27,3711,2019-11-10,2245,SD7588,NA,7,5,7,3711,0,0,0,NA,0,526,ASH ST,4TH AV,0,NA,Y,A,-,N,NA,NA,NA,NA,NA,NA,NA,NA,NA,Y,3,0,1,2,D,-,00,NA,NA,N,D,C,A,A,H,-,C,A,0,NA,NA,NA,NA,Y,NA,-,-,0,1,0,0,0,0,0,0,0,-,-,NA,NA,SAN DIEGO,SAN DIEGO,-117.1611328125,32.71989059448242
8986910,2019,2020-02-04,3711,2019-10-29,1520,SD8822,NA,2,5,7,3711,0,0,0,NA,0,315,CAMINO DEL RIO S,RT 15,0,NA,Y,A,-,Y,SD,11,15,-,R,6.211,R,4,S,N,4,0,1,3,A,-,09,21804,A,M,D,C,A,A,H,-,A,A,0,NA,NA,NA,NA,Y,NA,A,01,0,0,1,0,0,0,0,0,0,-,-,NA,NA,SAN DIEGO,SAN DIEGO,-117.1129913330078,32.780216217041016
8987714,2019,2020-01-22,3700,2019-11-04,1350,SH4586,NA,1,5,5,3713,0,0,0,NA,0,308,WEST VISTA WY,CEDAR RD,0,NA,Y,A,-,N,NA,NA,NA,NA,NA,NA,NA,NA,NA,Y,4,0,1,3,A,-,09,21801,A,N,D,C,A,A,H,-,A,D,0,NA,NA,NA,NA,Y,NA,A,01,0,0,1,0,0,0,0,0,0,-,-,NA,NA,SAN DIEGO,VISTA,-117.28378295898438,33.18606948852539
8988651,2019,2019-12-24,3710,2019-10-23,1200,OC1274,NA,3,5,6,3710,0,0,0,NA,0,027,COLLEGE BL,WARING RD,40,N,N,A,-,N,NA,NA,NA,NA,NA,NA,NA,NA,NA,N,4,0,1,2,A,-,21,22106,NA,N,C,C,A,A,H,-,A,A,0,NA,NA,NA,NA,Y,NA,D,22,0,0,1,0,0,0,0,0,0,-,-,NA,NA,SAN DIEGO,OCEANSIDE,-117.29634857177734,33.18629455566406
8990231,2019,2019-12-16,3705,2019-02-08,0937,EC0219,NA,5,5,5,3705,0,0,0,NA,0,002,EAST MAIN ST,SAFARI DR,209,E,N,A,-,N,NA,NA,NA,NA,NA,NA,NA,NA,NA,N,3,0,2,8,A,-,08,22107,NA,N,E,J,F,A,H,-,A,A,0,Y,NA,NA,Y,Y,NA,F,26,0,1,1,0,1,0,0,0,0,-,-,NA,NA,SAN DIEGO,EL CAJON,-116.94152069091795,32.79493713378906
8991270,2019,2020-02-28,3701,2019-11-25,0857,CB5548,81,1,5,5,3701,0,0,0,NA,0,006,LOKER AVENUE WEST,PALOMAR AIRPORT RD,361,S,N,A,-,N,NA,NA,NA,NA,NA,NA,NA,NA,NA,Y,4,0,1,2,A,-,09,21804,A,N,D,C,A,A,H,-,A,D,0,NA,NA,NA,Y,Y,NA,G,25,0,0,1,0,0,0,0,0,0,-,-,33.1314697265625,-117.25942993164063,SAN DIEGO,CARLSBAD,-117.25943756103516,33.130638122558594
8991987,2019,2020-01-29,3705,2019-11-08,1115,EC0219,NA,5,5,5,3705,0,0,0,NA,0,001,FLETCHER PKWY,BUENA TER,0,NA,Y,A,-,N,NA,NA,NA,NA,NA,NA,NA,NA,NA,Y,4,0,1,1,A,-,01,23152,A,N,E,I,A,A,H,-,A,A,0,NA,NA,NA,NA,Y,Y,A,01,0,0,1,0,0,0,0,0,0,-,-,NA,NA,SAN DIEGO,EL CAJON,-116.98439025878906,32.80696105957031
8992163,2019,2020-01-23,3711,2019-11-08,1014,SD8192,NA,5,5,7,3711,0,0,0,NA,0,813,32ND ST,UNIVERSITY AV,100,N,N,A,-,N,NA,NA,NA,NA,NA,NA,NA,NA,NA,N,3,0,2,2,A,-,09,21804,A,N,A,C,A,A,H,-,A,D,0,NA,NA,NA,NA,Y,NA,A,01,0,1,1,0,0,0,0,0,0,-,-,NA,NA,SAN DIEGO,SAN DIEGO,-117.1252212524414,32.748775482177734
8992190,2019,2020-01-16,3711,2019-11-10,1149,SD8192,NA,7,5,7,3711,0,0,0,NA,0,814,ADAMS AV,FELTON ST,75,E,N,A,-,N,NA,NA,NA,NA,NA,NA,NA,NA,NA,N,3,0,2,2,A,-,09,21804,A,N,A,C,A,A,H,-,A,A,0,NA,NA,NA,NA,Y,NA,A,01,0,2,0,0,0,0,0,0,0,-,-,NA,NA,SAN DIEGO,SAN DIEGO,-117.1215362548828,32.76337814331055
8992235,2019,2020-01-23,3711,2019-11-11,2040,SD7692,NA,1,5,7,3711,0,0,0,NA,0,524,5TH AV,B ST,0,NA,Y,A,-,N,NA,NA,NA,NA,NA,NA,NA,NA,NA,N,4,0,1,2,B,-,22,NA,NA,M,C,C,A,A,H,-,C,A,0,NA,NA,NA,NA,Y,NA,A,01,0,0,1,0,0,0,0,0,0,-,-,NA,NA,SAN DIEGO,SAN DIEGO,-117.16018676757813,32.71780014038086
8992402,2019,2020-02-11,3711,2019-11-16,1548,SD7419,NA,6,5,7,3711,0,0,0,NA,0,232,RANCHO CARMEL DR,SHOAL CREEK DR,0,NA,Y,A,-,N,NA,NA,NA,NA,NA,NA,NA,NA,NA,Y,4,0,1,2,A,-,12,21453,NA,N,D,D,A,A,H,-,A,A,0,NA,NA,NA,NA,Y,NA,A,01,0,0,1,0,0,0,0,0,0,-,-,NA,NA,SAN DIEGO,SAN DIEGO,-117.08563232421876,32.9716796875
8992473,2019,2020-01-13,3711,2019-11-16,2313,SD7555,NA,6,5,7,3711,0,0,0,NA,0,937,CARMEL VALLEY RD,BLACK MOUNTAIN RD,0,NA,Y,B,-,N,NA,NA,NA,NA,NA,NA,NA,NA,NA,Y,4,0,3,2,A,-,03,22350,NA,N,D,C,A,A,H,-,C,A,0,NA,NA,NA,NA,Y,NA,A,01,0,0,3,0,0,0,0,0,0,-,-,NA,NA,SAN DIEGO,SAN DIEGO,-117.13201904296876,32.985130310058594
8992888,2019,2020-01-22,3711,2019-11-06,1720,SD7297,NA,3,5,7,3711,0,0,0,NA,0,325,JACKSON DR,NAVAJO RD,0,NA,Y,A,-,N,NA,NA,NA,NA,NA,NA,NA,NA,NA,N,4,0,1,2,A,-,04,21703,NA,N,C,C,A,A,H,-,C,A,0,NA,NA,NA,NA,Y,NA,A,01,0,0,1,0,0,0,0,0,0,-,-,NA,NA,SAN DIEGO,SAN DIEGO,-117.04608154296876,32.80393981933594
8992892,2019,2020-01-22,3711,2019-11-06,1629,SD7942,NA,3,5,7,3711,0,0,0,NA,0,611,CAMINO DEL RIO W,GAINES ST,135,N,N,A,-,N,NA,NA,NA,NA,NA,NA,NA,NA,NA,N,4,0,1,2,A,-,03,22350,NA,N,C,C,A,A,H,-,A,D,0,NA,NA,NA,NA,Y,NA,A,01,0,0,1,0,0,0,0,0,0,-,-,NA,NA,SAN DIEGO,SAN DIEGO,-117.20506286621094,32.753387451171875
8992936,2019,2020-01-22,3711,2019-11-16,1705,SD7763,NA,6,5,7,3711,0,0,0,NA,0,111,MOUNT ABERNATHY AV,BALBOA AV,0,NA,N,A,-,N,NA,NA,NA,NA,NA,NA,NA,NA,NA,N,4,0,1,1,A,-,08,22107,NA,N,F,J,A,A,H,-,C,D,0,NA,NA,NA,NA,Y,Y,A,01,0,0,1,0,0,0,0,0,0,-,-,NA,NA,SAN DIEGO,SAN DIEGO,-117.17613983154295,32.82038879394531
8993924,2019,2020-01-16,3711,2019-11-14,1440,5842,NA,4,5,7,3711,0,0,0,NA,0,931,SORRENTO VALLEY BL,JUNIPER PARK LN,0,NA,Y,A,-,N,NA,NA,NA,NA,NA,NA,NA,NA,NA,Y,4,0,2,2,A,-,12,21453,A,N,D,C,A,A,H,-,A,A,0,NA,NA,NA,NA,Y,NA,A,07,0,0,2,0,0,0,0,0,0,-,-,NA,NA,SAN DIEGO,SAN DIEGO,-117.19799041748048,32.91318893432617
8997425,2019,2020-01-25,3706,2019-09-24,1120,342,NA,2,5,6,3706,0,0,0,NA,0,052,GARNET AV,JUNIPER ST,0,NA,Y,A,-,N,NA,NA,NA,NA,NA,NA,NA,NA,NA,N,4,0,1,2,A,-,03,22350,NA,N,D,C,A,A,H,-,A,D,0,NA,NA,Y,NA,Y,NA,C,02,0,0,1,0,0,0,0,0,1,-,-,33.12303161621094,-117.07869720458984,SAN DIEGO,ESCONDIDO,NA,NA
8998006,2019,2020-01-15,3711,2019-11-10,1900,SD7797,NA,7,5,7,3711,0,0,0,NA,0,447,EUCLID AV,FIR ST,140,S,N,A,-,N,NA,NA,NA,NA,NA,NA,NA,NA,NA,N,4,0,1,2,A,-,11,21954,A,N,G,B,E,A,H,-,D,D,0,Y,NA,NA,NA,Y,NA,N,60,0,0,1,0,1,0,0,0,0,-,-,NA,NA,SAN DIEGO,SAN DIEGO,-117.08493041992188,32.725128173828125
8998045,2019,2020-01-15,3711,2019-11-13,1812,SD7120,NA,3,5,7,3711,0,0,0,NA,0,813,UNIVERSITY AV,BANCROFT ST,0,NA,Y,A,-,N,NA,NA,NA,NA,NA,NA,NA,NA,NA,N,4,0,1,2,A,-,12,22450,A,N,D,G,A,A,H,-,C,A,0,NA,Y,NA,NA,Y,NA,A,08,0,0,1,0,0,0,1,0,0,-,-,NA,NA,SAN DIEGO,SAN DIEGO,-117.12393951416016,32.74850082397461
8998354,2019,2020-01-29,3702,2019-11-06,1520,1242,NA,3,5,6,3702,0,0,0,NA,0,042,S GREENSVIEW DR,HUNTE PKWY,217,W,N,A,-,N,NA,NA,NA,NA,NA,NA,NA,NA,NA,Y,3,0,1,1,A,-,03,22350,NA,N,E,I,A,A,H,-,A,A,0,NA,NA,NA,NA,Y,NA,A,01,0,1,0,0,0,0,0,0,0,-,-,NA,NA,SAN DIEGO,CHULA VISTA,-116.95138549804688,32.634342193603516
8998362,2019,2020-01-29,3702,2019-11-05,1800,1281,NA,2,5,6,3702,0,0,0,NA,0,022,3RD AV,NAPLES ST,410,N,N,A,-,N,NA,NA,NA,NA,NA,NA,NA,NA,NA,N,4,0,1,2,A,-,03,22350,NA,N,D,G,A,A,H,-,C,D,0,NA,Y,NA,NA,Y,NA,L,04,0,0,1,0,0,0,1,0,0,-,-,NA,NA,SAN DIEGO,CHULA VISTA,-117.06950378417967,32.61474609375
8998444,2019,2020-01-24,3711,2019-11-17,1132,SD8192,NA,7,5,7,3711,0,0,0,NA,0,841,UNIVERSITY AV,COLLEGE AV,160,E,N,A,-,N,NA,NA,NA,NA,NA,NA,NA,NA,NA,N,3,0,1,2,A,-,05,21460,A,N,C,C,A,A,H,-,A,D,0,NA,NA,Y,NA,Y,NA,A,07,0,1,0,0,0,0,0,0,1,-,-,NA,NA,SAN DIEGO,SAN DIEGO,-117.0639877319336,32.75300598144531
8998452,2019,2020-01-24,3711,2019-11-15,1314,SD8192,NA,5,5,7,3711,0,0,0,NA,0,826,EUCLID AV,UNIVERSITY AV,0,NA,Y,A,-,N,NA,NA,NA,NA,NA,NA,NA,NA,NA,N,3,0,3,2,A,-,12,21453,A,N,A,C,A,A,H,-,A,A,0,NA,NA,NA,NA,Y,NA,A,01,0,1,2,0,0,0,0,0,0,-,-,NA,NA,SAN DIEGO,SAN DIEGO,-117.09229278564452,32.749549865722656
9000384,2019,2020-01-10,3705,2019-11-18,1439,EC0398,NA,1,5,5,3705,0,0,0,NA,0,003,LEXINGTON,GINA AV,218,E,N,A,-,N,NA,NA,NA,NA,NA,NA,NA,NA,NA,N,3,0,1,1,A,-,05,21202,A,N,F,I,A,A,H,-,A,D,0,NA,Y,NA,NA,Y,NA,L,04,0,1,0,0,0,0,1,0,0,-,-,NA,NA,SAN DIEGO,EL CAJON,-116.93009948730467,32.79270935058594
90023439,2015,2015-12-09,9645,2015-09-21,0645,020737,NA,1,1,7,3711,0,1,3,NA,2,006,SR-94 W/B,BROADWAY,300,E,N,A,-,Y,NA,NA,94,NA,NA,NA,NA,NA,W,Y,4,0,1,2,A,-,03,22350,NA,N,C,C,A,A,H,-,A,D,0,NA,NA,NA,NA,Y,NA,D,22,0,0,1,0,0,0,0,0,0,-,-,32.71512,-117.12531,SAN DIEGO,SAN DIEGO,-117.12529481,32.71507043
90024342,2015,2015-10-19,9645,2015-09-22,0812,014669,NA,2,1,7,3711,0,1,1,NA,2,017,I-15 S/B,CARROLL CANYON O/C,295,S,N,A,-,Y,NA,NA,15,NA,NA,NA,NA,NA,S,Y,4,0,1,2,A,-,03,22350,NA,N,C,C,A,A,H,-,A,D,0,NA,NA,NA,NA,Y,NA,A,01,0,0,1,0,0,0,0,0,0,-,-,32.90171,-117.1168,SAN DIEGO,SAN DIEGO,-117.11662458,32.90171397
90024724,2015,2015-10-19,9650,2015-09-30,0735,013570,NA,3,1,5,3713,0,1,3,NA,2,017,SR-78 E/B,MELROSE DR,2000,W,N,A,-,Y,NA,NA,78,NA,NA,NA,NA,NA,E,Y,4,0,2,4,A,-,03,22350,NA,N,C,C,A,A,H,-,A,D,0,NA,NA,NA,NA,Y,NA,A,01,0,0,2,0,0,0,0,0,0,-,-,33.19423,-117.2611,SAN DIEGO,VISTA,-117.26110286,33.1941528
90025548,2015,2015-10-19,9680,2015-09-25,2335,019936,NA,5,3,9,3700,0,1,3,NA,1,022,SR-54 E/B (JAMACHA RD),CALLE ALBARA,621,N,N,A,-,Y,NA,NA,54,NA,NA,NA,NA,NA,E,N,4,0,1,2,A,-,01,23152,A,N,C,C,A,A,H,-,D,D,0,NA,NA,NA,NA,Y,Y,A,01,0,0,1,0,0,0,0,0,0,-,-,32.75488,-116.92751,SAN DIEGO,UNINCORPORATED,-116.92722072,32.75488122
90025620,2015,2015-10-19,9650,2015-09-30,0650,013570,NA,3,1,5,3713,1,4,S,NA,2,901,NORTH SANTA FE AVE,VISTA VILLAGE DR,50,W,N,A,-,N,NA,NA,NA,NA,NA,NA,NA,NA,NA,Y,4,0,1,2,A,-,21,22106,NA,N,C,C,A,A,H,-,A,A,0,NA,NA,NA,NA,Y,NA,A,01,0,0,1,0,0,0,0,0,0,-,-,NA,NA,SAN DIEGO,VISTA,-117.24401512,33.20249694
90028048,2015,2015-10-19,9650,2015-10-02,0553,016516,NA,5,3,9,3700,0,1,1,NA,2,001,I-5 S/B,LAS PULGAS RD,5280,N,N,A,-,Y,NA,NA,5,NA,NA,NA,NA,NA,S,Y,4,0,1,2,A,-,03,22350,NA,N,C,C,A,A,D,-,A,D,0,NA,NA,NA,NA,Y,NA,D,22,0,0,1,0,0,0,0,0,0,-,-,33.30911,-117.47719,SAN DIEGO,UNINCORPORATED,-117.47724447,33.3090435
90030921,2015,2015-10-19,9645,2015-09-30,0925,017025,NA,3,1,7,3711,0,1,1,NA,2,010,I-8 WB,I-15,1612,E,N,A,-,Y,NA,NA,8,NA,NA,NA,NA,NA,W,Y,4,0,1,3,A,-,03,22350,NA,F,C,C,A,A,H,-,A,D,0,NA,NA,Y,NA,Y,NA,A,01,0,0,1,0,0,0,0,0,0,-,-,32.77877,-117.10813,SAN DIEGO,SAN DIEGO,-117.10813006,32.77879596
90030975,2015,2015-10-19,9680,2015-10-01,1815,018104,NA,4,2,5,3705,0,1,1,NA,2,082,I-8 E/B,2ND ST,275,W,N,A,-,N,NA,NA,8,NA,NA,NA,NA,NA,E,Y,4,0,1,2,A,-,03,22350,NA,N,C,C,A,A,H,-,A,A,0,NA,NA,NA,NA,Y,NA,A,01,0,0,1,0,0,0,0,0,0,-,-,32.8029,-116.94067,SAN DIEGO,EL CAJON,-116.94067013,32.80293476
90032216,2015,2015-10-19,9680,2015-10-05,1300,016822,NA,1,1,9,3700,0,2,4,NA,1,093,VISTA RAMONA ROAD,E. OLD JULIAN HIGHWAY,3696,S,N,B,C,N,NA,NA,NA,NA,NA,NA,NA,NA,NA,Y,3,0,4,2,A,-,03,22350,NA,N,A,C,A,B,H,-,A,D,0,NA,NA,NA,NA,Y,NA,A,01,0,2,2,0,0,0,0,0,0,-,-,33.03302,-116.81978,SAN DIEGO,UNINCORPORATED,-116.81991199,33.03314433
90033126,2015,2015-10-19,9650,2015-10-10,1040,015503,NA,6,1,9,3700,0,1,1,NA,2,003,I-5 N/B,LAS PULGAS ROAD,12144,S,N,A,-,Y,NA,NA,5,NA,NA,NA,NA,NA,N,Y,4,0,1,2,A,-,03,22350,NA,N,F,C,A,A,H,-,A,D,0,NA,NA,Y,NA,Y,NA,C,02,0,0,1,0,0,0,0,0,1,-,-,33.27067,-117.43991,SAN DIEGO,UNINCORPORATED,-117.43984073,33.27076354
90034842,2015,2015-10-20,9680,2015-10-11,1700,019270,NA,7,2,9,3700,0,2,4,NA,1,026,LAMAR ST,BANCROFT DR,0,NA,Y,A,-,Y,NA,NA,NA,NA,NA,NA,NA,NA,NA,Y,4,0,1,2,A,-,09,21802,A,N,D,C,A,A,H,-,A,A,0,NA,NA,NA,NA,Y,NA,A,01,0,0,1,0,0,0,0,0,0,-,-,32.73841,-117.00564,SAN DIEGO,UNINCORPORATED,-117.0057101,32.73909011