CASE_ID,ACCIDENT_YEAR,PROC_DATE,JURIS,COLLISION_DATE,COLLISION_TIME,OFFICER_ID,REPORTING_DISTRICT,DAY_OF_WEEK,CHP_SHIFT,POPULATION,CNTY_CITY_LOC,SPECIAL_COND,BEAT_TYPE,CHP_BEAT_TYPE,CITY_DIVISION_LAPD,CHP_BEAT_CLASS,BEAT_NUMBER,PRIMARY_RD,SECONDARY_RD,DISTANCE,DIRECTION,INTERSECTION,WEATHER_1,WEATHER_2,STATE_HWY_IND,CALTRANS_COUNTY,CALTRANS_DISTRICT,STATE_ROUTE,ROUTE_SUFFIX,POSTMILE_PREFIX,POSTMILE,LOCATION_TYPE,RAMP_INTERSECTION,SIDE_OF_HWY,TOW_AWAY,COLLISION_SEVERITY,NUMBER_KILLED,NUMBER_INJURED,PARTY_COUNT,PRIMARY_COLL_FACTOR,PCF_CODE_OF_VIOL,PCF_VIOL_CATEGORY,PCF_VIOLATION,PCF_VIOL_SUBSECTION,HIT_AND_RUN,TYPE_OF_COLLISION,MVIW,PED_ACTION,ROAD_SURFACE,ROAD_COND_1,ROAD_COND_2,LIGHTING,CONTROL_DEVICE,CHP_ROAD_TYPE,PEDESTRIAN_ACCIDENT,BICYCLE_ACCIDENT,MOTORCYCLE_ACCIDENT,TRUCK_ACCIDENT,NOT_PRIVATE_PROPERTY,ALCOHOL_INVOLVED,STWD_VEHTYPE_AT_FAULT,CHP_VEHTYPE_AT_FAULT,COUNT_SEVERE_INJ,COUNT_VISIBLE_INJ,COUNT_COMPLAINT_PAIN,COUNT_PED_KILLED,COUNT_PED_INJURED,COUNT_BICYCLIST_KILLED,COUNT_BICYCLIST_INJURED,COUNT_MC_KILLED,COUNT_MC_INJURED,PRIMARY_RAMP,SECONDARY_RAMP,LATITUDE,LONGITUDE,COUNTY,CITY,POINT_X,POINT_Y
90913094,2019,2019-01-28,9650,2019-01-18,0443,021500,NA,5,3,9,3700,0,3,5,NA,2,230,DEL DIOS HWY,TOYON CANYON RD,2300,W,N,B,-,Y,NA,NA,NA,NA,NA,NA,NA,NA,NA,Y,3,0,1,2,A,-,08,22107,NA,N,E,I,A,B,H,-,D,D,0,NA,NA,NA,NA,Y,NA,A,01,0,1,0,0,0,0,0,0,0,-,-,33.049888610839844,-117.12315368652344,SAN DIEGO,UNINCORPORATED,-117.12449645996094,33.060909271240234
90914684,2019,2019-01-29,9680,2019-01-17,1300,015972,NA,4,1,9,3700,0,3,5,NA,2,002,TYLER STREET,SWEETWATER ROAD,25,E,N,B,C,N,NA,NA,NA,NA,NA,NA,NA,NA,NA,N,4,0,1,2,A,-,03,22350,NA,N,C,C,A,B,H,-,A,A,0,NA,NA,NA,NA,Y,NA,A,01,0,0,1,0,0,0,0,0,0,-,-,32.73038864135742,-117.01431274414063,SAN DIEGO,UNINCORPORATED,-117.01441955566406,32.730369567871094
90915992,2019,2019-01-30,9680,2019-01-20,1430,021588,NA,7,2,9,3700,0,2,4,NA,1,029,CAMPO RD,CONRAD DR,0,NA,Y,A,-,N,NA,NA,NA,NA,NA,NA,NA,NA,NA,N,4,0,1,2,A,-,09,21801,A,N,D,C,A,A,H,-,A,A,0,NA,NA,NA,NA,Y,NA,A,07,0,0,1,0,0,0,0,0,0,-,-,32.747779846191406,-116.98744964599608,SAN DIEGO,UNINCORPORATED,-116.9873275756836,32.747989654541016
90917781,2019,2019-02-04,9650,2019-01-27,1300,019191,NA,7,1,9,3700,0,1,3,NA,1,028,SR-78,RED GATE RD,700,E,N,A,-,Y,NA,NA,NA,NA,NA,NA,NA,NA,NA,N,4,0,1,1,A,-,08,22107,NA,N,E,I,A,A,H,-,A,D,0,NA,NA,Y,NA,Y,NA,C,02,0,0,1,0,0,0,0,0,1,-,-,33.3018913269043,-116.9136962890625,SAN DIEGO,UNINCORPORATED,NA,NA
90918157,2019,2019-02-04,9650,2019-01-26,0350,021992,NA,6,3,9,3700,0,3,5,NA,2,231,NORTH BROADWAY,ARCO DR,500,S,N,A,-,N,NA,NA,NA,NA,NA,NA,NA,NA,NA,Y,3,0,1,1,A,-,08,22107,NA,N,E,I,A,A,H,-,D,D,0,NA,NA,NA,NA,Y,NA,D,22,0,1,0,0,0,0,0,0,0,-,-,33.186649322509766,-117.091796875,SAN DIEGO,UNINCORPORATED,-117.0918426513672,33.18641662597656
90919338,2019,2019-02-05,9645,2019-01-25,1805,017953,NA,5,2,9,3700,0,3,5,NA,2,024,DOVE CANYON ROAD,LONE QUAIL RD.,40,S,N,A,-,N,NA,NA,NA,NA,NA,NA,NA,NA,NA,Y,4,0,2,3,A,-,03,22350,NA,N,C,C,A,A,H,-,C,A,0,NA,NA,NA,NA,Y,NA,A,01,0,0,2,0,0,0,0,0,0,-,-,33.014530181884766,-117.11199188232422,SAN DIEGO,UNINCORPORATED,-117.11214447021484,33.01457214355469
90920483,2019,2019-02-06,9645,2019-01-27,1723,021651,NA,7,2,7,3711,0,1,3,NA,2,006,SR-94 E/B,25TH ST O/C,150,W,N,A,-,Y,NA,NA,94,NA,NA,NA,NA,NA,E,Y,3,0,1,1,A,-,01,23152,A,N,F,A,A,A,H,-,B,D,0,NA,NA,NA,NA,Y,Y,D,22,0,1,0,0,0,0,0,0,0,-,-,32.713008880615234,-117.1408462524414,SAN DIEGO,SAN DIEGO,-117.1408462524414,32.7130241394043
90922484,2018,2019-02-08,9650,2018-12-25,1830,020771,NA,2,2,6,3710,0,1,3,NA,2,015,SR-78 E/B,JEFFERSON AVE,1320,W,N,A,-,Y,NA,NA,78,NA,NA,NA,NA,NA,E,N,4,0,1,2,A,-,08,22107,NA,F,B,C,A,A,H,-,D,D,0,NA,NA,NA,NA,Y,NA,-,-,0,0,1,0,0,0,0,0,0,-,-,33.180599212646484,-117.34427642822266,SAN DIEGO,OCEANSIDE,-117.34429931640624,33.1806755065918
90922673,2019,2019-02-11,9650,2019-02-06,1515,020966,NA,3,2,6,3706,0,1,1,NA,2,023,I-15 N/B,9TH AVE,2112,S,N,A,-,Y,NA,NA,15,NA,NA,NA,NA,NA,N,Y,4,0,2,2,A,-,01,23152,A,N,C,C,A,A,H,-,A,D,0,NA,NA,NA,NA,Y,Y,A,01,0,0,2,0,0,0,0,0,0,-,-,33.10306167602539,-117.0915069580078,SAN DIEGO,ESCONDIDO,-117.0915756225586,33.103023529052734
90924571,2019,2019-02-12,9650,2019-02-09,1400,021267,NA,6,2,5,3782,0,1,1,NA,2,007,I-5 N/B,REQUEZA ST,600,S,N,B,-,Y,NA,NA,5,NA,NA,NA,NA,NA,N,N,4,0,1,2,A,-,03,22350,NA,N,F,A,A,A,H,-,A,D,0,NA,NA,Y,NA,Y,NA,C,02,0,0,1,0,0,0,0,0,1,-,-,33.041961669921875,-117.28510284423828,SAN DIEGO,ENCINITAS,-117.2850341796875,33.0419921875
90925960,2019,2019-02-13,9645,2019-02-02,1420,020479,NA,6,2,7,3711,0,1,1,NA,2,019,I-15 N/B,BERNARDO CENTER DR,1200,N,N,B,C,Y,NA,NA,15,NA,NA,NA,NA,NA,N,Y,3,0,2,2,A,-,03,22350,NA,N,E,I,A,B,H,-,A,D,0,NA,NA,NA,NA,Y,NA,A,01,0,1,1,0,0,0,0,0,0,-,-,33.008949279785156,-117.08003997802734,SAN DIEGO,SAN DIEGO,-117.0801010131836,33.00895690917969
90928875,2019,2019-02-19,9680,2019-02-06,2030,016173,NA,3,2,5,3781,0,1,3,NA,2,016,SR-67 S/B,BRADLEY AVE,1584,N,N,A,-,Y,NA,NA,67,NA,NA,NA,NA,NA,S,Y,4,0,1,3,A,-,03,22350,NA,M,C,C,A,A,H,-,C,D,0,NA,NA,NA,NA,Y,NA,A,01,0,0,1,0,0,0,0,0,0,-,-,32.825279235839844,-116.96177673339844,SAN DIEGO,SANTEE,-116.96173858642578,32.825286865234375
90929024,2019,2019-02-19,9645,2019-02-18,0743,017498,NA,1,1,7,3711,0,1,1,NA,2,010,I-8 EASTBOUND TO MISSION GORGE RD,I-15 S/B TO I-8 E/B OVER CROSS,35,E,N,B,-,Y,NA,NA,8,NA,NA,NA,R,NA,E,Y,3,0,2,2,A,-,03,22350,NA,N,C,E,A,B,H,-,A,D,0,NA,NA,NA,NA,Y,NA,A,01,0,2,0,0,0,0,0,0,0,-,-,32.77812957763672,-117.11031341552734,SAN DIEGO,SAN DIEGO,-117.11031341552734,32.77812957763672
90930618,2019,2019-02-21,9650,2019-02-14,0410,18386,NA,4,3,9,3700,0,1,1,NA,2,003,I-5 N/B,ALISO CREEK REST AREA,1320,S,N,B,C,Y,NA,NA,NA,NA,NA,NA,NA,NA,NA,Y,4,0,1,1,A,-,08,22107,NA,N,F,A,A,B,H,-,D,D,0,NA,NA,NA,NA,Y,NA,A,01,0,0,1,0,0,0,0,0,0,-,-,33.164268493652344,-117.26403045654295,SAN DIEGO,UNINCORPORATED,NA,NA
90932456,2019,2019-02-25,9650,2019-02-21,1300,020673,NA,4,1,9,3700,0,3,5,NA,2,006,N. VINE ST.,E. MISSION RD.,0,NA,Y,C,-,N,NA,NA,NA,NA,NA,NA,NA,NA,NA,Y,3,0,1,2,A,-,09,21802,A,N,D,C,A,B,H,-,A,D,0,NA,NA,NA,NA,Y,NA,A,07,0,1,0,0,0,0,0,0,0,-,-,33.38465881347656,-117.25028228759766,SAN DIEGO,UNINCORPORATED,-117.25023651123048,33.38460922241211
90933042,2019,2019-02-25,9645,2019-02-13,1834,019678,NA,3,2,6,3702,0,1,1,NA,2,009,I-805 N/B TO TELEGRAPH CANYON RD.,TELEGRAPH CANYON RD.,75,S,N,B,C,Y,NA,NA,805,NA,NA,NA,R,NA,N,N,4,0,1,2,A,-,03,22350,NA,N,C,C,A,B,H,-,C,A,0,NA,NA,NA,NA,Y,NA,A,07,0,0,1,0,0,0,0,0,0,-,-,32.6285285949707,-117.04279327392578,SAN DIEGO,CHULA VISTA,-117.04279327392578,32.6285285949707
90933084,2019,2019-02-25,9680,2019-02-12,0945,016535,NA,2,1,9,3700,0,1,3,NA,1,022,SR-54 (JAMACHA ROAD),CHASE AVE,480,S,N,A,-,Y,NA,NA,54,NA,NA,NA,NA,NA,NA,Y,3,0,1,3,A,-,03,22350,NA,N,C,C,A,A,H,-,A,D,0,NA,NA,NA,Y,Y,NA,F,27,0,1,0,0,0,0,0,0,0,-,-,32.767459869384766,-116.9279327392578,SAN DIEGO,UNINCORPORATED,-116.92789459228516,32.767459869384766
90933846,2018,2019-02-26,9645,2018-12-25,0955,016047,NA,2,1,7,3711,0,1,1,NA,2,009,I-805 SOUTHBOUND,MARKET STREET,300,N,N,C,-,Y,NA,NA,805,NA,NA,NA,NA,NA,S,Y,3,0,5,2,A,-,08,22107,NA,F,B,C,A,B,H,-,A,D,0,NA,NA,NA,NA,Y,NA,-,99,0,1,4,0,0,0,0,0,0,-,-,32.70814895629883,-117.0977020263672,SAN DIEGO,SAN DIEGO,-117.09771728515624,32.7081298828125
90934068,2019,2019-02-26,9680,2019-02-14,0225,019729,NA,4,3,9,3700,0,1,3,NA,1,090,SR-67,ARCHIE MOORE RD,1056,N,N,B,C,Y,NA,NA,67,NA,NA,NA,NA,NA,NA,Y,4,0,1,1,A,-,03,22350,NA,N,F,A,A,B,H,-,D,D,0,NA,NA,NA,NA,Y,NA,A,07,0,0,1,0,0,0,0,0,0,-,-,33.01136016845703,-116.94766235351563,SAN DIEGO,UNINCORPORATED,-116.94765472412108,33.01140594482422
9093433,2020,2020-07-23,3705,2020-04-04,2210,EC0394,NA,6,5,5,3705,0,0,0,NA,0,004,S ANZA ST,REDWOOD AV,0,NA,Y,A,-,N,NA,NA,NA,NA,NA,NA,NA,NA,NA,NA,4,0,3,2,A,-,03,22350,NA,F,C,C,A,A,H,-,C,D,0,NA,NA,NA,NA,Y,NA,A,01,0,0,3,0,0,0,0,0,0,-,-,NA,NA,SAN DIEGO,EL CAJON,-116.94818115234376,32.79130172729492
90934508,2019,2019-02-26,9645,2019-02-12,1420,017480,NA,2,2,7,3711,1,4,S,NA,2,901,BROOKLYN AVENUE W/B,63RD STREET,0,NA,Y,B,-,N,NA,NA,NA,NA,NA,NA,NA,NA,NA,N,4,0,1,1,A,-,00,34506,C,N,H,A,A,A,H,-,A,D,0,NA,NA,NA,NA,Y,NA,H,13,0,0,1,0,0,0,0,0,0,-,-,32.71318817138672,-117.06278228759766,SAN DIEGO,SAN DIEGO,-117.06253814697266,32.713130950927734
90938240,2019,2019-03-04,9645,2019-01-31,1430,016047,NA,4,2,7,3711,0,1,1,NA,2,030,I-15 SOUTHBOUND,MERCY ROAD,1000,N,N,C,-,Y,NA,NA,15,NA,NA,NA,NA,NA,S,Y,4,0,1,2,A,-,03,22350,NA,N,D,C,A,B,H,-,A,D,0,NA,NA,NA,NA,Y,NA,D,22,0,0,1,0,0,0,0,0,0,-,-,32.943321228027344,-117.10894012451172,SAN DIEGO,SAN DIEGO,-117.10911560058594,32.94342041015625
90939554,2019,2019-03-05,9650,2019-02-25,1850,018950,NA,1,2,5,3701,0,1,1,NA,2,005,I-5 N/B,CHINQUAPIN AVENUE O/C,898,S,N,A,-,Y,NA,NA,5,NA,NA,NA,NA,NA,N,Y,4,0,1,2,A,-,03,22350,NA,N,C,C,A,A,H,-,D,D,0,NA,NA,NA,NA,Y,NA,A,01,0,0,1,0,0,0,0,0,0,-,-,33.14796829223633,-117.33386993408205,SAN DIEGO,CARLSBAD,-117.33392333984376,33.147945404052734
90941033,2019,2019-08-19,9650,2019-02-22,1815,021200,NA,5,2,5,3712,0,1,3,NA,2,019,SR-78 W/B,SAN MARCOS BLVD,500,W,N,A,-,Y,NA,NA,78,NA,NA,NA,NA,NA,W,Y,4,0,1,3,A,-,03,22350,NA,F,C,C,A,A,H,-,C,D,0,NA,NA,NA,NA,Y,NA,D,22,0,0,1,0,0,0,0,0,0,-,-,33.14065933227539,-117.18553924560548,SAN DIEGO,SAN MARCOS,-117.1853485107422,33.14119338989258
90941088,2019,2019-03-06,9645,2019-03-05,1831,018428,NA,2,2,7,3711,0,1,1,NA,2,017,I-15 N/B FROM POWAY RD. W/B,POWAY RD.,200,N,N,C,-,Y,NA,NA,15,NA,NA,NA,R,NA,N,Y,4,0,2,2,A,-,03,22350,NA,N,C,C,A,B,H,-,D,A,0,NA,NA,Y,NA,Y,NA,C,02,0,0,2,0,0,0,0,0,0,-,-,32.950218200683594,-117.10442352294922,SAN DIEGO,SAN DIEGO,-117.10442352294922,32.950218200683594
90941740,2019,2019-03-07,9680,2019-02-25,2013,021944,NA,1,2,9,3700,0,2,4,NA,1,025,SWEETWATER RD,JAMACHA RD,15,S,N,A,-,N,NA,NA,NA,NA,NA,NA,NA,NA,NA,N,4,0,1,2,A,-,10,21950,A,N,G,B,B,A,H,-,C,A,0,Y,NA,NA,NA,Y,Y,A,07,0,0,1,0,1,0,0,0,0,-,-,32.714561462402344,-117.01284027099608,SAN DIEGO,UNINCORPORATED,-117.0127182006836,32.714717864990234
90944297,2019,2019-03-12,9645,2019-02-28,1935,017104,NA,4,2,7,3711,0,1,1,NA,2,019,I-15 S/B (ESCONDIDO FREEWAY),CARMEL MOUNTAIN ROAD,120,S,N,A,-,Y,NA,NA,NA,NA,NA,NA,NA,NA,NA,Y,3,0,1,1,A,-,01,23152,A,N,E,I,A,A,H,-,D,D,0,NA,NA,NA,NA,Y,Y,A,07,0,1,0,0,0,0,0,0,0,-,-,32.58430099487305,-117.05110168457033,SAN DIEGO,SAN DIEGO,-117.08683013916016,32.9786491394043
90944589,2018,2019-03-12,9680,2018-10-05,1917,021756,NA,5,2,9,3700,0,1,3,NA,1,040,STATE ROUTE 94 WESTBOUND,MAXFIELD ROAD,80,E,N,A,-,Y,NA,NA,94,NA,NA,NA,NA,NA,W,Y,1,1,0,2,A,-,11,21954,A,F,G,B,D,A,H,-,D,D,0,Y,NA,NA,NA,Y,NA,N,60,0,0,0,1,0,0,0,0,0,-,-,32.71406173706055,-116.87101745605467,SAN DIEGO,UNINCORPORATED,-116.87101745605467,32.71406173706055
9094670,2020,2020-08-10,3711,2020-05-01,2256,SD7292,NA,5,5,7,3711,0,0,0,NA,0,233,PARK VILLAGE RD,RUMEX LN,0,NA,Y,A,-,N,NA,NA,NA,NA,NA,NA,NA,NA,NA,Y,3,0,1,1,A,-,-,NA,NA,N,E,I,A,A,H,-,C,A,0,NA,NA,NA,NA,Y,Y,A,01,0,1,0,0,0,0,0,0,0,-,-,NA,NA,SAN DIEGO,SAN DIEGO,-117.14196014404295,32.947608947753906
9094673,2020,2020-08-10,3711,2020-05-02,1720,SD7177,NA,6,5,7,3711,0,0,0,NA,0,321,FRIARS RD,SANTOS RD,0,NA,Y,A,-,N,NA,NA,NA,NA,NA,NA,NA,NA,NA,Y,4,0,1,2,A,-,12,21453,A,N,D,C,A,A,H,-,A,A,0,NA,NA,NA,NA,Y,NA,A,01,0,0,1,0,0,0,0,0,0,-,-,NA,NA,SAN DIEGO,SAN DIEGO,-117.10511779785156,32.79035949707031
90947430,2019,2019-03-18,9650,2019-03-12,0330,021805,NA,2,3,9,3700,0,1,1,NA,2,021,I-15 S/B,CAMINO DEL REY,1830,N,N,C,-,Y,NA,NA,15,NA,NA,NA,NA,NA,S,Y,3,0,3,1,A,-,08,22107,NA,N,F,A,A,B,H,-,D,D,0,NA,NA,NA,NA,Y,NA,A,01,0,1,2,0,0,0,0,0,0,-,-,33.27116012573242,-117.15711975097656,SAN DIEGO,UNINCORPORATED,-117.15712738037108,33.27116394042969
9095026,2020,2020-10-30,3700,2020-05-05,1444,SH7236,NA,2,5,5,3712,0,0,0,NA,0,356,CAPALINA RD,HOLLENBECK RD,63,W,N,A,-,N,NA,NA,NA,NA,NA,NA,NA,NA,NA,Y,4,0,2,3,A,-,09,21804,A,N,D,C,A,A,H,-,A,D,0,NA,NA,NA,NA,Y,NA,A,01,0,0,2,0,0,0,0,0,0,-,-,NA,NA,SAN DIEGO,SAN MARCOS,-117.2000732421875,33.15280532836914
9095934,2020,2020-06-26,3702,2020-03-15,0144,CV1259,NA,7,5,6,3702,0,0,0,NA,0,032,PROCTOR VALLEY RD,SAN MIGUEL RANCH RD,14,W,N,A,-,N,NA,NA,NA,NA,NA,NA,NA,NA,NA,Y,3,0,1,1,A,-,01,23152,A,N,E,I,A,A,H,-,C,A,0,NA,NA,NA,NA,Y,Y,A,01,0,1,0,0,0,0,0,0,0,-,-,NA,NA,SAN DIEGO,CHULA VISTA,-116.99716949462892,32.67203140258789
9096004,2020,2020-11-10,3711,2020-05-07,1610,SD4824,NA,4,5,7,3711,0,0,0,NA,0,243,MIRAMAR RD,KEARNY MESA RD,0,NA,Y,A,-,N,NA,NA,NA,NA,NA,NA,NA,NA,NA,N,3,0,1,2,A,-,03,22350,NA,N,C,C,A,A,H,-,A,A,0,NA,NA,NA,Y,Y,NA,A,01,0,1,0,0,0,0,0,0,0,-,-,NA,NA,SAN DIEGO,SAN DIEGO,-117.11840057373048,32.893741607666016
90960909,2019,2019-04-04,9645,2019-03-25,1515,020541,NA,1,2,7,3711,0,1,1,NA,2,010,I-8 E/B,I-5,2218,W,N,A,-,Y,NA,NA,8,NA,NA,NA,NA,NA,E,Y,3,0,1,2,A,-,01,23152,A,N,C,C,A,A,H,-,A,D,0,NA,NA,NA,NA,Y,Y,A,07,0,1,0,0,0,0,0,0,0,-,-,32.75870895385742,-117.21167755126952,SAN DIEGO,SAN DIEGO,-117.211669921875,32.7586555480957
90962472,2019,2019-04-08,9650,2019-03-27,0900,016103,NA,3,1,9,3700,0,1,1,NA,2,022,I-15 N/B,RAINBOW VALLEY BLVD,2112,S,N,B,-,Y,NA,NA,15,NA,NA,NA,NA,NA,N,Y,4,0,1,1,A,-,08,22107,NA,N,E,J,A,A,H,-,A,D,0,NA,NA,NA,NA,Y,NA,A,08,0,0,1,0,0,0,0,0,0,-,-,33.426788330078125,-117.14984130859376,SAN DIEGO,UNINCORPORATED,-117.14971160888672,33.4266471862793
90964904,2019,2019-04-10,9645,2019-04-02,0618,016766,NA,2,1,7,3711,0,1,3,NA,2,006,SR-94 W/B TO I-5 N/B,I-5,1320,E,N,A,-,Y,NA,NA,94,NA,NA,NA,R,NA,W,Y,4,0,1,2,A,-,07,21658,A,F,B,C,A,A,H,-,A,D,0,NA,NA,Y,NA,Y,NA,A,01,0,0,1,0,0,0,0,0,1,-,-,32.713619232177734,-117.14536285400392,SAN DIEGO,SAN DIEGO,-117.14536285400392,32.713619232177734
90964976,2019,2019-04-10,9645,2019-04-03,1841,018678,NA,3,2,9,3700,0,1,3,NA,2,008,SR-54 (W/B),PLAZA BONITA CENTER WAY O/C,2640,E,N,A,-,Y,NA,NA,54,NA,NA,NA,NA,NA,NA,Y,3,0,1,1,A,-,08,22107,NA,N,E,I,A,A,H,-,A,D,0,NA,NA,NA,NA,Y,NA,A,01,0,1,0,0,0,0,0,0,0,-,-,32.66743087768555,-117.04917144775392,SAN DIEGO,UNINCORPORATED,-117.04921722412108,32.66752624511719
90965164,2019,2019-04-10,9650,2019-04-05,2245,021805,NA,5,3,9,3700,0,3,5,NA,2,191,HARMONY GROVE RD,COUNTRY CLUB DR,985,W,N,A,-,N,NA,NA,NA,NA,NA,NA,NA,NA,NA,Y,3,0,3,1,A,-,03,22350,NA,N,F,A,A,A,H,-,D,D,0,NA,NA,NA,NA,Y,NA,A,01,0,2,1,0,0,0,0,0,0,-,-,33.09925079345703,-117.12731170654295,SAN DIEGO,UNINCORPORATED,-117.13368225097656,33.09972381591797
90965478,2019,2019-04-10,9645,2019-04-03,1118,015847,NA,3,1,7,3711,0,1,1,NA,2,015,I-805 N/B,SR-52,2112,N,N,A,-,Y,NA,NA,805,NA,NA,NA,NA,NA,N,Y,4,0,1,3,A,-,03,22350,NA,N,C,C,A,A,H,-,A,D,0,NA,NA,NA,NA,Y,NA,A,01,0,0,1,0,0,0,0,0,0,-,-,32.85292053222656,-117.18118286132813,SAN DIEGO,SAN DIEGO,-117.1812744140625,32.85285949707031
90967166,2019,2019-04-15,9645,2019-03-17,0445,021077,NA,7,3,7,3711,0,1,1,NA,2,003,I-5 S/B,THIRD AVENUE,50,S,N,A,-,Y,NA,NA,5,NA,NA,NA,NA,NA,S,Y,4,0,1,2,A,-,03,22350,NA,N,C,C,A,A,H,-,C,D,0,NA,NA,NA,NA,Y,NA,A,01,0,0,1,0,0,0,0,0,0,-,-,32.722618103027344,-117.16178131103516,SAN DIEGO,SAN DIEGO,-117.16178131103516,32.722633361816406
90970711,2019,2019-04-18,9645,2019-04-14,0750,020180,NA,7,1,7,3711,0,1,3,NA,2,023,SR-163 S/B TO I-8 E/B,I-8,280,S,N,A,-,Y,NA,NA,163,NA,NA,NA,R,NA,S,N,4,0,1,1,A,-,03,22350,NA,N,F,A,A,A,H,-,A,D,0,NA,NA,Y,NA,Y,NA,C,03,0,0,1,0,0,0,0,0,1,-,-,32.76118850708008,-117.16368865966795,SAN DIEGO,SAN DIEGO,-117.16368865966795,32.76118850708008
90971082,2019,2019-04-19,9680,2019-03-31,0945,021584,NA,7,1,9,3700,0,1,3,NA,1,051,STATE ROUTE 79,YAQUI DR,300,N,N,A,-,Y,NA,NA,79,NA,NA,NA,NA,NA,NA,N,3,0,1,1,A,-,08,22107,NA,N,F,A,A,A,H,-,A,A,0,NA,NA,Y,NA,Y,NA,C,02,0,1,0,0,0,0,0,0,1,-,-,32.99065017700195,-116.57926940917967,SAN DIEGO,UNINCORPORATED,-116.57929229736328,32.990692138671875
90971196,2018,2019-04-19,9680,2018-12-31,2325,021996,NA,1,3,9,3700,0,1,3,NA,1,024,STATE ROUTE 94,VISTA DIEGO ROAD,1056,W,N,B,-,Y,NA,NA,94,NA,NA,NA,NA,NA,NA,Y,1,2,2,2,A,-,01,23152,F,N,A,C,A,B,H,-,D,A,0,NA,NA,NA,NA,Y,NA,A,01,0,1,1,0,0,0,0,0,0,-,-,32.72206115722656,-116.88606262207033,SAN DIEGO,UNINCORPORATED,-116.88606262207033,32.722084045410156
9097345,2020,2020-10-28,3711,2020-05-22,1715,SD6969,NA,5,5,7,3711,0,0,0,NA,0,231,SABRE SPRINGS PKWY,WIMBERLY SQ,0,NA,Y,A,-,N,NA,NA,NA,NA,NA,NA,NA,NA,NA,N,3,0,1,1,A,-,03,22350,NA,N,E,I,A,A,H,-,A,D,0,NA,NA,Y,NA,Y,NA,C,03,0,1,0,0,0,0,0,0,1,-,-,NA,NA,SAN DIEGO,SAN DIEGO,-117.09557342529295,32.954769134521484
90973551,2019,2019-04-23,9650,2019-04-20,0852,020673,NA,6,1,5,3782,0,1,1,NA,2,007,I-5 SOUTHBOUND,LEUCADIA BLVD.,2580,S,N,B,-,Y,NA,NA,5,NA,NA,NA,NA,NA,S,Y,4,0,1,1,A,-,08,22107,NA,N,E,I,A,A,H,-,A,D,0,NA,NA,NA,NA,Y,NA,A,01,0,0,1,0,0,0,0,0,0,-,-,33.058109283447266,-117.29022979736328,SAN DIEGO,ENCINITAS,-117.29029846191406,33.05809020996094
90973938,2019,2019-04-24,9645,2019-04-14,0315,021735,NA,7,3,7,3711,0,1,3,NA,2,012,SR-52 EB TO GENESEE AVENUE,GENESEE AVENUE,42,E,N,A,-,Y,NA,NA,NA,NA,NA,NA,NA,NA,NA,Y,2,0,1,1,A,-,01,23152,A,N,E,I,A,A,H,-,C,D,0,NA,NA,NA,NA,Y,Y,A,01,1,0,0,0,0,0,0,0,0,-,-,32.50419998168945,-117.11593627929688,SAN DIEGO,SAN DIEGO,-117.20204925537108,32.84659194946289
90974914,2019,2019-04-25,9645,2019-04-12,1412,020992,NA,5,2,7,3711,0,1,1,NA,2,021,SR-15 NORTHBOUND,OCEAN VIEW BLVD,500,N,N,A,-,Y,NA,NA,NA,NA,NA,NA,NA,NA,NA,Y,3,0,3,3,A,-,03,22350,NA,N,C,C,A,A,H,-,A,D,0,NA,NA,NA,NA,Y,NA,A,01,0,1,2,0,0,0,0,0,0,-,-,NA,NA,SAN DIEGO,SAN DIEGO,-117.12062072753906,32.70261001586914
90978209,2019,2019-04-29,9680,2019-04-24,1400,021996,NA,3,2,9,3700,0,1,3,NA,1,024,SR-94 E/B,BARRETT SMITH RD,2112,E,N,A,-,Y,NA,NA,94,NA,NA,NA,NA,NA,E,Y,3,0,1,1,A,-,08,22107,NA,N,E,I,A,A,H,-,A,D,0,NA,NA,NA,NA,Y,NA,D,22,0,1,0,0,0,0,0,0,0,-,-,32.596160888671875,-116.67487335205078,SAN DIEGO,UNINCORPORATED,-116.67484283447266,32.59621810913086
90978228,2019,2019-04-29,9645,2019-04-22,0415,021600,NA,1,3,6,3702,0,1,1,NA,2,009,I-805 N/B,OLYMPIC PKWY,548,N,N,A,-,Y,NA,NA,805,NA,NA,NA,NA,NA,N,Y,4,0,2,3,A,-,03,22350,NA,N,C,A,A,A,H,-,D,D,0,NA,NA,NA,NA,Y,NA,A,07,0,0,2,0,0,0,0,0,0,-,-,32.60919189453125,-117.036376953125,SAN DIEGO,CHULA VISTA,-117.03626251220705,32.60920715332031