CASE_ID,ACCIDENT_YEAR,PROC_DATE,JURIS,COLLISION_DATE,COLLISION_TIME,OFFICER_ID,REPORTING_DISTRICT,DAY_OF_WEEK,CHP_SHIFT,POPULATION,CNTY_CITY_LOC,SPECIAL_COND,BEAT_TYPE,CHP_BEAT_TYPE,CITY_DIVISION_LAPD,CHP_BEAT_CLASS,BEAT_NUMBER,PRIMARY_RD,SECONDARY_RD,DISTANCE,DIRECTION,INTERSECTION,WEATHER_1,WEATHER_2,STATE_HWY_IND,CALTRANS_COUNTY,CALTRANS_DISTRICT,STATE_ROUTE,ROUTE_SUFFIX,POSTMILE_PREFIX,POSTMILE,LOCATION_TYPE,RAMP_INTERSECTION,SIDE_OF_HWY,TOW_AWAY,COLLISION_SEVERITY,NUMBER_KILLED,NUMBER_INJURED,PARTY_COUNT,PRIMARY_COLL_FACTOR,PCF_CODE_OF_VIOL,PCF_VIOL_CATEGORY,PCF_VIOLATION,PCF_VIOL_SUBSECTION,HIT_AND_RUN,TYPE_OF_COLLISION,MVIW,PED_ACTION,ROAD_SURFACE,ROAD_COND_1,ROAD_COND_2,LIGHTING,CONTROL_DEVICE,CHP_ROAD_TYPE,PEDESTRIAN_ACCIDENT,BICYCLE_ACCIDENT,MOTORCYCLE_ACCIDENT,TRUCK_ACCIDENT,NOT_PRIVATE_PROPERTY,ALCOHOL_INVOLVED,STWD_VEHTYPE_AT_FAULT,CHP_VEHTYPE_AT_FAULT,COUNT_SEVERE_INJ,COUNT_VISIBLE_INJ,COUNT_COMPLAINT_PAIN,COUNT_PED_KILLED,COUNT_PED_INJURED,COUNT_BICYCLIST_KILLED,COUNT_BICYCLIST_INJURED,COUNT_MC_KILLED,COUNT_MC_INJURED,PRIMARY_RAMP,SECONDARY_RAMP,LATITUDE,LONGITUDE,COUNTY,CITY,POINT_X,POINT_Y
91421399,2021,2021-03-05,9650,2021-03-03,1115,015080,NA,3,1,9,3700,0,1,1,NA,2,001,I-5 S/B,AGRA O/H,1380,S,N,C,-,Y,NA,NA,5,NA,NA,NA,NA,NA,S,Y,4,0,1,1,A,-,03,22350,NA,N,E,I,A,B,H,-,A,D,0,NA,NA,NA,NA,Y,NA,A,01,0,0,1,0,0,0,0,0,0,-,-,33.3140983581543,-117.4818115234375,SAN DIEGO,UNINCORPORATED,-117.48194885253906,33.31404495239258
91423426,2021,2021-03-09,9680,2021-02-25,1830,017928,NA,4,2,9,3700,0,3,5,NA,2,009,H ST.,12TH ST.,19,W,N,A,-,N,NA,NA,NA,NA,NA,NA,NA,NA,NA,N,3,0,1,2,A,-,08,22107,NA,F,G,B,E,A,H,-,D,A,0,Y,NA,NA,NA,Y,NA,D,22,0,1,0,0,1,0,0,0,0,-,-,33.035919189453125,-116.86846923828124,SAN DIEGO,UNINCORPORATED,-116.86840057373048,33.035850524902344
91423516,2021,2021-03-09,9680,2021-02-25,0725,021901,NA,4,1,9,3700,0,2,4,NA,2,072,MONTEZUMA VALLEY RD.,PALM CANYON DR.,15840,W,N,A,-,N,NA,NA,NA,NA,NA,NA,NA,NA,NA,Y,3,0,1,1,A,-,03,22350,NA,N,F,A,A,A,H,-,A,A,0,NA,NA,NA,Y,Y,NA,G,25,0,1,0,0,0,0,0,0,0,-,-,33.23577880859375,-116.4097137451172,SAN DIEGO,UNINCORPORATED,-116.39940643310548,33.2564811706543
91424411,2021,2021-05-04,9650,2021-03-10,0800,015446,NA,3,1,9,3700,0,1,1,NA,2,021,I-15 FWY SOUTHBOUND,SR-76,900,S,N,C,-,Y,NA,NA,15,NA,NA,NA,NA,NA,S,Y,4,0,2,2,A,-,03,22350,NA,F,B,C,A,B,H,-,A,D,0,NA,NA,NA,NA,Y,NA,A,01,0,0,2,0,0,0,0,0,0,-,-,33.32822036743164,-117.15924835205078,SAN DIEGO,UNINCORPORATED,-117.15943145751952,33.32820510864258
9142508,2020,2020-09-30,3700,2020-07-24,1940,SH3095,NA,5,5,5,3781,0,0,0,NA,0,520,MARIPOSA ST,MARA VILLA ST,498,E,N,A,-,N,NA,NA,NA,NA,NA,NA,NA,NA,NA,N,3,0,1,2,A,-,00,23350,NA,N,D,G,A,A,H,-,A,D,0,NA,Y,NA,NA,Y,NA,L,04,0,1,0,0,0,0,1,0,0,-,-,NA,NA,SAN DIEGO,SANTEE,-116.9498291015625,32.83468246459961
91425850,2021,2021-03-12,9650,2021-03-07,0210,019822,NA,7,3,5,3712,0,1,3,NA,2,019,SR-78 W/B,NORDAHL RD,2640,E,N,A,-,Y,NA,NA,78,NA,NA,NA,NA,NA,W,Y,2,0,1,1,A,-,01,23152,A,N,E,I,A,A,H,-,D,D,0,NA,NA,NA,NA,Y,Y,D,22,1,0,0,0,0,0,0,0,0,-,-,33.128910064697266,-117.11341857910156,SAN DIEGO,SAN MARCOS,-117.1134796142578,33.128787994384766
91425976,2021,2021-03-12,9650,2021-03-05,2340,022031,NA,5,3,9,3700,0,3,5,NA,2,210,GOPHER CANYON RD,I-15,395,W,N,A,-,N,NA,NA,NA,NA,NA,NA,NA,NA,NA,Y,4,0,1,2,A,-,01,23152,A,N,C,C,A,A,H,-,D,D,0,NA,NA,NA,NA,Y,Y,A,01,0,0,1,0,0,0,0,0,0,-,-,33.25310134887695,-117.15754699707033,SAN DIEGO,UNINCORPORATED,-117.1562728881836,33.25294876098633
91426044,2021,2021-03-12,9650,2021-03-07,1425,021200,NA,7,2,5,3712,0,1,3,NA,2,019,SR-78 E/B,SAN MARCOS BLVD,25,E,N,B,-,Y,NA,NA,78,NA,NA,NA,NA,NA,E,N,4,0,2,2,A,-,03,22350,NA,N,C,C,A,A,H,-,A,D,0,NA,NA,NA,NA,Y,NA,A,01,0,0,2,0,0,0,0,0,0,-,-,33.137630462646484,-117.17597198486328,SAN DIEGO,SAN MARCOS,-117.1759796142578,33.137596130371094
91428905,2021,2021-03-17,9650,2021-03-11,0900,015600,NA,4,1,9,3700,0,2,4,NA,2,061,S. MISSION RD,W. AVIATION RD,250,S,N,B,-,N,NA,NA,NA,NA,NA,NA,NA,NA,NA,Y,4,0,1,2,A,-,09,21801,A,N,D,C,A,B,H,-,A,A,0,NA,NA,NA,NA,Y,NA,D,22,0,0,1,0,0,0,0,0,0,-,-,33.37351989746094,-117.25364685058594,SAN DIEGO,UNINCORPORATED,-117.25362396240234,33.373226165771484
9143301,2020,2020-09-02,3700,2020-02-25,1621,SH0497,NA,2,5,5,3781,0,0,0,NA,0,514,CUYAMACA,TOWN CENTER PKWY,644,S,N,A,-,N,NA,NA,NA,NA,NA,NA,NA,NA,NA,Y,4,0,3,2,A,-,12,21453,A,N,D,C,A,H,H,-,A,A,0,NA,NA,NA,NA,Y,NA,A,01,0,0,3,0,0,0,0,0,0,-,-,NA,NA,SAN DIEGO,SANTEE,-116.98390197753906,32.8411865234375
91433291,2021,2021-03-23,9680,2021-03-11,1810,021441,NA,4,2,9,3700,0,3,5,NA,2,002,CHASE AVENUE,FAIR COUNTRY ROAD,0,NA,Y,A,-,N,NA,NA,NA,NA,NA,NA,NA,NA,NA,Y,4,0,1,2,A,-,08,22107,NA,N,D,C,A,A,H,-,C,A,0,NA,NA,NA,NA,Y,NA,A,01,0,0,1,0,0,0,0,0,0,-,-,32.76839828491211,-116.9260025024414,SAN DIEGO,UNINCORPORATED,-116.92609405517578,32.76847839355469
91433879,2021,2021-03-24,9650,2021-03-18,2225,021805,NA,4,3,5,3713,0,1,3,NA,2,017,SR-78 E/B,MAR VISTA DR,233,W,N,A,-,Y,NA,NA,78,NA,NA,NA,NA,NA,E,Y,2,0,1,1,A,-,01,23152,A,N,E,I,A,A,H,-,D,D,0,NA,NA,NA,NA,Y,Y,A,01,1,0,0,0,0,0,0,0,0,-,-,33.18183898925781,-117.23101806640624,SAN DIEGO,VISTA,-117.23099517822266,33.18185806274414
91434414,2020,2021-03-24,9645,2020-07-07,1727,020474,NA,2,2,7,3711,0,1,1,NA,2,021,I-15 N/B,I-8,20,N,N,A,-,Y,NA,NA,15,NA,NA,NA,NA,NA,N,Y,1,1,0,2,A,-,08,22107,NA,N,B,C,A,A,H,-,A,D,0,NA,NA,Y,NA,Y,NA,C,02,0,0,0,0,0,0,0,1,0,-,-,32.778900146484375,-117.11239624023438,SAN DIEGO,SAN DIEGO,-117.1123275756836,32.77892303466797
91434905,2021,2021-03-25,9645,2021-03-15,1053,016018,NA,1,1,7,3711,0,1,1,NA,2,019,I-15 NORTHBOUND,RANCHO BERNARDO RD.,190,S,N,C,-,Y,NA,NA,15,NA,NA,NA,NA,NA,N,Y,3,0,4,4,A,-,03,22350,NA,N,A,C,A,B,H,-,A,D,0,NA,NA,NA,NA,Y,NA,D,22,0,1,3,0,0,0,0,0,0,-,-,33.02289962768555,-117.0785903930664,SAN DIEGO,SAN DIEGO,-117.07868957519533,33.02290344238281
91434991,2021,2021-03-25,9645,2021-03-23,1510,016061,NA,2,2,7,3711,0,1,1,NA,2,013,I-805 S/B FROM BALBOA AVE. E/B,BALBOA AVE.,785,S,N,A,-,Y,NA,NA,805,NA,NA,NA,R,NA,S,Y,4,0,1,2,A,-,03,22350,NA,N,C,C,A,A,H,-,A,D,0,NA,NA,NA,NA,Y,NA,A,01,0,0,1,0,0,0,0,0,0,-,-,32.81986999511719,-117.16227722167967,SAN DIEGO,SAN DIEGO,-117.16227722167967,32.81986999511719
9143662,2020,2020-10-14,3711,2020-08-24,2044,SD7470,NA,1,5,7,3711,0,0,0,NA,0,123,OLD SEA WORLD DR,SOUTH SHORE RD,0,NA,Y,A,-,N,NA,NA,NA,NA,NA,NA,NA,NA,NA,N,4,0,1,2,A,-,08,22107,NA,M,G,B,E,A,H,-,D,D,0,Y,NA,NA,NA,Y,NA,-,99,0,0,1,0,1,0,0,0,0,-,-,NA,NA,SAN DIEGO,SAN DIEGO,-117.21421051025392,32.76179122924805
91438100,2021,2021-03-29,9645,2021-03-15,1156,017473,NA,1,1,7,3711,0,1,1,NA,2,005,I-5 N/B,CLAIREMONT DR.,500,S,N,B,C,Y,NA,NA,5,NA,NA,NA,NA,NA,N,Y,4,0,1,2,A,-,03,22350,NA,N,E,I,A,B,H,-,A,D,0,NA,NA,NA,NA,Y,NA,A,01,0,0,1,0,0,0,0,0,0,-,-,32.786800384521484,-117.20717620849608,SAN DIEGO,SAN DIEGO,-117.20703887939452,32.786773681640625
9143864,2020,2020-09-23,3700,2020-07-29,1200,SH3098,NA,3,5,5,3782,0,0,0,NA,0,210,N COAST HWY 101,LA COSTA,500,S,N,A,-,N,NA,NA,NA,NA,NA,NA,NA,NA,NA,N,4,0,1,2,A,-,08,22107,NA,N,B,G,A,A,H,-,A,D,0,NA,Y,NA,NA,Y,NA,A,08,0,0,1,0,0,0,1,0,0,-,-,NA,NA,SAN DIEGO,ENCINITAS,-117.30802154541016,33.0813102722168
91439201,2021,2021-03-30,9650,2021-03-27,1700,021200,NA,6,2,9,3700,0,3,5,NA,2,230,VIA RANCHO PARKWAY,VIA RANCHO LANE,10,W,N,A,-,N,NA,NA,NA,NA,NA,NA,NA,NA,NA,N,4,0,1,2,A,-,03,22350,NA,N,C,C,A,A,H,-,A,D,0,NA,NA,NA,NA,Y,NA,A,07,0,0,1,0,0,0,0,0,0,-,-,33.086570739746094,-117.10868072509766,SAN DIEGO,UNINCORPORATED,-117.10868072509766,33.08657455444336
9143931,2020,2020-09-10,3711,2020-06-10,2320,SD6998,NA,3,5,7,3711,0,0,0,NA,0,232,LINDAMERE LN,ESPRIT AV,65,S,N,A,-,N,NA,NA,NA,NA,NA,NA,NA,NA,NA,N,3,0,1,2,A,-,11,21954,A,M,G,B,E,A,H,-,C,D,0,Y,NA,NA,NA,Y,NA,N,60,0,1,0,0,1,0,0,0,0,-,-,NA,NA,SAN DIEGO,SAN DIEGO,-117.07118988037108,32.96923828125
9143938,2020,2020-10-20,3711,2020-06-15,0426,SD7971,NA,1,5,7,3711,0,0,0,NA,0,522,E HARBOR DR,SIGSBEE ST,500,W,N,A,-,N,NA,NA,NA,NA,NA,NA,NA,NA,NA,N,4,0,1,1,A,-,08,38314,NA,N,A,I,A,A,H,-,C,D,0,NA,NA,NA,NA,Y,NA,A,01,0,0,1,0,0,0,0,0,0,-,-,NA,NA,SAN DIEGO,SAN DIEGO,-117.1520767211914,32.70131301879883
91442230,2021,2021-04-02,9680,2021-01-10,1702,021501,NA,7,2,9,3700,0,1,3,NA,1,052,STATE ROUTE 78,STATE ROUTE 79,9504,W,N,A,-,Y,NA,NA,78,NA,NA,NA,NA,NA,NA,Y,1,1,2,3,A,-,01,23152,A,N,E,I,A,A,H,-,B,D,0,NA,NA,Y,NA,Y,Y,C,02,1,0,1,0,0,0,0,1,1,-,-,33.0960807800293,-116.70069885253906,SAN DIEGO,UNINCORPORATED,-116.70064544677734,33.09605407714844
91444318,2021,2021-04-06,9680,2021-03-25,2128,021944,NA,4,2,9,3700,0,1,3,NA,1,024,SR-94,LYONS VALLEY ROAD,2112,W,N,B,-,Y,NA,NA,94,NA,NA,NA,NA,NA,NA,Y,4,0,1,1,A,-,08,22107,NA,N,E,I,A,B,H,-,D,D,0,NA,NA,NA,NA,Y,NA,D,22,0,0,1,0,0,0,0,0,0,-,-,32.722171783447266,-116.88601684570313,SAN DIEGO,UNINCORPORATED,-116.8860092163086,32.72209548950195
91447981,2021,2021-04-12,9645,2021-04-05,1610,020165,NA,1,2,6,3702,0,1,1,NA,2,009,I-805 S/B,H STREET,1000,N,N,A,-,Y,NA,NA,805,NA,NA,NA,NA,NA,S,Y,4,0,1,5,A,-,03,22350,NA,N,C,C,A,A,H,-,A,D,0,NA,NA,NA,NA,Y,NA,D,22,0,0,1,0,0,0,0,0,0,-,-,32.64339065551758,-117.05767822265624,SAN DIEGO,CHULA VISTA,-117.0576400756836,32.64341354370117
91448583,2021,2021-04-12,9645,2021-03-02,0240,021237,NA,2,3,7,3711,0,1,1,NA,2,009,I-805 S/B,MAIN STREET,800,S,N,A,-,Y,NA,NA,805,NA,NA,NA,NA,NA,S,Y,3,0,2,2,A,-,03,22350,NA,N,C,C,A,A,H,-,C,D,0,NA,NA,NA,Y,Y,NA,A,01,0,2,0,0,0,0,0,0,0,-,-,32.59300994873047,-117.03653717041016,SAN DIEGO,SAN DIEGO,-117.03649139404295,32.59300994873047
91448719,2021,2021-04-12,9645,2021-04-12,0540,016766,NA,1,3,7,3711,0,1,3,NA,2,016,SR-52 E/B,OAK CANYON,300,W,N,A,-,Y,NA,NA,52,NA,NA,NA,NA,NA,E,Y,4,0,1,1,A,-,08,22107,NA,N,E,I,A,A,H,-,D,D,0,NA,NA,NA,NA,Y,NA,A,01,0,0,1,0,0,0,0,0,0,-,-,32.85139083862305,-117.03988647460938,SAN DIEGO,SAN DIEGO,-117.03987884521484,32.85145568847656
91451485,2021,2021-04-15,9680,2021-04-05,1520,021353,NA,1,2,4,3720,0,1,3,NA,2,028,SR-125 NORTHBOUND,SWEETWATER ROAD,420,S,N,A,-,Y,NA,NA,125,NA,NA,NA,NA,NA,N,Y,4,0,3,4,A,-,03,22350,NA,N,C,C,A,A,H,-,A,D,0,NA,NA,NA,NA,Y,NA,A,01,0,0,3,0,0,0,0,0,0,-,-,32.74208068847656,-117.01651000976563,SAN DIEGO,LEMON GROVE,-117.01643371582033,32.74211883544922
91453163,2021,2021-04-19,9645,2021-04-12,1759,020265,NA,1,2,6,3702,0,1,1,NA,2,001,I-5 S/B,E ST. O/C,100,N,N,A,-,Y,NA,NA,5,NA,NA,NA,NA,NA,S,Y,3,0,1,2,A,-,03,22350,NA,N,C,C,A,A,H,-,A,D,0,NA,NA,NA,NA,Y,NA,A,01,0,1,0,0,0,0,0,0,0,-,-,32.64059829711914,-117.10050201416016,SAN DIEGO,CHULA VISTA,-117.1005630493164,32.64057922363281
9145321,2020,2021-01-21,3711,2020-09-04,1458,SD5812,NA,5,5,7,3711,0,0,0,NA,0,123,GARNET AV,MISSION BAY DR,0,NA,Y,A,-,N,NA,NA,NA,NA,NA,NA,NA,NA,NA,Y,4,0,1,2,A,-,08,22107,NA,N,A,C,A,A,H,-,A,A,0,NA,NA,Y,NA,Y,NA,C,03,0,0,1,0,0,0,0,0,1,-,-,NA,NA,SAN DIEGO,SAN DIEGO,-117.2189712524414,32.806148529052734
91456961,2021,2021-04-23,9650,2021-04-20,1135,015600,NA,2,1,9,3700,0,3,5,NA,2,211,MOUNTAIN MEADOW RD.,CHAMPAGNE BLVD,1584,E,N,A,-,N,NA,NA,NA,NA,NA,NA,NA,NA,NA,N,3,0,1,2,A,-,08,22107,NA,N,B,C,A,A,H,-,A,D,0,NA,NA,NA,NA,Y,NA,A,01,0,1,0,0,0,0,0,0,0,-,-,33.20011901855469,-117.11892700195313,SAN DIEGO,UNINCORPORATED,-117.1190185546875,33.19997024536133
91458660,2021,2021-04-26,9680,2021-04-15,1555,021441,NA,4,2,5,3708,0,1,3,NA,2,028,SR-125 S/B,MARIPOSA ST,316,S,N,A,-,Y,NA,NA,125,NA,NA,NA,NA,NA,S,Y,4,0,1,3,A,-,03,22350,NA,N,C,C,A,A,H,-,A,D,0,NA,NA,NA,NA,Y,NA,A,07,0,0,1,0,0,0,0,0,0,-,-,32.759300231933594,-117.00469970703124,SAN DIEGO,LA MESA,-117.00470733642578,32.75931167602539
91459442,2021,2021-04-27,9645,2021-04-08,1347,019241,NA,4,1,7,3711,0,1,1,NA,2,009,I-805 SOUTHBOUND,CAMINO DE LA PLAZA,1250,N,N,A,-,Y,NA,NA,805,NA,NA,NA,NA,NA,S,Y,3,0,2,2,A,-,08,22107,NA,N,C,C,A,A,H,-,A,D,0,NA,NA,NA,NA,Y,NA,A,01,0,1,1,0,0,0,0,0,0,-,-,32.546119689941406,-117.03569793701172,SAN DIEGO,SAN DIEGO,-117.03571319580078,32.546085357666016
91460719,2021,2021-04-28,9680,2021-04-18,1710,021994,NA,7,2,9,3700,0,2,4,NA,1,026,JAMACHA BOULEVARD,KEMPTON STREET,60,E,N,A,-,N,NA,NA,NA,NA,NA,NA,NA,NA,NA,N,4,0,1,3,A,-,03,22350,NA,N,C,C,A,A,H,-,A,A,0,NA,NA,NA,NA,Y,NA,A,01,0,0,1,0,0,0,0,0,0,-,-,32.70793151855469,-117.00157165527344,SAN DIEGO,UNINCORPORATED,-117.00164031982422,32.70785903930664
9146128,2020,2020-10-09,3711,2020-08-21,1805,SD7514,NA,5,5,7,3711,0,0,0,NA,0,725,BUSINESS CENTER CT,BUSINESS CENTER CT 6000,0,NA,-,A,-,N,NA,NA,NA,NA,NA,NA,NA,NA,NA,N,3,0,1,1,B,-,22,NA,NA,N,F,A,A,A,H,-,A,D,0,NA,NA,Y,NA,Y,NA,C,02,0,1,0,0,0,0,0,0,1,-,-,NA,NA,SAN DIEGO,SAN DIEGO,NA,NA
91463355,2021,2021-04-30,9680,2021-04-20,0623,020401,NA,2,1,9,3700,0,3,5,NA,2,001,WOODSIDE AVENUE,PROSPECT AVENUE,0,NA,Y,B,-,N,NA,NA,NA,NA,NA,NA,NA,NA,NA,Y,4,0,2,2,A,-,09,21802,A,N,D,D,A,A,H,-,A,D,0,NA,NA,NA,NA,Y,NA,A,07,0,0,2,0,0,0,0,0,0,-,-,32.85564041137695,-116.92636108398438,SAN DIEGO,UNINCORPORATED,-116.92632293701172,32.856712341308594
91463549,2021,2021-04-30,9680,2021-04-21,0001,021813,NA,3,3,9,3700,0,1,3,NA,1,024,SR-94 (CAMPO ROAD) EASTBOUND,SR-54 (JAMACHA ROAD),0,NA,Y,A,-,Y,NA,NA,94,NA,NA,NA,NA,NA,E,Y,3,0,2,2,A,-,12,21453,A,N,D,C,A,A,H,-,C,A,0,NA,NA,NA,NA,Y,NA,A,07,0,2,0,0,0,0,0,0,0,-,-,32.73950958251953,-116.94248199462892,SAN DIEGO,UNINCORPORATED,-116.94249725341795,32.739505767822266
91464065,2021,2021-05-03,9650,2021-04-26,2306,020343,NA,1,3,6,3710,0,1,3,NA,2,015,SR-78 W/B TO COLLEGE BLVD,VISTA WAY,60,S,N,A,-,Y,NA,NA,78,NA,NA,NA,R,NA,W,Y,4,0,1,1,A,-,01,23152,F,N,E,I,A,A,H,-,C,D,0,NA,NA,NA,NA,Y,NA,A,01,0,0,1,0,0,0,0,0,0,-,-,33.18360900878906,-117.29434204101563,SAN DIEGO,OCEANSIDE,-117.29434204101563,33.18360900878906
91464628,2021,2021-05-03,9680,2021-04-22,1820,018979,NA,4,2,9,3700,0,3,5,NA,2,002,QUARRY RD,ELKELTON PL,0,NA,Y,B,-,N,NA,NA,NA,NA,NA,NA,NA,NA,NA,Y,4,0,1,2,A,-,09,21802,A,N,D,C,A,A,H,-,A,A,0,NA,NA,NA,NA,Y,NA,A,07,0,0,1,0,0,0,0,0,0,-,-,32.70037078857422,-117.01010131835938,SAN DIEGO,UNINCORPORATED,-117.0101318359375,32.700599670410156
91467128,2021,2021-05-06,9650,2021-04-26,0855,018550,NA,1,1,5,3782,0,1,1,NA,2,007,I-5 S/B,LA COSTA AVE,240,N,N,A,-,Y,NA,NA,5,NA,NA,NA,NA,NA,S,Y,4,0,2,3,A,-,03,22350,NA,N,C,C,A,A,D,-,A,D,0,NA,NA,NA,NA,Y,NA,A,07,0,0,2,0,0,0,0,0,0,-,-,33.08491897583008,-117.29863739013672,SAN DIEGO,ENCINITAS,-117.29867553710938,33.084896087646484
91467973,2021,2021-05-07,9645,2021-05-01,2118,020180,NA,6,2,7,3711,0,1,1,NA,2,019,I-15 N/B TO CAMINO DEL NORTE,CAMINO DEL NORTE,35,S,N,A,-,Y,NA,NA,15,NA,NA,NA,R,NA,N,Y,4,0,2,2,A,-,03,22350,NA,N,C,C,A,A,H,-,C,D,0,NA,NA,NA,NA,Y,NA,D,22,0,0,2,0,0,0,0,0,0,-,-,32.99721145629883,-117.08280181884766,SAN DIEGO,SAN DIEGO,-117.08280181884766,32.99721145629883
91468161,2021,2021-05-07,9680,2021-04-28,1745,022021,NA,3,2,9,3700,0,1,3,NA,1,022,SR-54 (JAMACHA ROAD),CHASE AVENUE,380,S,N,A,-,Y,NA,NA,54,NA,NA,NA,NA,NA,NA,Y,4,0,1,2,A,-,09,21804,A,N,D,C,A,A,H,-,A,D,0,NA,NA,NA,NA,Y,NA,A,01,0,0,1,0,0,0,0,0,0,-,-,32.7677001953125,-116.92794036865234,SAN DIEGO,UNINCORPORATED,-116.92789459228516,32.7677001953125
9146922,2020,2020-09-15,3702,2020-06-17,0936,CV1254,NA,3,5,6,3702,0,0,0,NA,0,022,3RD AV,QUINTARD ST,0,NA,Y,A,-,N,NA,NA,NA,NA,NA,NA,NA,NA,NA,Y,3,0,2,2,A,-,09,21801,A,N,D,C,A,A,H,-,A,A,0,NA,NA,NA,NA,Y,NA,A,01,0,1,1,0,0,0,0,0,0,-,-,NA,NA,SAN DIEGO,CHULA VISTA,-117.06504058837892,32.60332107543945
91470782,2021,2021-05-12,9645,2021-05-11,0550,017678,NA,2,3,7,3711,0,1,1,NA,2,003,I-5 S/B,28TH STREET O/C,300,N,N,B,-,Y,NA,NA,5,NA,NA,NA,NA,NA,S,Y,4,0,1,1,A,-,08,22107,NA,N,F,A,A,A,H,-,A,D,0,NA,NA,NA,NA,Y,NA,A,07,0,0,1,0,0,0,0,0,0,-,-,32.69641876220703,-117.13630676269533,SAN DIEGO,SAN DIEGO,-117.13621520996094,32.696556091308594
9147131,2020,2020-10-22,3711,2020-08-28,1832,7849,NA,5,5,7,3711,0,0,0,NA,0,826,EL CAJON BL,52ND ST,15,S,N,A,-,N,NA,NA,NA,NA,NA,NA,NA,NA,NA,N,4,0,3,2,A,-,12,21453,A,N,D,C,A,A,H,-,A,A,0,NA,NA,NA,NA,Y,NA,A,01,0,0,3,0,0,0,0,0,0,-,-,NA,NA,SAN DIEGO,SAN DIEGO,-117.08364105224608,32.757232666015625
9147132,2020,2020-10-22,3711,2020-08-28,2054,4310,NA,5,5,7,3711,0,0,0,NA,0,123,SUNSET CLIFFS BL,WEST MISSION BAY,260,S,N,A,-,N,NA,NA,NA,NA,NA,NA,NA,NA,NA,Y,3,0,1,2,A,-,08,22107,NA,N,B,C,A,A,H,-,C,D,0,NA,NA,NA,NA,Y,NA,A,01,0,1,0,0,0,0,0,0,0,-,-,NA,NA,SAN DIEGO,SAN DIEGO,-117.23106384277344,32.7609748840332
9147138,2020,2020-10-22,3711,2020-08-29,0950,1076,NA,6,5,7,3711,0,0,0,NA,0,116,FIESTA ISLAND RD,ERIE ST,0,NA,Y,A,-,N,NA,NA,NA,NA,NA,NA,NA,NA,NA,N,4,0,1,2,B,-,22,NA,NA,M,H,G,A,A,H,-,A,D,0,NA,Y,NA,NA,Y,Y,-,NA,0,0,1,0,0,0,1,0,0,-,-,NA,NA,SAN DIEGO,SAN DIEGO,NA,NA
91472452,2021,2021-05-13,9680,2021-05-03,0820,015660,NA,1,1,9,3700,0,3,5,NA,2,003,OLD HWY 80,PINE CREEK RD,1584,W,N,A,-,N,NA,NA,NA,NA,NA,NA,NA,NA,NA,Y,4,0,1,2,A,-,09,21804,A,N,D,C,A,A,H,-,A,D,0,NA,NA,NA,NA,Y,NA,A,01,0,0,1,0,0,0,0,0,0,-,-,32.841941833496094,-116.5419464111328,SAN DIEGO,UNINCORPORATED,-116.540734,32.841639
91477850,2021,2021-05-20,9650,2021-05-15,0110,019822,NA,6,3,9,3700,0,1,3,NA,1,028,VALLEY CENTER RD,THUNDERNUT LN,3696,N,N,A,-,Y,NA,NA,NA,NA,NA,NA,NA,NA,NA,Y,3,0,2,2,A,-,01,23152,A,N,A,C,A,A,H,-,D,D,0,NA,NA,NA,NA,Y,Y,A,07,0,1,1,0,0,0,0,0,0,-,-,33.2281608581543,-116.9753875732422,SAN DIEGO,UNINCORPORATED,-116.97569274902344,33.2281608581543
91480450,2021,2021-05-24,9680,2021-05-12,0005,016694,NA,3,3,9,3700,0,3,5,NA,2,001,PEPPER DRIVE,BEVIN LANE,27,E,N,A,-,N,NA,NA,NA,NA,NA,NA,NA,NA,NA,Y,3,0,1,1,A,-,01,23152,A,N,F,A,A,A,H,-,C,D,0,NA,NA,Y,NA,Y,Y,C,02,0,1,0,0,0,0,0,0,1,-,-,32.82120895385742,-116.9393310546875,SAN DIEGO,UNINCORPORATED,-116.93949127197266,32.82119369506836
91480852,2021,2021-05-25,9680,2021-05-13,0542,015578,NA,4,3,9,3700,0,2,4,NA,1,021,DEHESA ROAD,HUMMINGBIRD COURT,116,E,N,A,-,N,NA,NA,NA,NA,NA,NA,NA,NA,NA,Y,4,0,1,1,A,-,03,22350,NA,N,E,I,A,A,H,-,A,D,0,NA,NA,Y,NA,Y,NA,C,02,0,0,1,0,0,0,0,0,1,-,-,32.78778076171875,-116.89703369140624,SAN DIEGO,UNINCORPORATED,-116.89704132080078,32.78770446777344