CASE_ID,ACCIDENT_YEAR,PROC_DATE,JURIS,COLLISION_DATE,COLLISION_TIME,OFFICER_ID,REPORTING_DISTRICT,DAY_OF_WEEK,CHP_SHIFT,POPULATION,CNTY_CITY_LOC,SPECIAL_COND,BEAT_TYPE,CHP_BEAT_TYPE,CITY_DIVISION_LAPD,CHP_BEAT_CLASS,BEAT_NUMBER,PRIMARY_RD,SECONDARY_RD,DISTANCE,DIRECTION,INTERSECTION,WEATHER_1,WEATHER_2,STATE_HWY_IND,CALTRANS_COUNTY,CALTRANS_DISTRICT,STATE_ROUTE,ROUTE_SUFFIX,POSTMILE_PREFIX,POSTMILE,LOCATION_TYPE,RAMP_INTERSECTION,SIDE_OF_HWY,TOW_AWAY,COLLISION_SEVERITY,NUMBER_KILLED,NUMBER_INJURED,PARTY_COUNT,PRIMARY_COLL_FACTOR,PCF_CODE_OF_VIOL,PCF_VIOL_CATEGORY,PCF_VIOLATION,PCF_VIOL_SUBSECTION,HIT_AND_RUN,TYPE_OF_COLLISION,MVIW,PED_ACTION,ROAD_SURFACE,ROAD_COND_1,ROAD_COND_2,LIGHTING,CONTROL_DEVICE,CHP_ROAD_TYPE,PEDESTRIAN_ACCIDENT,BICYCLE_ACCIDENT,MOTORCYCLE_ACCIDENT,TRUCK_ACCIDENT,NOT_PRIVATE_PROPERTY,ALCOHOL_INVOLVED,STWD_VEHTYPE_AT_FAULT,CHP_VEHTYPE_AT_FAULT,COUNT_SEVERE_INJ,COUNT_VISIBLE_INJ,COUNT_COMPLAINT_PAIN,COUNT_PED_KILLED,COUNT_PED_INJURED,COUNT_BICYCLIST_KILLED,COUNT_BICYCLIST_INJURED,COUNT_MC_KILLED,COUNT_MC_INJURED,PRIMARY_RAMP,SECONDARY_RAMP,LATITUDE,LONGITUDE,COUNTY,CITY,POINT_X,POINT_Y
91488487,2021,2021-06-03,9645,2021-05-24,1800,018646,NA,1,2,7,3711,0,1,1,NA,2,015,I-805 N/B,SORRENTO VALLEY BLVD.,500,S,N,A,-,Y,NA,NA,805,NA,NA,NA,NA,NA,N,Y,4,0,1,1,A,-,08,22107,NA,N,E,I,A,A,G,-,A,D,0,NA,NA,NA,NA,Y,NA,A,01,0,0,1,0,0,0,0,0,0,-,-,32.90150833129883,-117.22113800048828,SAN DIEGO,SAN DIEGO,-117.22104644775392,32.9015998840332
9149010,2020,2021-01-25,3711,2020-09-10,0440,SD7151,NA,4,5,7,3711,0,0,0,NA,0,714,EAST SAN YSIDRO BL,RAIL CT,0,NA,Y,A,-,N,NA,NA,NA,NA,NA,NA,NA,NA,NA,N,4,0,1,2,A,-,11,21950,B,N,G,B,D,A,H,-,C,A,0,Y,NA,NA,NA,Y,NA,N,60,0,0,1,0,1,0,0,0,0,-,-,NA,NA,SAN DIEGO,SAN DIEGO,-117.02871704101563,32.5442008972168
91491534,2021,2021-06-08,9650,2021-05-21,1800,021200,NA,5,2,5,3701,0,1,1,NA,2,005,I-5 SB,POINSETTIA RD,1000,S,N,A,-,Y,NA,NA,5,NA,NA,NA,NA,NA,S,N,2,0,1,2,A,-,03,22350,NA,N,C,C,A,A,D,-,A,D,0,NA,NA,Y,NA,Y,NA,C,02,1,0,0,0,0,0,0,0,1,-,-,33.09983825683594,-117.3084716796875,SAN DIEGO,CARLSBAD,-117.30843353271484,33.0998649597168
91494385,2021,2021-06-10,9645,2021-06-03,1042,016138,NA,4,1,7,3711,0,1,1,NA,2,017,I-15 NORTHBOUND,CARROLL CANYON ROAD,1584,S,N,A,-,Y,NA,NA,15,NA,NA,NA,NA,NA,N,Y,3,0,1,1,A,-,01,23152,A,N,E,I,A,A,H,-,A,D,0,NA,NA,NA,NA,Y,Y,A,07,0,1,0,0,0,0,0,0,0,-,-,32.898319244384766,-117.11592864990234,SAN DIEGO,SAN DIEGO,-117.11600494384766,32.8983154296875
91497043,2021,2021-06-15,9650,2021-05-31,1145,019227,NA,1,1,5,3712,0,1,3,NA,2,019,SR-78 W/B,NORDAHL RD,1320,W,N,A,-,Y,NA,NA,78,NA,NA,NA,NA,NA,W,Y,4,0,1,2,A,-,07,21658,A,F,E,8,A,A,H,-,A,D,0,NA,NA,NA,NA,Y,NA,A,07,0,0,1,0,0,0,0,0,0,-,-,33.13359069824219,-117.12538146972656,SAN DIEGO,SAN MARCOS,-117.12523651123048,33.1339111328125
91497157,2021,2021-06-15,9650,2021-06-03,0836,021477,NA,4,1,9,3700,0,1,3,NA,2,019,EASTBOUND SR-78,PLAZA DR.,528,W,N,A,-,Y,NA,NA,NA,NA,NA,NA,NA,NA,NA,Y,3,0,1,1,A,-,01,23152,F,N,E,I,A,A,H,-,A,D,0,NA,NA,NA,NA,Y,NA,D,22,0,1,0,0,0,0,0,0,0,-,-,33.18309020996094,-117.29612731933594,SAN DIEGO,UNINCORPORATED,-117.28980255126952,33.18354415893555
91499239,2021,2021-06-17,9650,2021-06-12,0220,019822,NA,6,3,9,3700,0,3,5,NA,2,211,JESMOND DENE ROAD,WILLOW LANE,162,N,N,A,-,N,NA,NA,NA,NA,NA,NA,NA,NA,NA,Y,4,0,1,1,A,-,01,23152,A,N,E,I,A,A,H,-,D,D,0,NA,NA,NA,NA,Y,Y,A,07,0,0,1,0,0,0,0,0,0,-,-,33.17633819580078,-117.10885620117188,SAN DIEGO,UNINCORPORATED,-117.11216735839844,33.18190002441406
91499712,2021,2021-06-17,9650,2021-06-15,1635,015081,NA,2,2,6,3710,0,1,3,NA,2,015,SR-78 E/B,EL CAMINO REAL,1056,E,N,A,-,Y,NA,NA,78,NA,NA,NA,NA,NA,E,N,4,0,1,2,A,-,03,22350,NA,N,C,C,A,A,H,-,A,D,0,NA,NA,NA,NA,Y,NA,A,01,0,0,1,0,0,0,0,0,0,-,-,33.18212127685547,-117.32238006591795,SAN DIEGO,OCEANSIDE,-117.32238006591795,33.18212127685547
9149982,2020,2020-09-24,3711,2020-09-08,1600,SD7073,NA,2,5,7,3711,0,0,0,NA,0,613,VOLTAIRE ST,GUIZOT ST,0,NA,Y,B,-,N,NA,NA,NA,NA,NA,NA,NA,NA,NA,N,3,0,1,1,B,-,22,NA,NA,N,H,A,A,A,H,-,A,D,0,NA,NA,Y,NA,Y,NA,C,03,0,1,0,0,0,0,0,0,1,-,-,NA,NA,SAN DIEGO,SAN DIEGO,-117.23802947998048,32.746620178222656
91501313,2021,2021-06-21,9650,2021-06-04,1506,021154,NA,5,2,9,3700,0,1,1,NA,2,003,I-5 S/B,ALISO CREEK REST AREA,1533,S,N,A,-,Y,NA,NA,5,NA,NA,NA,NA,NA,S,Y,2,0,2,3,A,-,03,22350,NA,N,C,C,A,A,H,-,A,D,0,NA,NA,NA,NA,Y,NA,A,07,1,1,0,0,0,0,0,0,0,-,-,33.26969909667969,-117.43881988525392,SAN DIEGO,UNINCORPORATED,-117.4388427734375,33.26966857910156
91502546,2021,2021-06-22,9645,2021-06-21,1510,016061,NA,1,2,7,3711,0,1,3,NA,2,023,SR-163 S/B,ROBINSON AVE.,528,S,N,A,-,Y,NA,NA,163,NA,NA,NA,NA,NA,S,Y,3,0,2,2,A,-,03,22350,NA,N,C,C,A,A,H,-,A,D,0,NA,NA,NA,NA,Y,NA,A,01,0,2,0,0,0,0,0,0,0,-,-,32.744590759277344,-117.15637969970705,SAN DIEGO,SAN DIEGO,-117.15641784667967,32.74458312988281
91504488,2021,2021-06-23,9680,2021-06-12,1420,021994,NA,6,2,9,3700,0,1,3,NA,1,022,STATE ROUTE 54 (JAMACHA ROAD),FURY LANE,155,W,N,A,-,N,NA,NA,54,NA,NA,NA,NA,NA,NA,N,4,0,1,3,A,-,07,21658,A,F,B,C,A,A,H,-,A,A,0,NA,NA,NA,NA,Y,NA,A,01,0,0,1,0,0,0,0,0,0,-,-,32.742698669433594,-116.93482971191406,SAN DIEGO,UNINCORPORATED,-116.93489837646484,32.742862701416016
91505975,2021,2021-06-24,9680,2021-06-13,0025,016102,NA,7,3,9,3700,0,1,1,NA,2,086,INTERSTATE 8 WESTBOUND (I-8W),STATE ROUTE 94 (SR-94) / RIBBONWOOD ROAD,1056,W,N,A,-,Y,NA,NA,8,NA,NA,NA,NA,NA,W,Y,4,0,1,1,A,-,08,22107,NA,N,E,I,A,A,H,-,D,D,0,NA,NA,NA,NA,Y,NA,A,01,0,0,1,0,0,0,0,0,0,-,-,32.679039001464844,-116.29451751708984,SAN DIEGO,UNINCORPORATED,-116.29434204101563,32.67926025390625
91507278,2021,2021-06-28,9680,2021-05-20,1751,015983,NA,4,2,9,3700,0,3,5,NA,2,001,BRADLEY AVE,MAGNOLIA AVE,50,E,N,A,-,N,NA,NA,NA,NA,NA,NA,NA,NA,NA,N,3,0,1,2,A,-,09,21801,A,N,B,G,A,A,H,-,A,D,0,NA,Y,NA,NA,Y,NA,L,04,0,1,0,0,0,0,1,0,0,-,-,32.81911849975586,-116.9618682861328,SAN DIEGO,UNINCORPORATED,-116.96215057373048,32.81911087036133
91507994,2021,2021-06-28,9650,2021-06-15,1642,016516,NA,2,2,9,3700,0,3,5,NA,2,006,OAK CLIFF DR,LAKEMONT DR,0,NA,Y,A,-,N,NA,NA,NA,NA,NA,NA,NA,NA,NA,N,2,0,1,1,A,-,08,22107,NA,N,F,A,A,A,H,-,A,D,0,NA,Y,NA,NA,Y,NA,L,04,1,0,0,0,0,0,1,0,0,-,-,33.33742904663086,-117.18331909179688,SAN DIEGO,UNINCORPORATED,-117.18338775634766,33.337459564208984
91508241,2021,2021-06-28,9645,2021-06-15,2155,021268,NA,2,2,7,3711,0,1,3,NA,2,006,SR-94 E/B,FEDERAL AVENUE,1056,E,N,A,-,Y,NA,NA,NA,NA,NA,NA,NA,NA,NA,Y,3,0,2,1,A,-,08,22107,NA,N,E,I,A,A,H,-,C,D,0,NA,NA,NA,NA,Y,NA,D,22,0,2,0,0,0,0,0,0,0,-,-,32.72789001464844,-117.06085205078124,SAN DIEGO,SAN DIEGO,-117.0702667236328,32.72734451293945
91508789,2021,2021-06-29,9680,2021-06-17,1910,018979,NA,4,2,9,3700,0,3,5,NA,2,003,OLDE HIGHWAY 80,SPRING VIEW CT,136,E,N,A,-,N,NA,NA,NA,NA,NA,NA,NA,NA,NA,Y,3,0,1,1,A,-,08,22107,NA,N,E,I,A,A,H,-,A,D,0,NA,NA,NA,NA,Y,NA,A,01,0,1,0,0,0,0,0,0,0,-,-,32.84762954711914,-116.86840057373048,SAN DIEGO,UNINCORPORATED,-116.868401,32.847706
9150890,2020,2020-09-11,3700,2020-01-23,0736,SH0138,NA,4,5,5,3781,0,0,0,NA,0,516,FANITA DR,LUND DR,100,N,N,A,-,N,NA,NA,NA,NA,NA,NA,NA,NA,NA,Y,4,0,1,3,A,-,09,21804,A,N,A,C,A,A,H,-,A,D,0,NA,NA,NA,NA,Y,NA,A,01,0,0,1,0,0,0,0,0,0,-,-,NA,NA,SAN DIEGO,SANTEE,-117.0007095336914,32.82856369018555
91509097,2021,2021-06-29,9645,2021-06-23,1256,016409,NA,3,1,7,3711,0,1,1,NA,2,007,I-5 S/B,VIA DE LA VALLE,5808,S,N,A,D,Y,NA,NA,5,NA,NA,NA,NA,NA,S,Y,3,0,1,2,A,-,08,22107,NA,N,C,C,A,A,H,-,A,D,0,NA,NA,NA,NA,Y,NA,D,22,0,1,0,0,0,0,0,0,0,-,-,32.96467971801758,-117.24756622314452,SAN DIEGO,SAN DIEGO,-117.24750518798828,32.96470260620117
91513148,2021,2021-07-06,9650,2021-06-26,1500,017392,NA,6,2,5,3701,0,1,1,NA,2,005,I-5 N/B,TAMARACK AVE,2112,S,N,A,-,Y,NA,NA,5,NA,NA,NA,NA,NA,N,Y,4,0,4,5,A,-,03,22350,NA,N,C,C,A,A,H,-,A,A,0,NA,NA,NA,NA,Y,NA,A,07,0,0,4,0,0,0,0,0,0,-,-,33.145851135253906,-117.33350372314452,SAN DIEGO,CARLSBAD,-117.33353424072266,33.14584732055664
91513228,2021,2021-07-06,9650,2021-06-25,0040,019822,NA,5,3,9,3700,0,1,1,NA,2,023,I-15 S/B,VIA RANCHO PARKWAY,1584,S,N,A,-,Y,NA,NA,NA,NA,NA,NA,NA,NA,NA,Y,3,0,2,2,A,-,08,22107,NA,N,B,C,A,A,H,-,A,D,0,NA,NA,NA,NA,Y,NA,A,07,0,1,1,0,0,0,0,0,0,-,-,33.06312942504883,-117.06906127929688,SAN DIEGO,UNINCORPORATED,-117.06919097900392,33.0650749206543
9151508,2020,2021-01-19,3711,2020-09-06,0854,SD7200,NA,7,5,7,3711,0,0,0,NA,0,123,WEST MISSION BAY DR,SEA WORLD DR,100,S,N,A,-,N,NA,NA,NA,NA,NA,NA,NA,NA,NA,N,3,0,1,1,A,-,03,22350,NA,N,E,J,A,A,G,-,A,D,0,NA,NA,Y,NA,Y,NA,C,02,0,1,0,0,0,0,0,0,1,-,-,NA,NA,SAN DIEGO,SAN DIEGO,-117.23020935058594,32.76131057739258
91515591,2021,2021-07-08,9650,2021-07-02,1645,020673,NA,5,2,9,3700,0,3,5,NA,2,006,FALLBROOK ST.,ELBROOK DR.,200,W,N,A,-,N,NA,NA,NA,NA,NA,NA,NA,NA,NA,N,3,0,2,2,A,-,03,22350,NA,N,C,C,A,A,H,-,A,D,0,NA,NA,NA,NA,Y,NA,D,22,0,1,1,0,0,0,0,0,0,-,-,33.37662124633789,-117.2478485107422,SAN DIEGO,UNINCORPORATED,-117.24773406982422,33.37657928466797
91516791,2021,2021-07-09,9645,2021-06-10,2225,021338,NA,4,3,7,3711,0,1,3,NA,2,025,SR-163 S/B,BALBOA AVENUE,580,S,N,A,-,Y,NA,NA,163,NA,NA,NA,NA,NA,S,Y,3,0,1,1,A,-,01,23152,A,N,E,8,A,A,H,-,D,D,0,NA,NA,NA,NA,Y,Y,A,01,0,1,0,0,0,0,0,0,0,-,-,32.820068359375,-117.14801788330078,SAN DIEGO,SAN DIEGO,-117.14787292480467,32.81998825073242
91518066,2021,2021-07-12,9680,2021-06-29,1300,020780,NA,2,1,9,3700,0,1,3,NA,1,040,SR-94,COCHERA VIA DR,4224,W,N,A,-,Y,NA,NA,94,NA,NA,NA,NA,NA,NA,Y,3,0,2,2,A,-,01,23152,F,N,C,C,A,A,H,-,A,D,0,NA,NA,NA,NA,Y,NA,A,01,0,1,1,0,0,0,0,0,0,-,-,32.618438720703125,-116.72914886474608,SAN DIEGO,UNINCORPORATED,-116.7291259765625,32.61842346191406
91521078,2021,2021-07-15,9680,2021-07-03,0150,022161,NA,6,3,9,3700,0,3,5,NA,2,002,DEHESA RD.,HARBINSON CANYON RD.,0,NA,Y,A,-,N,NA,NA,NA,NA,NA,NA,NA,NA,NA,N,3,0,1,1,A,-,01,23152,A,N,E,I,A,A,H,-,C,A,0,NA,NA,NA,NA,Y,Y,A,01,0,1,0,0,0,0,0,0,0,-,-,32.79005813598633,-116.84555816650392,SAN DIEGO,UNINCORPORATED,-116.84552764892578,32.79005813598633
91522129,2021,2021-07-16,9680,2021-07-05,1512,022021,NA,1,2,9,3700,0,2,4,NA,1,026,JAMACHA BLVD,LA PRESA AVE,0,NA,Y,A,-,N,NA,NA,NA,NA,NA,NA,NA,NA,NA,N,3,0,1,2,A,-,11,21950,B,N,G,B,B,A,H,-,A,A,0,Y,NA,NA,NA,Y,NA,N,60,0,1,0,0,1,0,0,0,0,-,-,32.70785903930664,-116.99320220947266,SAN DIEGO,UNINCORPORATED,-116.99324798583984,32.70778274536133
91522243,2021,2021-07-16,9645,2021-07-04,0054,021077,NA,7,3,7,3711,0,1,1,NA,2,001,I-5 N/B,E STREET,130,S,N,A,-,Y,NA,NA,NA,NA,NA,NA,NA,NA,NA,Y,2,0,3,2,A,-,01,23152,A,N,C,C,A,A,H,-,C,D,0,NA,NA,NA,NA,Y,Y,A,01,1,2,0,0,0,0,0,0,0,-,-,32.639129638671875,-117.09966278076172,SAN DIEGO,SAN DIEGO,-117.16015625,32.71430206298828
91525850,2021,2021-07-21,9645,2021-07-15,1755,015790,NA,4,2,7,3711,0,1,3,NA,2,023,SR-163,FRIARS ROAD (O/C),1056,N,N,A,-,Y,NA,NA,NA,NA,NA,NA,NA,NA,NA,N,3,0,1,2,A,-,03,22350,NA,N,C,C,A,A,H,-,A,D,0,NA,NA,NA,NA,Y,NA,A,01,0,1,0,0,0,0,0,0,0,-,-,NA,NA,SAN DIEGO,SAN DIEGO,-117.16132354736328,32.774322509765625
91526454,2021,2021-07-22,9645,2021-07-11,0320,021697,NA,7,3,7,3711,0,1,1,NA,2,011,I-805 S/B,LANDIS STREET O/C,569,S,N,A,-,Y,NA,NA,805,NA,NA,NA,NA,NA,S,Y,3,0,2,3,A,-,13,21718,A,N,C,C,A,A,H,-,D,D,0,NA,NA,NA,NA,Y,NA,A,01,0,2,0,0,0,0,0,0,0,-,-,32.74462890625,-117.11945343017578,SAN DIEGO,SAN DIEGO,-117.11940002441406,32.74467468261719
91526468,2021,2021-07-22,9645,2021-07-12,0120,019957,NA,1,3,7,3711,0,1,3,NA,2,023,SR-163 SOUTHBOUND TO UNIVERSITY AVE,WASHINGTON STREET O/C,783,E,N,A,-,Y,NA,NA,163,NA,NA,NA,R,NA,S,Y,3,0,2,1,A,-,03,22350,NA,N,B,8,A,A,H,-,D,D,0,NA,NA,NA,NA,Y,NA,A,07,0,1,1,0,0,0,0,0,0,-,-,32.752140045166016,-117.15814208984376,SAN DIEGO,SAN DIEGO,-117.15814208984376,32.752140045166016
91526682,2021,2021-07-22,9645,2021-07-21,1100,016047,NA,3,1,7,3711,0,1,3,NA,2,023,SR-163 SOUTHBOUND,ROBINSON AVENUE,300,S,N,A,-,Y,NA,NA,163,NA,NA,NA,NA,NA,S,Y,4,0,1,2,A,-,03,22350,NA,N,C,C,A,A,H,-,A,D,0,NA,NA,NA,NA,Y,NA,D,22,0,0,1,0,0,0,0,0,0,-,-,32.74457931518555,-117.15630340576172,SAN DIEGO,SAN DIEGO,-117.15641784667967,32.744564056396484
91528417,2021,2021-07-26,9650,2021-07-16,2256,021805,NA,5,3,9,3700,0,1,1,NA,2,022,I-15 S/B,PALA MESA DR,1150,N,N,A,-,Y,NA,NA,15,NA,NA,NA,NA,NA,S,Y,4,0,3,3,A,-,07,21658,A,F,C,C,A,A,H,-,D,D,0,NA,NA,NA,NA,Y,Y,-,99,0,0,3,0,0,0,0,0,0,-,-,33.344478607177734,-117.15931701660156,SAN DIEGO,UNINCORPORATED,-117.1592025756836,33.344478607177734
91530018,2021,2021-07-27,9645,2021-07-21,0635,016779,NA,3,1,7,3711,0,1,1,NA,2,011,I-805 (S/B),LANDIS ST. O/C,3000,S,N,A,-,Y,NA,NA,805,NA,NA,NA,NA,NA,NA,Y,3,0,1,1,A,-,08,22107,NA,N,E,J,A,A,H,-,A,D,0,NA,NA,NA,NA,Y,NA,A,01,0,1,0,0,0,0,0,0,0,-,-,32.73699951171875,-117.11499786376952,SAN DIEGO,SAN DIEGO,-117.11453247070313,32.737220764160156
91531562,2021,2022-02-02,9650,2021-07-25,2120,021435,NA,7,2,9,3700,0,2,4,NA,1,027,VALLEY CENTER RD.,IRISH OAKS RD.,1958,W,N,B,-,N,NA,NA,NA,NA,NA,NA,NA,NA,NA,N,1,1,1,2,A,-,05,21460,A,N,A,C,A,A,H,-,D,D,0,NA,NA,Y,NA,Y,NA,-,-,0,1,0,0,0,0,0,1,0,-,-,33.22809982299805,-117.01650238037108,SAN DIEGO,UNINCORPORATED,-117.017492,33.228203
91532029,2021,2021-07-29,9645,2021-06-28,2328,021768,NA,1,3,7,3711,0,1,1,NA,2,021,SR-15 S/B,POLK AVE O/C,18,S,N,A,-,Y,NA,NA,15,NA,NA,NA,NA,NA,S,Y,2,0,4,4,A,-,01,23152,A,N,A,C,A,A,H,-,C,D,0,NA,NA,NA,NA,Y,Y,A,01,1,1,2,0,0,0,0,0,0,-,-,32.75138854980469,-117.10916900634766,SAN DIEGO,SAN DIEGO,-117.10899353027344,32.75138854980469
91532104,2021,2021-07-29,9680,2021-07-17,2116,021510,NA,6,2,9,3700,0,1,3,NA,1,017,SR-67 N/B,SLAUGHTERHOUSE CANYON ROAD,4224,N,N,A,-,Y,NA,NA,67,NA,NA,NA,NA,NA,N,Y,4,0,3,3,A,-,01,23152,A,N,B,C,A,A,H,-,D,D,0,NA,NA,NA,NA,Y,Y,A,01,0,0,3,0,0,0,0,0,0,-,-,32.914878845214844,-116.94915008544922,SAN DIEGO,UNINCORPORATED,-116.94921875,32.91481018066406
91533751,2021,2021-07-30,9650,2021-07-29,0920,015080,NA,4,1,6,3710,0,1,1,NA,2,005,I-5 N/B,OCEANSIDE BLVD,820,S,N,A,-,Y,NA,NA,5,NA,NA,NA,NA,NA,N,N,4,0,1,2,A,-,03,22350,NA,N,C,C,A,A,H,-,A,D,0,NA,NA,NA,NA,Y,NA,D,22,0,0,1,0,0,0,0,0,0,-,-,33.188270568847656,-117.36042022705078,SAN DIEGO,OCEANSIDE,-117.36043548583984,33.188255310058594
91533785,2021,2021-07-30,9680,2021-07-17,1050,022050,NA,6,1,9,3700,0,3,5,NA,2,001,LAMPLITE LN,LOS COCHES RD,860,W,N,A,-,N,NA,NA,NA,NA,NA,NA,NA,NA,NA,N,3,0,2,3,A,-,21,22106,NA,N,H,E,A,A,H,-,A,D,0,NA,NA,NA,NA,Y,NA,A,01,0,2,0,0,0,0,0,0,0,-,-,32.83456039428711,-116.91004180908205,SAN DIEGO,UNINCORPORATED,-116.90998077392578,32.834632873535156
91533919,2021,2021-07-30,9645,2021-07-25,1525,020180,NA,7,2,7,3711,0,1,1,NA,2,030,I-15 N/B EXPRESS LANES,MIRAMAR WAY,2640,N,N,A,B,Y,NA,NA,15,NA,NA,NA,NA,NA,N,N,4,0,2,3,A,-,03,22350,NA,N,C,C,A,A,C,-,A,D,0,NA,NA,NA,NA,Y,NA,A,07,0,0,2,0,0,0,0,0,0,-,-,32.8875617980957,-117.11244964599608,SAN DIEGO,SAN DIEGO,-117.11219787597656,32.88771057128906
9153410,2020,2020-11-07,3711,2020-09-14,1530,SD6920,NA,1,5,7,3711,0,0,0,NA,0,315,CAMINO DEL ESTE,CAMINO DEL RIO N,0,NA,-,A,-,N,NA,NA,NA,NA,NA,NA,NA,NA,NA,N,4,0,1,2,A,-,09,21800,A,N,B,C,A,A,H,-,A,D,0,NA,NA,NA,NA,Y,NA,-,NA,0,0,1,0,0,0,0,0,0,-,-,NA,NA,SAN DIEGO,SAN DIEGO,-117.14363098144533,32.768951416015625
91536071,2021,2021-08-03,9680,2021-07-24,1240,020780,NA,6,1,9,3700,0,3,5,NA,2,001,GRAVES AVENUE,PEPPER DRIVE,20,S,N,A,-,N,NA,NA,NA,NA,NA,NA,NA,NA,NA,Y,3,0,1,1,A,-,03,22350,NA,N,E,I,A,A,H,-,A,A,0,NA,NA,NA,NA,Y,NA,A,08,0,1,0,0,0,0,0,0,0,-,-,32.82490158081055,-116.9614028930664,SAN DIEGO,UNINCORPORATED,-116.96133422851563,32.82502746582031
91536487,2021,2021-08-04,9680,2021-06-11,1240,016181,NA,5,1,5,3708,0,1,1,NA,2,081,I-8 W/B TO SR-125 S/B,SEVERIN DR,1584,W,N,A,-,Y,NA,NA,8,NA,NA,NA,R,NA,W,Y,3,0,3,2,A,-,07,21658,A,N,D,C,A,A,H,-,A,A,0,NA,NA,NA,NA,Y,Y,A,01,0,3,0,0,0,0,0,0,0,-,-,32.77830123901367,-117.00330352783205,SAN DIEGO,LA MESA,-117.00330352783205,32.77830123901367
91536882,2021,2021-08-04,9645,2021-07-27,1740,016864,NA,2,2,7,3711,0,1,1,NA,2,015,I-805 S/B FROM W/B MIRAMAR RD.,MIRAMAR RD. O/C,50,N,N,A,-,Y,NA,NA,805,NA,NA,NA,R,NA,S,Y,3,0,1,3,A,-,08,22107,NA,N,B,C,A,A,H,-,A,A,0,NA,NA,NA,NA,Y,NA,A,01,0,1,0,0,0,0,0,0,0,-,-,32.8756217956543,-117.199951171875,SAN DIEGO,SAN DIEGO,-117.199951171875,32.8756217956543
91538764,2021,2021-08-06,9650,2021-08-01,0300,021805,NA,7,3,9,3700,0,2,4,NA,2,061,S. MISSION RD,MISSION OAKS RD,125,S,N,A,-,N,NA,NA,NA,NA,NA,NA,NA,NA,NA,Y,3,0,1,1,A,-,01,23152,A,N,E,I,A,A,H,-,D,D,0,NA,NA,NA,NA,Y,Y,A,07,0,1,0,0,0,0,0,0,0,-,-,33.35911178588867,-117.24816131591795,SAN DIEGO,UNINCORPORATED,-117.24819183349608,33.3590202331543
91542860,2021,2021-09-16,9645,2021-08-04,1050,018223,NA,3,1,7,3711,0,1,1,NA,2,009,I-805 N/B,BONITA RD,2112,N,N,A,-,Y,NA,NA,NA,NA,NA,NA,NA,NA,NA,Y,4,0,1,4,A,-,03,22350,NA,M,C,C,A,A,H,-,A,D,0,NA,NA,NA,NA,Y,NA,A,07,0,0,1,0,0,0,0,0,0,-,-,32.65182113647461,-117.06868743896484,SAN DIEGO,SAN DIEGO,-117.06703186035156,32.6510124206543
91547035,2021,2021-08-17,9650,2021-08-07,2119,018496,NA,6,2,9,3700,0,2,4,NA,2,061,S. MISSION ROAD,HELLERS BEND,700,S,N,A,-,N,NA,NA,NA,NA,NA,NA,NA,NA,NA,N,3,0,1,2,A,-,01,23152,A,N,B,C,A,A,H,-,D,D,0,NA,NA,NA,NA,Y,Y,A,01,0,1,0,0,0,0,0,0,0,-,-,33.32162094116211,-117.2353515625,SAN DIEGO,UNINCORPORATED,-117.2353744506836,33.32170867919922
91547242,2021,2021-08-17,9645,2021-06-23,2335,019577,NA,3,3,6,3702,0,1,1,NA,2,001,I-5 N/B,J ST.,1020,S,N,B,-,Y,NA,NA,5,NA,NA,NA,NA,NA,N,Y,1,1,0,1,A,-,08,22107,NA,N,E,8,A,A,H,-,C,D,0,NA,NA,NA,NA,Y,NA,D,22,0,0,0,0,0,0,0,0,0,-,-,32.62009048461914,-117.092041015625,SAN DIEGO,CHULA VISTA,-117.09222412109376,32.62002182006836
91547743,2021,2021-08-18,9650,2021-04-04,0448,019766,NA,7,3,5,3701,0,1,1,NA,2,005,I-5 NORTHBOUND,CHINQUAPIN AVE,2342,S,N,B,E,Y,NA,NA,5,NA,NA,NA,NA,NA,N,Y,3,0,2,3,C,-,18,NA,NA,N,G,B,E,A,H,-,D,D,0,Y,NA,NA,NA,Y,Y,-,-,0,1,1,0,1,0,0,0,0,-,-,33.14385986328125,-117.33341979980467,SAN DIEGO,CARLSBAD,-117.33339691162108,33.14385986328125