CASE_ID,ACCIDENT_YEAR,PROC_DATE,JURIS,COLLISION_DATE,COLLISION_TIME,OFFICER_ID,REPORTING_DISTRICT,DAY_OF_WEEK,CHP_SHIFT,POPULATION,CNTY_CITY_LOC,SPECIAL_COND,BEAT_TYPE,CHP_BEAT_TYPE,CITY_DIVISION_LAPD,CHP_BEAT_CLASS,BEAT_NUMBER,PRIMARY_RD,SECONDARY_RD,DISTANCE,DIRECTION,INTERSECTION,WEATHER_1,WEATHER_2,STATE_HWY_IND,CALTRANS_COUNTY,CALTRANS_DISTRICT,STATE_ROUTE,ROUTE_SUFFIX,POSTMILE_PREFIX,POSTMILE,LOCATION_TYPE,RAMP_INTERSECTION,SIDE_OF_HWY,TOW_AWAY,COLLISION_SEVERITY,NUMBER_KILLED,NUMBER_INJURED,PARTY_COUNT,PRIMARY_COLL_FACTOR,PCF_CODE_OF_VIOL,PCF_VIOL_CATEGORY,PCF_VIOLATION,PCF_VIOL_SUBSECTION,HIT_AND_RUN,TYPE_OF_COLLISION,MVIW,PED_ACTION,ROAD_SURFACE,ROAD_COND_1,ROAD_COND_2,LIGHTING,CONTROL_DEVICE,CHP_ROAD_TYPE,PEDESTRIAN_ACCIDENT,BICYCLE_ACCIDENT,MOTORCYCLE_ACCIDENT,TRUCK_ACCIDENT,NOT_PRIVATE_PROPERTY,ALCOHOL_INVOLVED,STWD_VEHTYPE_AT_FAULT,CHP_VEHTYPE_AT_FAULT,COUNT_SEVERE_INJ,COUNT_VISIBLE_INJ,COUNT_COMPLAINT_PAIN,COUNT_PED_KILLED,COUNT_PED_INJURED,COUNT_BICYCLIST_KILLED,COUNT_BICYCLIST_INJURED,COUNT_MC_KILLED,COUNT_MC_INJURED,PRIMARY_RAMP,SECONDARY_RAMP,LATITUDE,LONGITUDE,COUNTY,CITY,POINT_X,POINT_Y
91548306,2021,2021-08-18,9680,2021-06-20,1035,016181,NA,7,1,9,3700,0,1,1,NA,2,083,I-8 W/B,OLDE HIGHWAY 80,528,W,N,A,-,Y,NA,NA,8,NA,NA,NA,NA,NA,W,N,2,0,1,1,A,-,03,22350,NA,N,E,I,A,A,H,-,A,D,0,NA,NA,Y,NA,Y,NA,C,02,1,0,0,0,0,0,0,0,1,-,-,32.85408020019531,-116.85659027099608,SAN DIEGO,UNINCORPORATED,-116.85659027099608,32.85410690307617
91549242,2021,2021-08-19,9680,2021-08-09,0117,020720,NA,1,3,4,3720,0,1,3,NA,2,027,SR-94 W/B,MASSACHUSETTS AVE,950,E,N,A,-,Y,NA,NA,94,NA,NA,NA,NA,NA,W,N,4,0,1,1,C,-,18,NA,NA,N,E,J,A,A,H,-,D,D,0,NA,NA,NA,NA,Y,NA,-,-,0,0,1,0,0,0,0,0,0,-,-,32.74497985839844,-117.03962707519533,SAN DIEGO,LEMON GROVE,-117.03963470458984,32.74485397338867
9155156,2020,2021-01-21,3711,2020-09-15,1922,SD8377,NA,2,5,7,3711,0,0,0,NA,0,515,28TH ST,ISLAND AV,345,N,N,A,-,N,NA,NA,NA,NA,NA,NA,NA,NA,NA,N,3,0,1,2,A,-,11,21954,A,N,G,B,D,A,H,-,D,D,0,Y,NA,NA,NA,Y,NA,N,60,0,1,0,0,1,0,0,0,0,-,-,NA,NA,SAN DIEGO,SAN DIEGO,-117.13385009765624,32.71149444580078
91552792,2021,2021-08-24,9645,2021-07-16,0105,021588,NA,5,3,7,3711,0,1,1,NA,2,011,I-805 NORTHBOUND,LINCOLN AVENUE O/C,60,S,N,A,-,Y,NA,NA,805,NA,NA,NA,NA,NA,N,Y,3,0,1,1,A,-,01,23152,A,N,E,I,A,A,H,-,C,D,0,NA,NA,NA,NA,Y,Y,A,01,0,1,0,0,0,0,0,0,0,-,-,32.75014877319336,-117.12288665771484,SAN DIEGO,SAN DIEGO,-117.1229248046875,32.75014114379883
91555239,2021,2021-08-26,9645,2021-08-25,1720,017499,NA,3,2,7,3711,0,1,3,NA,2,006,SR-94 EASTBOUND,25TH ST. OC,600,E,N,A,-,Y,NA,NA,94,NA,NA,NA,NA,NA,E,N,3,0,1,1,A,-,08,22107,NA,N,F,A,A,A,H,-,A,D,0,NA,NA,Y,NA,Y,NA,C,02,0,1,0,0,0,0,0,0,1,-,-,32.71297073364258,-117.1371612548828,SAN DIEGO,SAN DIEGO,-117.1371612548828,32.71305465698242
91556925,2021,2021-08-27,9645,2021-08-26,0905,016838,NA,4,1,7,3711,0,1,3,NA,2,006,SR-94 W/B,EUCLID AVE,350,E,N,A,-,Y,NA,NA,94,NA,NA,NA,NA,NA,W,Y,3,0,1,2,A,-,03,22350,NA,N,C,2,A,A,H,-,A,D,0,NA,NA,NA,NA,Y,NA,A,01,0,1,0,0,0,0,0,0,0,-,-,32.71855163574219,-117.08339691162108,SAN DIEGO,SAN DIEGO,-117.08343505859376,32.718624114990234
91558198,2021,2021-08-30,9645,2021-08-26,2135,021697,NA,4,2,7,3711,0,1,3,NA,2,006,SR-94 E/B,HOME AVE. O/C,167,E,N,A,-,Y,NA,NA,94,NA,NA,NA,NA,NA,E,Y,3,0,2,3,A,-,03,22350,NA,N,C,C,A,A,H,-,E,D,0,NA,NA,NA,NA,Y,NA,A,07,0,2,0,0,0,0,0,0,0,-,-,32.718021392822266,-117.10945129394533,SAN DIEGO,SAN DIEGO,-117.10945129394533,32.71810531616211
91563141,2021,2021-09-06,9650,2021-08-21,2240,022031,NA,6,3,9,3700,0,3,5,NA,1,212,MILLER RD,SAGE MEADOW LN,1135,N,N,A,-,N,NA,NA,NA,NA,NA,NA,NA,NA,NA,Y,4,0,1,1,A,-,08,22107,NA,N,E,I,A,D,H,-,D,D,0,NA,NA,NA,NA,Y,NA,D,22,0,0,1,0,0,0,0,0,0,-,-,33.25177001953125,-117.03045654296876,SAN DIEGO,UNINCORPORATED,-117.03047943115234,33.251564025878906
91565741,2021,2021-09-08,9680,2021-08-27,2210,021859,NA,5,3,9,3700,0,1,3,NA,1,022,SR-54 (JAMACHA RD.),CHASE AVE,300,E,N,A,-,Y,NA,NA,54,NA,NA,NA,NA,NA,NA,N,4,0,1,2,A,-,03,22350,NA,F,C,C,A,A,H,-,C,A,0,NA,NA,NA,NA,Y,NA,-,99,0,0,1,0,0,0,0,0,0,-,-,32.76979064941406,-116.92794036865234,SAN DIEGO,UNINCORPORATED,-116.92789459228516,32.76979064941406
91566281,2021,2021-09-09,9645,2021-09-01,2248,021077,NA,3,3,7,3711,0,1,1,NA,2,003,I-5 S/B,FIRST AVENUE,50,N,N,A,-,Y,NA,NA,5,NA,NA,NA,NA,NA,S,N,4,0,1,2,A,-,08,22107,NA,N,B,C,A,A,H,-,C,D,0,NA,NA,NA,NA,Y,NA,A,08,0,0,1,0,0,0,0,0,0,-,-,32.72346115112305,-117.16414642333984,SAN DIEGO,SAN DIEGO,-117.16416931152344,32.72342300415039
91566781,2021,2021-09-09,9680,2021-08-28,1240,020116,NA,6,1,9,3700,0,1,3,NA,1,024,OTAY LAKES RD,SR-94,0,NA,Y,A,-,Y,NA,NA,NA,NA,NA,NA,NA,NA,NA,N,2,0,1,1,A,-,08,22107,NA,N,F,A,A,A,H,-,A,A,0,NA,NA,Y,NA,Y,NA,C,02,1,0,0,0,0,0,0,0,1,-,-,32.66804122924805,-116.823486328125,SAN DIEGO,UNINCORPORATED,-116.82344818115234,32.667964935302734
9157175,2020,2020-10-24,3710,2020-08-08,0940,OC1467,NA,6,5,6,3710,0,0,0,NA,0,036,MELROS DR,OCEANSIDE BL,0,NA,N,A,-,N,NA,NA,NA,NA,NA,NA,NA,NA,NA,Y,4,0,1,2,A,-,03,22350,NA,M,C,-,A,A,H,-,A,A,0,NA,NA,NA,NA,Y,NA,D,22,0,0,1,0,0,0,0,0,0,-,-,NA,NA,SAN DIEGO,OCEANSIDE,-117.25928,33.22082
91573442,2021,2021-09-17,9645,2021-09-05,1625,021117,NA,7,2,7,3711,0,1,1,NA,2,027,I-15 S/B,I-8 W/B,10,N,N,A,-,Y,NA,NA,15,NA,NA,NA,NA,NA,S,Y,3,0,2,1,A,-,01,23152,A,N,E,I,A,A,H,-,A,D,0,NA,NA,NA,NA,Y,Y,A,07,0,2,0,0,0,0,0,0,0,-,-,32.77893829345703,-117.11251831054688,SAN DIEGO,SAN DIEGO,-117.1125717163086,32.778926849365234
91575605,2021,2021-09-21,9650,2021-09-12,0053,021500,NA,7,3,9,3700,0,1,1,NA,2,023,NB I-15,VIA RANCHO PKY,1566,S,N,A,-,Y,NA,NA,NA,NA,NA,NA,NA,NA,NA,Y,3,0,2,2,A,-,03,22350,NA,N,C,C,A,A,H,-,C,D,0,NA,NA,NA,NA,Y,NA,A,01,0,1,1,0,0,0,0,0,0,-,-,33.064659118652344,-117.0686264038086,SAN DIEGO,UNINCORPORATED,-117.06867980957033,33.06498718261719
91576442,2021,2021-09-22,9645,2021-09-16,1700,016061,NA,4,2,7,3711,0,1,3,NA,2,025,SR-163 S/B,BALBOA AVE.,528,S,N,A,-,Y,NA,NA,163,NA,NA,NA,NA,NA,S,Y,3,0,1,2,A,-,03,22350,NA,N,C,C,A,A,H,-,A,D,0,NA,NA,NA,NA,Y,NA,A,07,0,1,0,0,0,0,0,0,0,-,-,32.81718826293945,-117.14935302734376,SAN DIEGO,SAN DIEGO,-117.1493682861328,32.81719970703125
91576796,2021,2021-09-22,9645,2021-07-31,1125,021237,NA,6,1,7,3711,0,1,1,NA,2,005,SR-905 E/B,I-805,3168,E,N,A,-,Y,NA,NA,905,NA,NA,NA,NA,NA,E,N,4,0,1,2,A,-,03,22350,NA,N,C,C,A,A,H,-,A,D,0,NA,NA,NA,Y,Y,NA,A,01,0,0,1,0,0,0,0,0,0,-,-,32.56843948364258,-117.02546691894533,SAN DIEGO,SAN DIEGO,-117.02546691894533,32.568416595458984
91577683,2021,2021-09-23,9645,2021-09-19,0305,020480,NA,7,3,7,3711,0,1,1,NA,2,010,I-8 E/B,I-15,20,W,N,A,-,Y,NA,NA,8,NA,NA,NA,NA,NA,E,Y,3,0,2,3,A,-,09,21804,A,F,B,C,A,A,H,-,C,D,0,NA,NA,NA,NA,Y,NA,A,07,0,2,0,0,0,0,0,0,0,-,-,32.778499603271484,-117.11260986328124,SAN DIEGO,SAN DIEGO,-117.11260986328124,32.77850341796875
91579582,2021,2021-09-27,9650,2021-09-19,1018,015446,NA,7,1,9,3700,0,3,5,NA,2,213,EAST GRADE ROAD,PANORAMA TRAIL,2112,E,N,A,-,N,NA,NA,NA,NA,NA,NA,NA,NA,NA,Y,3,0,1,1,A,-,08,22107,NA,N,F,A,A,A,H,-,A,D,0,NA,NA,Y,NA,Y,NA,C,02,0,1,0,0,0,0,0,0,1,-,-,33.26741027832031,-116.78276824951172,SAN DIEGO,UNINCORPORATED,-116.77223205566406,33.264366149902344
91579601,2021,2021-09-27,9650,2021-09-22,0725,013636,NA,3,1,5,3782,0,1,1,NA,2,007,I-5 S/B FROM LA COSTA,LA COSTA AVE,100,S,N,A,-,Y,NA,NA,5,NA,NA,NA,R,NA,S,N,4,0,1,2,A,-,03,22350,NA,N,C,C,A,A,H,-,A,A,0,NA,NA,NA,NA,Y,NA,A,07,0,0,1,0,0,0,0,0,0,-,-,33.08345031738281,-117.29853057861328,SAN DIEGO,ENCINITAS,-117.29853057861328,33.08345031738281
91580444,2021,2021-09-27,9680,2021-09-15,1520,018427,NA,3,2,9,3700,0,1,1,NA,2,083,I-8 W/B,LAKE JENNINGS PARK RD,1584,E,N,A,-,Y,NA,NA,8,NA,NA,NA,NA,NA,W,Y,3,0,4,4,A,-,08,22107,NA,N,H,J,A,A,H,-,A,D,0,NA,NA,NA,NA,Y,NA,A,01,0,4,0,0,0,0,0,0,0,-,-,32.846458435058594,-116.87493133544922,SAN DIEGO,UNINCORPORATED,-116.87508392333984,32.846710205078125
91580501,2021,2021-09-27,9650,2021-09-16,1630,018840,NA,4,2,5,3782,0,1,1,NA,2,007,I-5 S/B,LA COSTA AVE,1400,S,N,A,-,Y,NA,NA,5,NA,NA,NA,NA,NA,S,Y,3,0,1,2,A,-,03,22350,NA,N,C,C,A,A,D,-,A,D,0,NA,NA,NA,NA,Y,NA,D,22,0,1,0,0,0,0,0,0,0,-,-,33.08015823364258,-117.2970733642578,SAN DIEGO,ENCINITAS,-117.29694366455078,33.080196380615234
91580890,2021,2021-09-27,9680,2021-09-15,1620,019555,NA,3,2,9,3700,0,3,5,NA,2,001,OLDE HIGHWAY 80,MARINA SPRINGS LANE,430,E,N,A,-,N,NA,NA,NA,NA,NA,NA,NA,NA,NA,Y,3,0,1,2,A,-,01,23152,A,N,C,C,A,A,H,-,A,D,0,NA,NA,Y,NA,Y,Y,C,02,0,1,0,0,0,0,0,0,1,-,-,32.84880828857422,-116.86154174804688,SAN DIEGO,UNINCORPORATED,-116.860813,32.848945
91581994,2021,2021-09-28,9645,2021-08-28,1410,020561,NA,6,2,7,3711,0,1,1,NA,2,017,I-15 S/B,CARROL CANYON RD.,1239,S,N,A,-,Y,NA,NA,15,NA,NA,NA,NA,NA,S,Y,2,0,1,1,A,-,08,22107,NA,N,E,8,A,A,H,-,A,D,0,NA,NA,NA,NA,Y,NA,D,22,1,0,0,0,0,0,0,0,0,-,-,32.899940490722656,-117.1169204711914,SAN DIEGO,SAN DIEGO,-117.1165771484375,32.89995193481445
91582545,2021,2021-09-29,9645,2021-07-27,2234,019410,NA,2,3,7,3711,0,1,1,NA,2,007,I-5 SB,DEL MAR HEIGHTS RD.,350,S,N,A,-,Y,NA,NA,5,NA,NA,NA,NA,NA,S,N,4,0,1,2,A,-,03,22350,NA,F,C,C,A,A,D,-,C,A,0,NA,NA,NA,NA,Y,NA,A,01,0,0,1,0,0,0,0,0,0,-,-,32.94878005981445,-117.24365234375,SAN DIEGO,SAN DIEGO,-117.24363708496094,32.94878005981445
91583906,2021,2021-09-30,9645,2021-09-28,0955,014461,NA,2,1,7,3711,0,1,1,NA,2,019,I-15 SOUTHBOUND,WEST BERNARDO DRIVE,2640,N,N,B,-,Y,NA,NA,15,NA,NA,NA,NA,NA,S,Y,4,0,1,3,A,-,08,22107,NA,N,E,I,A,A,H,-,A,D,0,NA,NA,NA,NA,Y,NA,A,01,0,0,1,0,0,0,0,0,0,-,-,33.06224822998047,-117.069580078125,SAN DIEGO,SAN DIEGO,-117.0692138671875,33.06219482421875
9158571,2020,2020-11-17,3711,2020-09-29,1114,SD8447,NA,2,5,7,3711,0,0,0,NA,0,722,WALPEN DR,LIEDER DR,0,NA,Y,A,-,N,NA,NA,NA,NA,NA,NA,NA,NA,NA,N,4,0,2,3,A,-,21,22106,NA,M,G,B,E,A,H,-,A,D,0,Y,NA,NA,NA,Y,NA,-,99,0,0,2,0,2,0,0,0,0,-,-,NA,NA,SAN DIEGO,SAN DIEGO,-117.0892333984375,32.573509216308594
9158580,2020,2020-11-17,3711,2020-09-28,1700,SD8377,NA,1,5,7,3711,0,0,0,NA,0,528,WEST GRAPE ST,KETTNER BL,2000,NA,N,-,-,N,NA,NA,NA,NA,NA,NA,NA,NA,NA,N,4,0,1,2,A,-,03,22350,NA,M,C,C,A,A,H,-,-,A,0,NA,NA,NA,NA,Y,NA,-,99,0,0,1,0,0,0,0,0,0,-,-,NA,NA,SAN DIEGO,SAN DIEGO,-117.16985321044922,32.72513961791992
9158583,2020,2020-11-17,3711,2020-09-28,1145,SD1094,NA,1,5,7,3711,0,0,0,NA,0,313,CONVOY ST,CLARIREMONT MESA BL,150,S,N,A,-,N,NA,NA,NA,NA,NA,NA,NA,NA,NA,Y,3,0,2,2,A,-,03,22350,NA,N,C,E,A,A,H,-,C,D,0,NA,NA,NA,NA,Y,Y,A,01,0,2,0,0,0,0,0,0,0,-,-,NA,NA,SAN DIEGO,SAN DIEGO,-117.15328979492188,32.832332611083984
9158766,2020,2020-12-18,3711,2020-10-05,0238,SD7746,NA,1,5,7,3711,0,0,0,NA,0,714,EAST SAN YSIDRO BL,RAIL CT,0,NA,Y,A,-,N,NA,NA,NA,NA,NA,NA,NA,NA,NA,N,4,0,1,2,-,-,-,NA,A,N,G,B,B,A,H,-,C,A,0,Y,NA,NA,NA,Y,NA,A,01,0,0,1,0,1,0,0,0,0,-,-,NA,NA,SAN DIEGO,SAN DIEGO,-117.02871704101563,32.5442008972168
91588628,2021,2021-10-05,9650,2021-09-12,0118,020343,NA,7,3,9,3700,0,1,1,NA,2,022,I-15 S/B,STEWART CANYON  ROAD,164,N,N,A,-,Y,NA,NA,15,NA,NA,NA,NA,NA,S,Y,1,1,1,1,A,-,08,22107,NA,N,E,I,A,A,H,-,D,D,0,NA,NA,NA,NA,Y,Y,A,01,1,0,0,0,0,0,0,0,0,-,-,33.36579132080078,-117.16217041015624,SAN DIEGO,UNINCORPORATED,-117.16202545166016,33.36587905883789
91591894,2021,2021-10-08,9645,2021-09-30,0740,021200,NA,4,1,7,3711,0,1,1,NA,2,010,I-8 WESTBOUND TO I-15 NORTHBOUND,I-15,600,E,N,A,-,Y,NA,NA,NA,NA,NA,NA,NA,NA,NA,N,2,0,1,3,A,-,03,22350,NA,N,C,C,A,A,H,-,A,D,0,NA,NA,Y,NA,Y,NA,C,02,1,0,0,0,0,0,0,0,1,-,-,37.77936172485352,-117.10997009277344,SAN DIEGO,SAN DIEGO,-117.112548828125,32.77872085571289
9159496,2020,2020-12-17,3711,2020-10-05,1651,SD1076,NA,1,5,7,3711,0,0,0,NA,0,446,47TH ST,EL REY TRAILER PARK,0,NA,Y,A,-,N,NA,NA,NA,NA,NA,NA,NA,NA,NA,N,3,0,1,2,B,-,22,NA,NA,N,G,G,A,A,H,-,A,D,0,NA,Y,NA,NA,Y,NA,L,04,0,1,0,0,0,0,1,0,0,-,-,NA,NA,SAN DIEGO,SAN DIEGO,NA,NA
9159792,2020,2020-11-03,3709,2020-09-25,1821,NC0508,NA,5,5,5,3709,0,0,0,NA,0,020,EAST PLAZA BL,HIGHLAND AV,0,NA,Y,A,-,N,NA,NA,NA,NA,NA,NA,NA,NA,NA,N,3,0,1,2,A,-,12,21453,A,N,D,C,A,A,H,-,A,A,0,NA,NA,NA,NA,Y,NA,D,22,0,1,0,0,0,0,0,0,0,-,-,NA,NA,SAN DIEGO,NATIONAL CITY,-117.09810638427734,32.6763916015625
91599975,2021,2021-10-19,9650,2021-10-02,2140,021698,NA,6,2,9,3700,0,3,5,NA,2,213,PALA TEMECULA RD,RANCHO HEIGHTS RD,1056,S,N,A,-,N,NA,NA,NA,NA,NA,NA,NA,NA,NA,Y,4,0,1,1,A,-,08,22107,NA,N,E,I,A,A,H,-,D,D,0,NA,NA,NA,NA,Y,NA,A,07,0,0,1,0,0,0,0,0,0,-,-,33.420631408691406,-117.08782196044922,SAN DIEGO,UNINCORPORATED,-117.08753204345705,33.42022705078125
91600406,2021,2021-10-19,9645,2021-10-15,0717,017473,NA,5,1,7,3711,0,1,3,NA,2,006,SR-94 W/B,KELTON RD.,1000,W,N,A,-,Y,NA,NA,94,NA,NA,NA,NA,NA,W,Y,3,0,2,5,A,-,03,22350,NA,N,C,C,A,A,H,-,A,D,0,NA,NA,NA,NA,Y,NA,A,01,0,2,0,0,0,0,0,0,0,-,-,32.72111892700195,-117.07981872558594,SAN DIEGO,SAN DIEGO,-117.07980346679688,32.721099853515625
91601850,2021,2021-10-20,9645,2021-09-16,1530,016137,NA,4,2,7,3711,0,1,1,NA,2,007,I-5 SOUTHBOUND,CARMEL MT RD U/C,800,S,N,A,-,Y,NA,NA,5,NA,NA,NA,NA,NA,S,N,4,0,1,3,A,-,03,22350,NA,N,C,C,A,A,H,-,A,A,0,NA,NA,NA,NA,Y,NA,A,07,0,0,1,0,0,0,0,0,0,-,-,32.91073989868164,-117.22801208496094,SAN DIEGO,SAN DIEGO,-117.22820281982422,32.91061782836914
91604995,2021,2021-10-25,9680,2021-10-13,0757,015877,NA,3,1,5,3708,0,1,1,NA,2,081,I-8 W/B,GROSSMONT BLVD.,100,E,N,A,-,Y,NA,NA,8,NA,NA,NA,NA,NA,W,Y,3,0,1,3,A,-,03,22350,NA,N,C,C,A,A,H,-,A,D,0,NA,NA,NA,NA,Y,NA,D,22,0,1,0,0,0,0,0,0,0,-,-,32.779239654541016,-116.9900131225586,SAN DIEGO,LA MESA,-116.9900131225586,32.779197692871094
91608014,2021,2021-10-27,9645,2021-10-24,1152,018393,NA,7,1,7,3711,0,1,1,NA,2,010,I-8 W/B,PRESIDIO PARK O/C,1070,W,N,A,-,Y,NA,NA,8,NA,NA,NA,NA,NA,W,Y,4,0,2,2,A,-,03,22350,NA,N,C,C,A,A,H,-,A,D,0,NA,NA,NA,NA,Y,NA,A,01,0,0,2,0,0,0,0,0,0,-,-,32.760459899902344,-117.19154357910156,SAN DIEGO,SAN DIEGO,-117.19155883789063,32.7603645324707
91608831,2021,2021-10-28,9680,2021-10-18,1605,019910,NA,1,2,9,3700,0,2,4,NA,1,018,LOS COCHES RD,HIGHWAY 8 BUSINESS,215,N,N,B,-,N,NA,NA,NA,NA,NA,NA,NA,NA,NA,Y,4,0,2,2,A,-,08,22107,NA,N,D,C,A,A,H,-,A,D,0,NA,NA,NA,NA,Y,NA,A,01,0,0,2,0,0,0,0,0,0,-,-,32.83298873901367,-116.90592193603516,SAN DIEGO,UNINCORPORATED,-116.905821,32.832866
91609119,2021,2021-10-28,9645,2021-10-20,1700,017499,NA,3,2,7,3711,0,1,1,NA,2,009,I-805 SOUTHBOUND FROM SR-94,HILLTOP DR OC,20,N,N,A,-,Y,NA,NA,805,NA,NA,NA,R,NA,S,N,4,0,1,4,A,-,03,22350,NA,N,C,C,A,A,H,-,A,D,0,NA,NA,NA,NA,Y,NA,A,01,0,0,1,0,0,0,0,0,0,-,-,32.71549987792969,-117.1035385131836,SAN DIEGO,SAN DIEGO,-117.1035385131836,32.71549987792969
91612035,2021,2021-11-01,9680,2021-05-31,0045,021800,NA,1,3,9,3700,0,3,5,NA,2,002,LYONS VALLEY ROAD,CALLE DE ORO,23,W,N,A,-,N,NA,NA,NA,NA,NA,NA,NA,NA,NA,Y,3,0,1,2,A,-,01,23152,A,N,A,C,A,A,H,-,D,D,0,NA,NA,NA,NA,Y,Y,A,01,0,1,0,0,0,0,0,0,0,-,-,32.7270393371582,-116.86691284179688,SAN DIEGO,UNINCORPORATED,-116.86686706542967,32.72706604003906
9161263,2020,2020-11-25,3711,2020-09-24,0930,SD6774,NA,4,5,7,3711,0,0,0,NA,0,618,CORDOVA ST,CARMELO ST,75,N,N,A,-,N,NA,NA,NA,NA,NA,NA,NA,NA,NA,N,3,0,1,2,A,-,10,21950,A,N,G,B,B,A,H,-,A,A,0,Y,NA,NA,NA,Y,NA,D,22,0,1,0,0,1,0,0,0,0,-,-,NA,NA,SAN DIEGO,SAN DIEGO,-117.2557373046875,32.7214469909668
91612750,2021,2021-11-01,9680,2021-05-28,0305,021800,NA,5,3,9,3700,0,1,3,NA,1,024,SR-94 WESTBOUND (CAMPO ROAD),SR-54 (JAMACHA ROAD),905,W,N,A,-,Y,NA,NA,94,NA,NA,NA,NA,NA,W,N,3,0,1,2,A,-,03,22350,NA,F,C,G,A,A,H,-,C,D,0,NA,Y,NA,NA,Y,NA,-,99,0,1,0,0,0,0,1,0,0,-,-,32.73955154418945,-116.94558715820313,SAN DIEGO,UNINCORPORATED,-116.9455795288086,32.739444732666016
9161462,2020,2021-01-30,3711,2020-09-22,1610,SD7593,NA,2,5,7,3711,0,0,0,NA,0,432,IMPERIAL AV,IMPERIAL AV 5500,8,N,N,A,-,N,NA,NA,NA,NA,NA,NA,NA,NA,NA,N,3,0,1,2,A,-,11,21954,A,N,G,B,D,A,H,-,A,D,0,Y,NA,NA,NA,Y,NA,N,60,0,1,0,0,1,0,0,0,0,-,-,NA,NA,SAN DIEGO,SAN DIEGO,NA,NA
9161466,2020,2021-01-30,3711,2020-09-20,1712,SD8377,NA,7,5,7,3711,0,0,0,NA,0,515,700 28TH ST,2800 G ST,256,N,N,A,-,N,NA,NA,NA,NA,NA,NA,NA,NA,NA,Y,3,0,1,2,A,-,09,21801,A,N,D,C,A,A,H,-,A,D,0,NA,NA,NA,NA,Y,NA,A,01,0,1,0,0,0,0,0,0,0,-,-,NA,NA,SAN DIEGO,SAN DIEGO,NA,NA
9161785,2020,2020-11-19,3711,2020-09-23,1121,SD1065,NA,3,5,7,3711,0,0,0,NA,0,627,PENNSYLVANIA AV,6TH AV,0,NA,Y,A,-,N,NA,NA,NA,NA,NA,NA,NA,NA,NA,N,3,0,1,2,A,-,12,21453,A,F,D,D,A,A,H,-,A,A,0,NA,NA,NA,NA,Y,NA,-,NA,0,1,0,0,0,0,0,0,0,-,-,NA,NA,SAN DIEGO,SAN DIEGO,-117.15956878662108,32.7451286315918
91620562,2021,2021-11-09,9645,2021-11-07,1050,016779,NA,7,1,7,3711,0,1,3,NA,2,023,SR-163 (S/B),KEARNY VILLA RD.,600,N,N,B,-,Y,NA,NA,163,NA,NA,NA,NA,NA,NA,Y,3,0,1,1,A,-,08,22107,NA,N,E,J,A,A,H,-,A,D,0,NA,NA,NA,NA,Y,NA,A,07,0,1,0,0,0,0,0,0,0,-,-,32.855690002441406,-117.11750793457033,SAN DIEGO,SAN DIEGO,-117.11750793457033,32.855682373046875
91622376,2021,2021-11-11,9645,2021-10-15,1603,020301,NA,5,2,7,3711,0,1,1,NA,2,017,I-15 NORTHBOUND,MIRAMAR WAY,800,S,N,A,-,Y,NA,NA,15,NA,NA,NA,NA,NA,N,Y,4,0,1,2,A,-,03,22350,NA,N,C,C,A,A,H,-,A,D,0,NA,NA,NA,NA,Y,NA,A,01,0,0,1,0,0,0,0,0,0,-,-,32.87704086303711,-117.10736083984376,SAN DIEGO,SAN DIEGO,-117.10728454589844,32.877052307128906
91622395,2021,2021-11-11,9645,2021-10-20,0550,017139,NA,3,3,5,3709,0,1,1,NA,2,001,I-5 N/B,MILE OF CARS U/C,800,S,N,A,-,Y,NA,NA,5,NA,NA,NA,NA,NA,N,N,4,0,2,2,A,-,08,22107,NA,N,B,C,A,A,H,-,C,D,0,NA,NA,NA,NA,Y,NA,A,01,0,0,2,0,0,0,0,0,0,-,-,32.656829833984375,-117.10652923583984,SAN DIEGO,NATIONAL CITY,-117.10651397705078,32.656837463378906
91623093,2021,2021-11-12,9645,2021-11-11,1526,018678,NA,4,2,7,3711,0,1,1,NA,2,009,I-805 (N/B) FROM 43RD STREET,PALM AVENUE U/C,500,N,N,A,-,Y,NA,NA,805,NA,NA,NA,R,NA,NA,Y,4,0,1,1,A,-,08,22107,NA,N,E,I,A,A,H,-,A,D,0,NA,NA,NA,NA,Y,NA,A,01,0,0,1,0,0,0,0,0,0,-,-,32.692161560058594,-117.09407043457033,SAN DIEGO,SAN DIEGO,-117.09407043457033,32.692161560058594
9162817,2020,2020-11-04,3711,2020-09-23,1535,SD8816,NA,3,5,7,3711,0,0,0,NA,0,122,GRAND AV,JEWELL ST,0,NA,Y,A,-,N,NA,NA,NA,NA,NA,NA,NA,NA,NA,Y,4,0,1,2,D,-,00,NA,NA,M,B,C,A,-,H,-,A,A,0,NA,NA,NA,NA,Y,NA,-,-,0,0,1,0,0,0,0,0,0,-,-,NA,NA,SAN DIEGO,SAN DIEGO,-117.23841857910156,32.7983512878418