CASE_ID,ACCIDENT_YEAR,PROC_DATE,JURIS,COLLISION_DATE,COLLISION_TIME,OFFICER_ID,REPORTING_DISTRICT,DAY_OF_WEEK,CHP_SHIFT,POPULATION,CNTY_CITY_LOC,SPECIAL_COND,BEAT_TYPE,CHP_BEAT_TYPE,CITY_DIVISION_LAPD,CHP_BEAT_CLASS,BEAT_NUMBER,PRIMARY_RD,SECONDARY_RD,DISTANCE,DIRECTION,INTERSECTION,WEATHER_1,WEATHER_2,STATE_HWY_IND,CALTRANS_COUNTY,CALTRANS_DISTRICT,STATE_ROUTE,ROUTE_SUFFIX,POSTMILE_PREFIX,POSTMILE,LOCATION_TYPE,RAMP_INTERSECTION,SIDE_OF_HWY,TOW_AWAY,COLLISION_SEVERITY,NUMBER_KILLED,NUMBER_INJURED,PARTY_COUNT,PRIMARY_COLL_FACTOR,PCF_CODE_OF_VIOL,PCF_VIOL_CATEGORY,PCF_VIOLATION,PCF_VIOL_SUBSECTION,HIT_AND_RUN,TYPE_OF_COLLISION,MVIW,PED_ACTION,ROAD_SURFACE,ROAD_COND_1,ROAD_COND_2,LIGHTING,CONTROL_DEVICE,CHP_ROAD_TYPE,PEDESTRIAN_ACCIDENT,BICYCLE_ACCIDENT,MOTORCYCLE_ACCIDENT,TRUCK_ACCIDENT,NOT_PRIVATE_PROPERTY,ALCOHOL_INVOLVED,STWD_VEHTYPE_AT_FAULT,CHP_VEHTYPE_AT_FAULT,COUNT_SEVERE_INJ,COUNT_VISIBLE_INJ,COUNT_COMPLAINT_PAIN,COUNT_PED_KILLED,COUNT_PED_INJURED,COUNT_BICYCLIST_KILLED,COUNT_BICYCLIST_INJURED,COUNT_MC_KILLED,COUNT_MC_INJURED,PRIMARY_RAMP,SECONDARY_RAMP,LATITUDE,LONGITUDE,COUNTY,CITY,POINT_X,POINT_Y
92060421,2023,2023-05-03,9650,2023-05-03,822,015446,NA,3,1,6,3706,0,1,1,NA,2,023,I-15 N/B,VALLEY PKWY. U/C,700,N,N,A,-,Y,SD,NA,15,NA,R,30.878,H,NA,R,Y,4,0,2,2,A,-,03,22350,NA,N,C,C,A,A,H,-,A,D,0,NA,NA,NA,NA,Y,NA,D,22,0,0,2,0,0,0,0,0,0,-,-,33.11869812011719,-117.10032653808594,SAN DIEGO,ESCONDIDO,-117.10061645507813,33.11858367919922
9206306,2021,2021-03-17,3710,2021-01-23,1356,OC1063,NA,6,5,6,3710,0,0,0,NA,0,032,MISSION AV,MISSION GATE RD,8,S,N,C,-,N,NA,NA,NA,NA,NA,NA,NA,NA,NA,Y,3,0,1,3,A,-,03,22350,NA,M,C,C,A,B,H,-,A,A,0,NA,NA,NA,NA,Y,Y,M,47,0,1,0,0,0,0,0,0,0,-,-,NA,NA,SAN DIEGO,OCEANSIDE,-117.31279754638672,33.23007583618164
9206404,2020,2021-02-11,3711,2020-12-17,0715,SD1074,NA,4,5,7,3711,0,0,0,NA,0,524,E ST,10TH AV,0,NA,Y,A,-,N,NA,NA,NA,NA,NA,NA,NA,NA,NA,N,4,0,1,3,-,-,-,NA,B,N,D,C,A,B,H,-,A,A,0,NA,NA,NA,NA,Y,NA,A,01,0,0,1,0,0,0,0,0,0,-,-,NA,NA,SAN DIEGO,SAN DIEGO,-117.15560150146484,32.714691162109375
9206408,2020,2021-02-12,3711,2020-12-19,1830,SD1196,NA,6,5,7,3711,0,0,0,NA,0,512,WEBSTER AV,31ST ST,0,NA,Y,A,-,N,NA,NA,NA,NA,NA,NA,NA,NA,NA,Y,2,0,4,2,A,-,03,22350,NA,N,F,C,A,A,G,-,C,D,0,NA,NA,NA,NA,Y,NA,A,01,1,1,2,0,0,0,0,0,0,-,-,NA,NA,SAN DIEGO,SAN DIEGO,-117.12734985351563,32.70431900024414
9206413,2020,2021-02-10,3711,2020-12-18,0459,SD7055,NA,5,5,7,3711,0,0,0,NA,0,111,ECKSTROM AV,MUSTANG ST,114,W,N,C,-,N,NA,NA,NA,NA,NA,NA,NA,NA,NA,Y,3,0,1,2,A,-,03,22350,NA,N,C,E,A,B,H,-,D,D,0,NA,NA,NA,NA,Y,Y,-,NA,0,1,0,0,0,0,0,0,0,-,-,NA,NA,SAN DIEGO,SAN DIEGO,-117.16465759277344,32.82020950317383
92069346,2023,2023-05-15,9680,2023-05-04,1843,019555,NA,4,2,5,3705,0,1,1,NA,2,082,I-8 E/B,N. 2ND STREET,245,W,N,B,-,Y,SD,NA,8,NA,NA,17.308,H,NA,R,Y,3,0,2,5,A,-,03,22350,NA,N,C,C,A,A,H,-,A,D,0,NA,NA,NA,NA,Y,NA,A,01,0,2,0,0,0,0,0,0,0,-,-,32.80295181274414,-116.93669128417967,SAN DIEGO,EL CAJON,-116.93669128417967,32.80295181274414
92069897,2023,2023-05-16,9650,2023-05-09,713,019652,NA,2,1,5,3701,0,1,1,NA,2,005,I-5 S/B,CANNON RD,100,S,N,B,-,Y,SD,NA,5,NA,R,47.907,H,NA,L,N,4,0,2,4,A,-,03,22350,NA,N,C,C,A,A,H,-,A,D,0,NA,NA,NA,NA,Y,NA,D,22,0,0,2,0,0,0,0,0,0,-,-,33.13351058959961,-117.32894897460938,SAN DIEGO,CARLSBAD,-117.32900238037108,33.13349151611328
92072957,2023,2023-05-19,9650,2023-05-12,1055,019426,NA,5,1,9,3700,0,1,1,NA,2,021,I-15 S/B,NUTMEG ST,453,N,N,A,-,Y,SD,NA,15,NA,R,34.324,H,NA,L,Y,4,0,2,4,A,-,03,22350,NA,N,C,C,A,A,D,-,A,D,0,NA,NA,NA,NA,Y,NA,A,01,0,0,2,0,0,0,0,0,0,-,-,33.166969299316406,-117.10839080810548,SAN DIEGO,UNINCORPORATED,-117.10857391357422,33.16688537597656
92073075,2023,2023-05-19,9680,2023-05-09,1730,021353,NA,2,2,9,3700,0,3,5,NA,2,002,BANCROFT DR.,KENWOOD DR,0,NA,Y,A,-,N,NA,NA,NA,NA,NA,NA,NA,NA,NA,N,4,0,1,2,A,-,12,21453,A,N,D,C,A,A,H,-,A,A,0,NA,NA,Y,NA,Y,NA,C,02,0,0,1,0,0,0,0,0,0,-,-,32.74449920654297,-117.00347900390624,SAN DIEGO,UNINCORPORATED,-117.00350952148438,32.74454879760742
92073780,2023,2023-05-22,9680,2023-04-10,1750,016372,NA,1,2,5,3708,0,1,1,NA,2,081,I-8 W/B,SPRING ST.,112,W,N,A,-,Y,SD,NA,8,NA,NA,10.939,H,NA,L,N,3,0,1,3,A,-,03,22350,NA,N,C,E,A,A,H,-,A,D,0,NA,NA,NA,NA,Y,NA,A,01,0,1,0,0,0,0,0,0,0,-,-,32.7712287902832,-117.02436065673828,SAN DIEGO,LA MESA,-117.02437591552734,32.77116394042969
92073785,2023,2023-05-22,9680,2023-04-11,2000,016372,NA,2,2,9,3700,0,1,1,NA,2,081,I-8 E/B FROM MAGNOLIA AVE.,BALLANTYNE ST.,443,W,N,A,-,Y,SD,NA,8,NA,NA,15.985,H,NA,R,N,3,0,1,1,A,-,08,22107,NA,N,F,A,A,A,H,-,D,D,0,NA,NA,Y,NA,Y,NA,C,02,0,1,0,0,0,0,0,0,1,-,-,32.802879333496094,-116.9594268798828,SAN DIEGO,UNINCORPORATED,-116.9594268798828,32.80295944213867
92074330,2023,2023-05-22,9645,2023-05-10,855,016137,NA,3,1,7,3711,0,1,1,NA,2,009,I-805 NORTHBOUND,47TH ST U/C,300,N,N,A,-,Y,SD,NA,805,NA,NA,11.489,H,NA,R,N,4,0,2,3,A,-,03,22350,NA,N,C,C,A,A,H,-,A,D,0,NA,NA,NA,Y,Y,NA,F,55,0,0,2,0,0,0,0,0,0,-,-,32.691871643066406,-117.09471130371094,SAN DIEGO,SAN DIEGO,-117.09481811523438,32.69186782836914
92082746,2023,2023-05-31,9680,2023-05-19,1600,023102,NA,5,2,5,3708,0,1,3,NA,2,028,SR-125 S/B,GROSSMONT BLVD,300,S,N,B,-,Y,SD,NA,125,NA,R,15.03,H,NA,L,N,4,0,1,3,A,-,07,21658,A,F,B,C,A,A,H,-,A,D,0,NA,NA,Y,NA,Y,NA,-,99,0,0,1,0,0,0,0,0,1,-,-,32.77248001098633,-117.00227355957033,SAN DIEGO,LA MESA,-117.00230407714844,32.77247619628906
92083668,2023,2023-06-01,9680,2023-05-21,1203,019957,NA,7,1,9,3700,0,1,3,NA,2,016,SR-67 NORTHBOUND,SLAUGHTERHOUSE CANYON RD,2640,N,N,A,-,Y,SD,NA,67,NA,R,9.842,H,NA,R,Y,4,0,1,1,A,-,08,22107,NA,N,E,I,A,A,H,-,A,D,0,NA,NA,NA,NA,Y,NA,A,07,0,0,1,0,0,0,0,0,0,-,-,32.91292953491211,-116.94709777832033,SAN DIEGO,UNINCORPORATED,-116.94702911376952,32.9129524230957
92083969,2023,2023-06-01,9680,2023-03-29,1740,018801,NA,3,2,9,3700,0,1,3,NA,1,017,SR-67,FOSTER TRUCK TRAIL,3168,S,N,B,-,Y,SD,NA,67,NA,NA,11.58,H,NA,R,Y,2,0,2,3,A,-,03,22350,NA,N,D,C,A,B,H,-,A,D,0,NA,NA,NA,NA,Y,NA,A,01,1,1,0,0,0,0,0,0,0,-,-,32.93268966674805,-116.95305633544922,SAN DIEGO,UNINCORPORATED,-116.9530029296875,32.932701110839844
92084853,2023,2023-06-02,9645,2023-05-24,725,016156,NA,3,1,7,3711,0,1,3,NA,2,006,SR-94 W/B,KELTON ROAD,845,E,N,B,-,Y,SD,NA,94,NA,NA,5.949,H,NA,L,Y,3,0,1,2,A,-,07,21658,A,N,C,C,A,A,H,-,A,D,0,NA,NA,Y,NA,Y,NA,A,07,0,1,0,0,0,0,0,0,1,-,-,32.725250244140625,-117.07422637939452,SAN DIEGO,SAN DIEGO,-117.0742416381836,32.72526168823242
92086329,2023,2023-06-05,9645,2023-05-15,930,015494,NA,1,1,7,3711,0,1,3,NA,2,023,SR-163 S/B,WASHINGTON ST,950,N,N,A,-,Y,SD,NA,163,NA,NA,2.933,H,NA,L,N,2,0,1,1,A,-,03,22350,NA,N,F,A,A,A,H,-,A,D,0,NA,NA,Y,NA,Y,NA,C,02,1,0,0,0,0,0,0,0,1,-,-,32.752498626708984,-117.15708160400392,SAN DIEGO,SAN DIEGO,-117.15708160400392,32.75249481201172
92087085,2023,2023-06-06,9680,2023-05-28,1935,022030,NA,7,2,9,3700,0,3,5,NA,2,002,ELKELTON BLVD,SR-125 S/B,195,W,N,B,-,N,NA,NA,NA,NA,NA,NA,NA,NA,NA,N,4,0,1,2,A,-,03,22350,NA,N,C,C,A,A,H,-,B,A,0,NA,NA,NA,NA,Y,NA,A,01,0,0,1,0,0,0,0,0,0,-,-,32.702049255371094,-117.01203918457033,SAN DIEGO,UNINCORPORATED,-117.01170349121094,32.70185852050781
92088604,2023,2023-06-07,9645,2023-05-26,239,021639,NA,5,3,7,3711,0,1,3,NA,2,014,SR-52 EB,I-805,2000,E,N,B,-,Y,SD,NA,52,NA,NA,4.178,H,NA,R,Y,4,0,1,1,A,-,01,23152,A,N,F,A,A,A,H,-,D,D,0,NA,NA,NA,NA,Y,Y,D,22,0,0,1,0,0,0,0,0,0,-,-,32.84621047973633,-117.17128753662108,SAN DIEGO,SAN DIEGO,-117.17127990722656,32.84623336791992
92089292,2023,2023-06-08,9650,2023-05-29,205,022132,NA,1,3,6,3706,0,1,1,NA,2,023,NORTHBOUND I-15,CITRICADO PKWY,300,N,N,B,-,Y,SD,NA,15,NA,R,28.903,H,NA,R,Y,3,0,1,1,A,-,08,22107,NA,N,E,I,A,B,H,-,D,D,0,NA,NA,NA,NA,Y,NA,A,01,0,1,0,0,0,0,0,0,0,-,-,33.09400939941406,-117.08379364013672,SAN DIEGO,ESCONDIDO,-117.08399200439452,33.09385681152344
92090132,2023,2023-06-09,9645,2023-05-30,1520,022507,NA,2,2,7,3711,0,1,1,NA,2,021,SR-15 SOUTHBOUND,NATIONAL AVENUE UNDERCROSSING,70,S,N,B,-,Y,SD,NA,15,NA,R,0.237,H,NA,L,N,4,0,1,3,A,-,03,22350,NA,M,C,C,A,A,H,-,A,D,0,NA,NA,NA,NA,Y,NA,D,22,0,0,1,0,0,0,0,0,0,-,-,32.6962890625,-117.12088775634766,SAN DIEGO,SAN DIEGO,-117.1211395263672,32.696292877197266
9209102,2020,2021-02-22,3705,2020-12-21,1819,EC0324,NA,1,5,5,3705,0,0,0,NA,0,004,LEXINGTON,BALLARD,10,W,N,A,-,N,NA,NA,NA,NA,NA,NA,NA,NA,NA,NA,4,0,1,2,A,-,10,21950,A,F,G,B,B,-,H,-,C,D,0,Y,NA,NA,NA,Y,NA,A,01,0,0,1,0,1,0,0,0,0,-,-,NA,NA,SAN DIEGO,EL CAJON,-116.94141387939452,32.79253005981445
92093502,2023,2023-09-15,9645,2023-06-04,1100,022243,NA,7,1,7,3711,0,1,3,NA,2,006,SR-94 E/B,SR-15,1000,W,N,B,-,Y,SD,NA,94,NA,NA,2.983,H,NA,R,N,3,0,1,2,A,-,07,21658,A,N,B,C,A,A,H,-,A,D,0,NA,NA,Y,NA,Y,NA,C,02,0,1,0,0,0,0,0,0,1,-,-,32.71588897705078,-117.12123870849608,SAN DIEGO,SAN DIEGO,-117.12123107910156,32.71583938598633
92095161,2023,2023-06-15,9645,2023-06-05,1510,022193,NA,1,2,7,3711,0,1,3,NA,2,016,SR-52 E/B,SANTO ROAD,11616,E,N,A,-,Y,SD,NA,52,NA,NA,10.891,H,NA,R,N,3,0,1,2,A,-,07,21658,A,N,C,C,A,A,H,-,A,D,0,NA,NA,NA,NA,Y,NA,A,07,0,1,0,0,0,0,0,0,0,-,-,32.85443115234375,-117.06443786621094,SAN DIEGO,SAN DIEGO,-117.06443786621094,32.85441589355469
92097059,2023,2023-06-19,9650,2023-06-09,630,019652,NA,5,1,6,3710,0,1,3,NA,2,015,SR-78 W/B,EL CAMINO REAL,500,W,N,B,-,Y,SD,NA,78,NA,NA,1.432,H,NA,L,N,4,0,1,2,A,-,07,21658,A,N,B,C,A,A,H,-,A,D,0,NA,NA,NA,NA,Y,NA,A,07,0,0,1,0,0,0,0,0,0,-,-,33.181480407714844,-117.32803344726563,SAN DIEGO,OCEANSIDE,-117.32804107666016,33.181514739990234
92097716,2023,2023-09-15,9645,2023-06-09,1826,017025,NA,5,2,7,3711,0,1,3,NA,2,023,SR-163 S/B,FRIARS RD O/C,2640,N,N,B,-,Y,SD,NA,163,NA,NA,4.929,H,NA,L,N,4,0,2,3,A,-,08,22107,NA,N,B,C,A,A,H,-,A,D,0,NA,NA,NA,NA,Y,NA,A,01,0,0,2,0,0,0,0,0,0,-,-,32.779441833496094,-117.16311645507813,SAN DIEGO,SAN DIEGO,-117.1630401611328,32.77943801879883
92098277,2023,2023-06-20,9650,2023-06-14,135,020343,NA,3,3,9,3700,0,1,1,NA,2,001,I-5 S/B,SAN ONOFRE INSPECTION FACILITY,2112,S,N,A,-,Y,SD,NA,5,NA,R,66.92,H,NA,L,Y,4,0,1,2,A,-,03,22350,NA,F,C,C,A,A,H,-,D,D,0,NA,NA,NA,NA,Y,NA,A,07,0,0,1,0,0,0,0,0,0,-,-,33.348880767822266,-117.52037811279295,SAN DIEGO,UNINCORPORATED,-117.52037048339844,33.34889221191406
92098772,2023,2023-06-21,9645,2023-06-11,1255,019054,NA,7,1,7,3711,0,1,1,NA,2,027,I-15 S/B,FRIARS ROAD,50,S,N,B,C,Y,SD,NA,15,NA,R,6.796,H,NA,L,N,3,0,1,2,A,-,03,22350,NA,N,D,C,A,B,H,-,A,D,0,NA,NA,NA,NA,Y,NA,A,01,0,1,0,0,0,0,0,0,0,-,-,32.788028717041016,-117.11406707763672,SAN DIEGO,SAN DIEGO,-117.11414337158205,32.788047790527344
92099733,2023,2023-06-22,9680,2023-03-12,2023,021429,NA,7,2,5,3705,0,1,1,NA,2,081,INTERSTATE 8 WESTBOUND,WEST MAIN STREET,1800,E,N,A,-,Y,SD,NA,8,NA,NA,14.936,H,NA,L,N,1,1,1,2,A,-,11,21954,A,N,G,B,E,A,H,-,D,D,0,Y,NA,NA,NA,Y,NA,N,60,0,1,0,1,0,0,0,0,0,-,-,32.79983901977539,-116.97605895996094,SAN DIEGO,EL CAJON,-116.97592926025392,32.79978561401367
92100202,2023,2023-06-22,9645,2023-06-13,1645,022851,NA,2,2,7,3711,0,1,1,NA,2,005,I-5 NB,SR-52 O/C,3634,S,N,A,-,Y,SD,NA,5,NA,R,25.187,H,NA,R,Y,4,0,1,2,A,-,03,22350,NA,N,F,C,A,A,H,-,A,D,0,NA,NA,NA,NA,Y,NA,A,01,0,0,1,0,0,0,0,0,0,-,-,32.82685852050781,-117.23236846923828,SAN DIEGO,SAN DIEGO,-117.23239135742188,32.82685470581055
92101221,2022,2023-06-23,9680,2022-12-18,0430,022132,NA,7,3,5,3705,0,1,1,NA,2,082,INTERSTATE 8 EASTBOUND,SECOND STREET,272,W,N,A,-,Y,SD,NA,8,NA,NA,17.31,H,NA,R,Y,1,1,1,2,A,-,01,23152,G,N,E,8,A,A,H,-,D,D,0,NA,NA,NA,NA,Y,Y,A,01,0,0,1,0,0,0,0,0,0,-,-,32.80289077758789,-116.93666076660156,SAN DIEGO,EL CAJON,-116.93666076660156,32.80295181274414
92101898,2023,2023-06-26,9645,2023-06-14,1200,020515,NA,3,1,7,3711,0,1,3,NA,1,004,SR-75 N/B,GLORIETTA BLVD,1690,N,N,A,-,Y,SD,NA,75,NA,R,20.46,H,NA,R,Y,2,0,1,3,A,-,07,21658,A,N,B,2,A,A,H,-,A,D,0,NA,NA,Y,NA,Y,NA,A,08,1,0,0,0,0,0,0,0,1,-,-,32.688899993896484,-117.16461944580078,SAN DIEGO,SAN DIEGO,-117.1645965576172,32.68892288208008
9210379,2020,2021-01-14,3702,2020-11-17,1335,CV1326,NA,2,5,6,3702,0,0,0,NA,0,024,OTAY VALLEY RD,MAIN ST,100,S,N,A,-,N,NA,NA,NA,NA,NA,NA,NA,NA,NA,N,3,0,1,2,A,-,10,21952,NA,N,G,B,F,A,H,-,A,D,0,Y,NA,NA,NA,Y,NA,A,07,0,1,0,0,1,0,0,0,0,-,-,NA,NA,SAN DIEGO,CHULA VISTA,-117.0426025390625,32.594520568847656
9210555,2020,2021-01-25,3702,2020-11-27,1526,CV1278,NA,5,5,6,3702,0,0,0,NA,0,042,OLYMPIC PKWY,WINDING WALK ST,457,E,N,A,-,N,NA,NA,NA,NA,NA,NA,NA,NA,NA,Y,4,0,2,2,A,-,03,22350,NA,N,C,C,A,A,H,-,A,D,0,NA,NA,NA,Y,Y,NA,A,01,0,0,2,0,0,0,0,0,0,-,-,NA,NA,SAN DIEGO,CHULA VISTA,-116.95293426513672,32.62961196899414
9211171,2020,2021-02-24,3700,2020-12-19,1307,SH0055,NA,6,5,4,3720,0,0,0,NA,0,601,CENTRAL AV,HIBISCUS DR,0,NA,Y,A,-,N,NA,NA,NA,NA,NA,NA,NA,NA,NA,Y,4,0,2,2,A,-,08,22107,NA,N,A,C,A,A,H,-,A,D,0,NA,NA,NA,NA,Y,NA,A,01,0,0,2,0,0,0,0,0,0,-,-,NA,NA,SAN DIEGO,LEMON GROVE,-117.05248260498048,32.73746109008789
92111783,2023,2023-07-07,9645,2023-06-15,1700,017524,NA,4,2,7,3711,0,1,1,NA,2,011,I-805 SOUTHBOUND,UNIVERSITY AVE O/C,2640,S,N,A,-,Y,SD,NA,805,NA,NA,15.389,H,NA,L,N,3,0,3,2,A,-,03,22350,NA,N,C,C,A,A,H,-,A,D,0,NA,NA,NA,NA,Y,NA,A,01,0,1,2,0,0,0,0,0,0,-,-,32.74195098876953,-117.11704254150392,SAN DIEGO,SAN DIEGO,-117.11717224121094,32.741886138916016
9211213,2021,2021-03-12,3711,2021-01-10,1515,SD7818,NA,7,5,7,3711,0,0,0,NA,0,824,MENLO AV,MONROE AV,250,S,N,A,-,N,NA,NA,NA,NA,NA,NA,NA,NA,NA,N,3,0,1,2,A,-,17,21712,B,M,G,B,F,A,H,-,A,D,0,Y,NA,NA,NA,Y,NA,N,60,0,1,0,0,1,0,0,0,0,-,-,NA,NA,SAN DIEGO,SAN DIEGO,-117.09432983398438,32.758358001708984
92112179,2023,2023-07-07,9680,2023-06-26,1825,022554,NA,1,2,9,3700,0,1,3,NA,1,091,MAIN STREET,7TH ST,0,NA,Y,A,-,Y,SD,NA,78,NA,NA,35.843,H,NA,R,N,3,0,1,2,A,-,10,21950,A,N,G,B,B,A,H,-,B,A,0,Y,NA,NA,NA,Y,NA,D,22,0,1,0,0,1,0,0,0,0,-,-,33.04462814331055,-116.86399841308594,SAN DIEGO,UNINCORPORATED,-116.86395263671876,33.0445671081543
92113351,2023,2023-07-10,9680,2023-06-27,2008,021429,NA,2,2,9,3700,0,1,3,NA,2,028,SR-125 S/B,BLOSSOM LN,380,S,N,A,-,Y,SD,NA,125,NA,NA,11.272,H,NA,L,Y,3,0,1,1,A,-,08,22107,NA,N,E,I,A,A,H,-,D,D,0,NA,NA,NA,NA,Y,NA,A,01,0,1,0,0,0,0,0,0,0,-,-,32.72391891479492,-117.01480865478516,SAN DIEGO,UNINCORPORATED,-117.01487731933594,32.72391891479492
92114166,2023,2023-07-11,9645,2023-06-30,1717,021231,NA,5,2,9,3700,0,3,5,NA,2,018,PLAZA BONITA RD.,BONITA RD.,1500,N,N,A,-,Y,NA,NA,NA,NA,NA,NA,NA,NA,NA,Y,3,0,1,2,A,-,01,23152,A,N,B,E,A,A,H,-,A,D,0,NA,NA,NA,NA,Y,Y,A,01,0,1,0,0,0,0,0,0,0,-,-,32.64942932128906,-117.06137847900392,SAN DIEGO,UNINCORPORATED,-117.06272888183594,32.64809799194336
92114987,2023,2023-07-12,9650,2023-07-04,1525,022892,NA,2,2,9,3700,0,3,5,NA,2,213,SOUTH GRADE RD,MILE MARKER 45.2,0,NA,N,A,-,N,NA,NA,NA,NA,NA,NA,NA,NA,NA,Y,3,0,1,1,A,-,03,22350,NA,N,F,A,A,A,H,-,A,D,0,NA,NA,Y,NA,Y,NA,C,02,0,1,0,0,0,0,0,0,1,-,-,33.30522918701172,-116.87831878662108,SAN DIEGO,UNINCORPORATED,NA,NA
92116363,2023,2023-07-13,9680,2023-03-29,1310,018322,NA,3,1,4,3720,0,1,3,NA,2,027,SR-94,LEMON GROVE AVE,475,E,N,B,C,Y,SD,NA,94,NA,NA,9.086,H,NA,R,Y,3,0,2,2,A,-,03,22350,NA,N,E,I,A,B,H,-,A,D,0,NA,NA,NA,NA,Y,NA,A,01,0,1,1,0,0,0,0,0,0,-,-,32.746768951416016,-117.02960968017578,SAN DIEGO,LEMON GROVE,-117.02957153320313,32.746665954589844
92116924,2023,2023-07-14,9645,2023-07-01,2325,022965,NA,6,3,7,3711,0,1,1,NA,2,003,I-5 S/B,GRAPE STREET U/C,260,N,N,A,-,Y,SD,NA,5,NA,R,16.785,H,NA,L,N,4,0,2,2,A,-,03,22350,NA,F,C,C,A,A,H,-,D,D,0,NA,NA,NA,NA,Y,NA,-,99,0,0,2,0,0,0,0,0,0,-,-,32.725440979003906,-117.16622161865234,SAN DIEGO,SAN DIEGO,-117.16622924804688,32.725433349609375
9211793,2021,2023-06-17,3711,2021-03-15,0905,SD7233,NA,1,5,7,3711,0,0,0,NA,0,521,B ST,16TH ST,404,W,N,B,-,N,NA,NA,NA,NA,NA,NA,NA,NA,NA,Y,1,3,7,11,A,-,08,22107,NA,N,E,I,F,A,H,-,A,D,0,Y,NA,NA,NA,Y,NA,A,01,0,3,4,3,7,0,0,0,0,-,-,NA,NA,SAN DIEGO,SAN DIEGO,-117.1508560180664,32.717838287353516
92119120,2023,2023-07-17,9645,2023-06-02,1350,022814,NA,5,1,7,3711,0,1,1,NA,2,003,I-5 SOUTHBOUND,SR-75,200,S,N,A,-,Y,SD,NA,5,NA,R,13.94,H,NA,L,Y,3,0,1,4,A,-,01,23152,A,M,B,C,A,A,H,-,A,D,0,NA,NA,NA,NA,Y,Y,D,22,0,1,0,0,0,0,0,0,0,-,-,32.70022964477539,-117.141357421875,SAN DIEGO,SAN DIEGO,-117.14137268066406,32.70021438598633
92121024,2023,2023-07-19,9650,2023-07-13,856,021406,NA,4,1,5,3712,0,1,3,NA,2,019,SR-78 W/B FROM NORDAHL ROAD,NORDAHL ROAD,400,W,N,A,-,Y,SD,NA,78,NA,NA,15.404,H,NA,L,N,3,0,1,3,A,-,03,22350,NA,N,C,C,A,A,H,-,A,A,0,NA,NA,NA,NA,Y,NA,A,08,0,1,0,0,0,0,0,0,0,-,-,33.13290023803711,-117.12264251708984,SAN DIEGO,SAN MARCOS,-117.12271118164063,33.13278579711914
92121049,2023,2023-07-19,9680,2023-07-08,7,022050,NA,6,3,9,3700,0,1,3,NA,2,028,SR-125 S/B,PARADISE VALLEY RD,235,S,N,A,-,Y,SD,NA,125,NA,NA,9.839,H,NA,L,N,3,0,1,1,A,-,08,22107,NA,N,E,I,A,A,H,-,C,D,0,NA,NA,NA,NA,Y,NA,A,01,0,1,0,0,0,0,0,0,0,-,-,32.703548431396484,-117.0109634399414,SAN DIEGO,UNINCORPORATED,-117.01111602783205,32.70355224609375
92121302,2023,2023-07-19,9680,2023-07-08,2324,015733,BARON,6,3,9,3700,0,2,4,NA,1,094,WILDCAT CANYON RD.,SAN VICENTE RD.,10032,S,N,A,-,N,NA,NA,NA,NA,NA,NA,NA,NA,NA,Y,3,0,2,2,A,-,09,21804,A,N,D,C,A,A,H,-,D,D,0,NA,NA,NA,NA,Y,Y,D,22,0,1,1,0,0,0,0,0,0,-,-,32.98353958129883,-116.83184814453124,SAN DIEGO,UNINCORPORATED,-116.83202362060548,32.981956481933594
92124770,2023,2023-07-24,9680,2023-07-12,1450,019475,NA,3,2,9,3700,0,3,5,NA,2,003,VIEJAS BLVD,MANZANITA LN,647,N,N,A,-,N,NA,NA,NA,NA,NA,NA,NA,NA,NA,Y,3,0,1,1,A,-,01,23152,A,N,E,I,A,A,H,-,A,D,0,NA,NA,NA,NA,Y,Y,A,01,0,1,0,0,0,0,0,0,0,-,-,32.85483169555664,-116.60601043701172,SAN DIEGO,UNINCORPORATED,-116.61019134521484,32.85881805419922
92125265,2023,2023-07-25,9650,2023-07-15,935,019426,NA,6,1,9,3700,0,1,1,NA,2,003,I-5 S/B,LAS PULGAS RD,15840,S,N,B,-,Y,SD,NA,5,NA,R,59.058,H,NA,L,Y,4,0,1,4,A,-,07,21658,A,N,C,C,A,A,H,-,A,D,0,NA,NA,NA,NA,Y,NA,A,07,0,0,1,0,0,0,0,0,0,-,-,33.2648811340332,-117.4319076538086,SAN DIEGO,UNINCORPORATED,-117.43213653564452,33.264686584472656