CASE_ID,ACCIDENT_YEAR,PROC_DATE,JURIS,COLLISION_DATE,COLLISION_TIME,OFFICER_ID,REPORTING_DISTRICT,DAY_OF_WEEK,CHP_SHIFT,POPULATION,CNTY_CITY_LOC,SPECIAL_COND,BEAT_TYPE,CHP_BEAT_TYPE,CITY_DIVISION_LAPD,CHP_BEAT_CLASS,BEAT_NUMBER,PRIMARY_RD,SECONDARY_RD,DISTANCE,DIRECTION,INTERSECTION,WEATHER_1,WEATHER_2,STATE_HWY_IND,CALTRANS_COUNTY,CALTRANS_DISTRICT,STATE_ROUTE,ROUTE_SUFFIX,POSTMILE_PREFIX,POSTMILE,LOCATION_TYPE,RAMP_INTERSECTION,SIDE_OF_HWY,TOW_AWAY,COLLISION_SEVERITY,NUMBER_KILLED,NUMBER_INJURED,PARTY_COUNT,PRIMARY_COLL_FACTOR,PCF_CODE_OF_VIOL,PCF_VIOL_CATEGORY,PCF_VIOLATION,PCF_VIOL_SUBSECTION,HIT_AND_RUN,TYPE_OF_COLLISION,MVIW,PED_ACTION,ROAD_SURFACE,ROAD_COND_1,ROAD_COND_2,LIGHTING,CONTROL_DEVICE,CHP_ROAD_TYPE,PEDESTRIAN_ACCIDENT,BICYCLE_ACCIDENT,MOTORCYCLE_ACCIDENT,TRUCK_ACCIDENT,NOT_PRIVATE_PROPERTY,ALCOHOL_INVOLVED,STWD_VEHTYPE_AT_FAULT,CHP_VEHTYPE_AT_FAULT,COUNT_SEVERE_INJ,COUNT_VISIBLE_INJ,COUNT_COMPLAINT_PAIN,COUNT_PED_KILLED,COUNT_PED_INJURED,COUNT_BICYCLIST_KILLED,COUNT_BICYCLIST_INJURED,COUNT_MC_KILLED,COUNT_MC_INJURED,PRIMARY_RAMP,SECONDARY_RAMP,LATITUDE,LONGITUDE,COUNTY,CITY,POINT_X,POINT_Y
92125662,2023,2023-07-25,9650,2023-05-12,2240,022657,NA,5,3,9,3700,0,1,3,NA,1,028,RT 76,PALA DEL NORTE,106,W,N,A,-,Y,SD,NA,76,NA,NA,21.152,H,NA,R,Y,3,0,1,3,A,-,01,23152,A,N,E,J,A,A,H,-,D,D,0,NA,NA,NA,NA,Y,Y,A,07,0,1,0,0,0,0,0,0,0,-,-,33.35411071777344,-117.11222839355467,SAN DIEGO,UNINCORPORATED,-117.1122589111328,33.3541259765625
9212797,2020,2021-02-02,3700,2020-12-18,1748,SH0320,NA,5,5,5,3713,0,0,0,NA,0,312,SOUTH EMERALD DR,HACIENDA DR,128,S,N,A,-,N,NA,NA,NA,NA,NA,NA,NA,NA,NA,Y,2,0,1,2,A,-,08,22102,NA,N,D,C,A,A,H,-,C,D,0,NA,NA,Y,NA,Y,NA,A,07,1,0,0,0,0,0,0,0,1,-,-,NA,NA,SAN DIEGO,VISTA,-117.27955627441406,33.18622970581055
9213087,2021,2021-02-08,3711,2021-01-20,2121,SD6967,NA,3,5,7,3711,0,0,0,NA,0,838,WABASH AV,UNIVERSITY AV,10,N,N,B,-,N,NA,NA,NA,NA,NA,NA,NA,NA,NA,N,3,0,1,2,A,-,11,21456,B,N,G,B,B,A,H,-,C,A,0,Y,NA,NA,NA,Y,Y,N,60,0,1,0,0,1,0,0,0,0,-,-,NA,NA,SAN DIEGO,SAN DIEGO,-117.12081146240234,32.74922561645508
92130870,2023,2023-07-28,9645,2023-07-20,745,022814,NA,4,1,7,3711,0,1,1,NA,2,011,I-805 NORTHBOUND,SR-94,110,N,N,A,-,Y,SD,NA,805,NA,NA,13.538,H,NA,R,Y,3,0,1,2,A,-,07,21658,A,N,C,C,A,A,H,-,A,D,0,NA,NA,Y,NA,Y,NA,A,01,0,1,0,0,0,0,0,0,1,-,-,32.71957015991211,-117.10269165039063,SAN DIEGO,SAN DIEGO,-117.1026611328125,32.71957015991211
92132792,2023,2023-08-01,9650,2023-07-22,2110,022892,NA,6,2,9,3700,0,3,5,NA,2,006,DE LUZ RD,DAILY RD,1320,W,N,A,-,N,NA,NA,NA,NA,NA,NA,NA,NA,NA,Y,3,0,1,1,A,-,08,22107,NA,N,E,I,A,A,H,-,D,D,0,NA,NA,NA,NA,Y,NA,A,01,0,1,0,0,0,0,0,0,0,-,-,33.41775894165039,-117.31024169921876,SAN DIEGO,UNINCORPORATED,-117.31039428710938,33.41783905029297
92134256,2023,2023-08-02,9645,2023-07-22,130,022932,NA,6,3,7,3711,0,1,1,NA,2,003,S/B 5 TO CESAR CHAVEZ,CESAR CHAVEZ U/C,300,N,N,A,-,Y,NA,NA,NA,NA,NA,NA,NA,NA,NA,Y,4,0,1,3,A,-,03,22350,NA,N,E,8,A,A,H,-,C,D,0,NA,NA,NA,NA,Y,NA,A,01,0,0,1,0,0,0,0,0,0,-,-,32.70281982421875,-117.14585876464844,SAN DIEGO,SAN DIEGO,-117.14463043212892,32.70246887207031
92135366,2023,2023-08-03,9680,2023-07-24,1840,017460,NA,1,2,9,3700,0,1,1,NA,2,086,INTERSTATE 8 EASTBOUND,INKOPAH PARK RD,5808,W,N,A,-,Y,SD,NA,8,NA,R,76.434,H,NA,R,Y,4,0,1,1,A,-,08,22107,NA,N,F,A,A,A,H,-,A,D,0,NA,NA,NA,NA,Y,NA,D,22,0,0,1,0,0,0,0,0,0,-,-,32.636138916015625,-116.12393951416016,SAN DIEGO,UNINCORPORATED,-116.12393188476563,32.6360969543457
9213686,2020,2021-03-09,3711,2020-01-15,2345,SD8404,NA,3,5,7,3711,0,0,0,NA,0,624,NORMAL ST,EL CAJON BL,0,NA,Y,A,-,N,NA,NA,NA,NA,NA,NA,NA,NA,NA,Y,4,0,2,1,A,-,08,22107,NA,N,E,I,A,A,H,-,C,A,0,NA,NA,NA,NA,Y,Y,A,07,0,0,2,0,0,0,0,0,0,-,-,NA,NA,SAN DIEGO,SAN DIEGO,-117.14630126953124,32.75532150268555
92137565,2023,2023-08-07,9645,2023-07-26,1359,023210,NA,3,1,7,3711,0,1,1,NA,2,010,I-8 E/B TO MISSION CENTER ROAD OFFRAMP,MISSION CENTER ROAD,745,W,N,A,-,Y,SD,NA,8,NA,NA,2.869,H,NA,R,N,3,0,1,3,A,-,03,22350,NA,N,C,C,A,A,A,H,A,A,0,NA,NA,NA,NA,Y,NA,A,01,0,1,0,0,0,0,0,0,0,-,-,32.76443099975586,-117.15646362304688,SAN DIEGO,SAN DIEGO,-117.15653228759766,32.7646484375
92137656,2023,2023-08-07,9645,2023-06-01,1900,021200,NA,4,2,7,3711,0,1,3,NA,2,014,SR-52 EB,SANTO ROAD,1750,W,N,C,-,Y,SD,NA,52,NA,NA,8.14,H,NA,R,N,4,0,1,2,A,-,03,22350,NA,F,C,C,A,A,H,-,A,D,0,NA,NA,NA,NA,Y,NA,A,01,0,0,1,0,0,0,0,0,0,-,-,32.84156036376953,-117.107177734375,SAN DIEGO,SAN DIEGO,-117.107177734375,32.841552734375
92137682,2023,2023-08-07,9645,2023-07-31,1115,023324,NA,1,1,7,3711,0,1,1,NA,2,001,I-5 NORTHBOUND,PALOMAR STREET,1780,S,N,B,-,Y,SD,NA,5,NA,NA,6.397,H,NA,R,Y,4,0,2,3,A,-,07,21658,A,F,C,C,A,B,H,-,A,D,0,NA,NA,NA,NA,Y,NA,A,07,0,0,2,0,0,0,0,0,0,-,-,32.609291076660156,-117.09031677246094,SAN DIEGO,SAN DIEGO,-117.09041595458984,32.60927963256836
92137985,2023,2023-08-07,9680,2023-07-27,1850,021441,NA,4,2,5,3705,0,1,1,NA,2,081,I-8 W/B FROM W. MAIN ST.,W. MAIN ST.,430,W,N,A,-,Y,SD,NA,8,NA,NA,14.52,H,NA,L,N,4,0,2,2,A,-,06,21750,A,N,B,C,A,A,H,-,A,D,0,NA,NA,NA,NA,Y,NA,A,01,0,0,2,0,0,0,0,0,0,-,-,32.793819427490234,-116.9777374267578,SAN DIEGO,EL CAJON,-116.97750091552734,32.793785095214844
92138654,2023,2023-08-08,9645,2023-07-27,2215,022426,NA,4,3,5,3709,0,1,1,NA,2,009,INTERSTATE 805 SOUTHBOUND,SWEETWATER ROAD,0,S,N,A,-,Y,SD,NA,805,NA,NA,9.05,H,NA,L,Y,4,0,3,3,A,-,03,22350,NA,N,C,C,A,A,H,-,D,D,0,NA,NA,NA,NA,Y,Y,D,22,0,0,3,0,0,0,0,0,0,-,-,32.660789489746094,-117.07682800292967,SAN DIEGO,NATIONAL CITY,-117.0768814086914,32.66075897216797
9213875,2021,2021-03-11,3711,2021-01-12,1014,SD6193,NA,2,5,7,3711,0,0,0,NA,0,712,SUNSER LN,AVERIL RD,790,W,N,A,-,N,NA,NA,NA,NA,NA,NA,NA,NA,NA,Y,4,0,3,2,A,-,09,21804,A,N,A,C,A,A,H,-,A,D,0,NA,NA,NA,NA,Y,NA,A,01,0,0,3,0,0,0,0,0,0,-,-,NA,NA,SAN DIEGO,SAN DIEGO,-117.05681610107422,32.558170318603516
92139089,2023,2023-08-08,9680,2023-07-31,1845,022106,NA,1,2,9,3700,0,3,5,NA,2,003,EUCLID AVE,VIA VERDE,32,E,N,A,-,N,NA,NA,NA,NA,NA,NA,NA,NA,NA,Y,3,0,1,1,A,-,08,22107,NA,N,E,8,A,A,H,-,A,D,0,NA,NA,NA,NA,Y,NA,A,01,0,1,0,0,0,0,0,0,0,-,-,32.791358947753906,-116.90294647216795,SAN DIEGO,UNINCORPORATED,-116.90299987792967,32.79131317138672
92146547,2023,2023-08-18,9680,2023-08-06,1634,023113,NA,7,2,9,3700,0,2,4,NA,1,010,WOODSIDE AVE,RIVER ST,29,W,N,A,-,N,NA,NA,NA,NA,NA,NA,NA,NA,NA,N,3,0,1,2,A,-,12,22450,A,N,D,G,A,A,H,-,A,D,0,NA,Y,NA,NA,Y,NA,L,04,0,1,0,0,0,0,1,0,0,-,-,32.85723876953125,-116.92269897460938,SAN DIEGO,UNINCORPORATED,-116.92262268066406,32.8571891784668
92146682,2023,2023-08-17,9645,2023-07-09,2015,022507,NA,7,2,7,3711,0,1,1,NA,2,010,I-8 EASTBOUND,WARING ROAD,400,E,N,A,-,Y,SD,NA,8,NA,NA,7.163,H,NA,R,N,3,0,1,2,A,-,08,22107,NA,N,B,C,A,A,H,-,C,D,0,NA,NA,NA,NA,Y,NA,A,01,0,1,0,0,0,0,0,0,0,-,-,32.7806396484375,-117.08641815185548,SAN DIEGO,SAN DIEGO,-117.08641815185548,32.78064727783203
92146799,2023,2023-08-17,9645,2023-06-02,1356,022021,NA,5,1,7,3711,0,1,1,NA,2,001,I-5 S/B,VESTA ST,275,S,N,A,-,Y,SD,NA,5,NA,R,11.976,H,NA,L,Y,3,0,1,2,A,-,01,23152,A,N,C,C,A,A,H,-,A,D,0,NA,NA,NA,NA,Y,Y,D,22,0,1,0,0,0,0,0,0,0,-,-,32.68640899658203,-117.1132583618164,SAN DIEGO,SAN DIEGO,-117.11328887939452,32.6863899230957
92146875,2023,2023-08-17,9645,2023-08-16,1530,021231,NA,3,2,7,3711,0,1,1,NA,2,007,I-5 N/B,CARMEL VALLEY RD.,1000,N,N,A,-,Y,SD,NA,5,NA,R,33.076,H,NA,R,Y,3,0,1,3,A,-,03,22350,NA,N,C,C,A,A,H,-,A,D,0,NA,NA,NA,NA,Y,NA,D,22,0,1,0,0,0,0,0,0,0,-,-,32.93484115600586,-117.24127197265624,SAN DIEGO,SAN DIEGO,-117.24127197265624,32.93484115600586
92148203,2023,2023-08-21,9650,2023-08-09,2130,022657,NA,3,2,9,3700,0,1,3,NA,2,015,SR-78 W/B,I-5 S/B,608,E,N,A,-,Y,SD,NA,78,NA,NA,0.138,H,NA,L,Y,3,0,3,3,A,-,01,23152,A,N,C,C,A,A,H,-,C,D,0,NA,NA,NA,NA,Y,Y,A,07,0,2,1,0,0,0,0,0,0,-,-,33.17823028564453,-117.3494873046875,SAN DIEGO,UNINCORPORATED,-117.3494873046875,33.17823028564453
92148220,2023,2023-08-21,9645,2023-08-08,1023,022884,NA,2,1,7,3711,0,1,3,NA,2,031,SR-125 NB,OTAY MESA ROAD,5280,N,N,A,-,Y,SD,NA,125,NA,L,2.133,H,NA,R,Y,4,0,1,2,A,-,03,22350,NA,M,C,C,A,A,H,-,A,D,0,NA,NA,NA,NA,Y,NA,A,07,0,0,1,0,0,0,0,0,0,-,-,32.582420349121094,-116.96363067626952,SAN DIEGO,SAN DIEGO,-116.96361541748048,32.582427978515625
92149864,2023,2023-08-22,9680,2023-04-27,1021,015877,NA,4,1,5,3705,0,1,1,NA,2,082,I-8 WESTBOUND,EAST MAIN STREET,52,W,N,A,-,Y,SD,NA,8,NA,NA,17.849,H,NA,L,N,2,0,2,3,A,-,08,22107,NA,N,C,E,E,A,H,-,A,D,0,Y,NA,NA,NA,Y,NA,D,22,1,1,0,0,1,0,0,0,0,-,-,32.80329895019531,-116.9272689819336,SAN DIEGO,EL CAJON,-116.92726135253906,32.803245544433594
92152299,2023,2023-08-24,9645,2023-08-16,1901,020265,NA,3,2,7,3711,0,1,3,NA,2,002,SR-905 E/B,CALIENTE AVE. O/C,400,W,N,A,-,Y,SD,NA,905,NA,R,6.439,H,NA,R,N,3,0,1,2,C,-,18,NA,NA,N,B,C,A,A,H,-,A,D,0,NA,NA,NA,NA,Y,NA,-,-,0,1,0,0,0,0,0,0,0,-,-,32.56753158569336,-117.01895141601563,SAN DIEGO,SAN DIEGO,-117.0189208984375,32.567588806152344
9215375,2020,2021-02-10,3705,2020-12-18,1033,EC0219,NA,5,5,5,3705,0,0,0,NA,0,004,S MOLLISON AV,GRAY DR,250,S,N,B,-,N,NA,NA,NA,NA,NA,NA,NA,NA,NA,NA,4,0,1,2,A,-,03,22350,NA,N,C,C,A,A,H,-,A,D,0,NA,NA,NA,NA,Y,NA,A,01,0,0,1,0,0,0,0,0,0,-,-,NA,NA,SAN DIEGO,EL CAJON,-116.95096588134766,32.783233642578125
92154991,2023,2023-09-19,9680,2023-04-07,1425,014949,NA,5,2,9,3700,0,3,5,NA,2,006,BUCKMAN SPRINGS ROAD,CORRAL CANYON ROAD,3168,N,N,A,-,N,NA,NA,NA,NA,NA,NA,NA,NA,NA,Y,1,1,2,2,A,-,08,22107,NA,N,A,C,A,A,H,-,A,D,0,NA,NA,NA,NA,Y,NA,D,22,2,0,0,0,0,0,0,0,0,-,-,32.724388122558594,-116.49610900878906,SAN DIEGO,UNINCORPORATED,-116.49608612060548,32.72433853149414
92157326,2023,2023-08-29,9650,2023-08-22,725,019652,NA,2,1,9,3700,0,1,1,NA,2,007,DEL DIOS HWY,VIA CUARTO CAMINOS,500,W,N,A,-,N,NA,NA,NA,NA,NA,NA,NA,NA,NA,N,4,0,1,3,A,-,03,22350,NA,N,C,C,A,A,H,-,A,D,0,NA,NA,NA,NA,Y,NA,A,01,0,0,1,0,0,0,0,0,0,-,-,33.03541946411133,-117.17794036865234,SAN DIEGO,UNINCORPORATED,-117.17752838134766,33.035301208496094
92157755,2023,2023-08-29,9680,2023-04-09,1640,023240,NA,7,2,9,3700,0,3,5,NA,2,001,LAKEVIEW RD,RYANS WAY,140,N,N,A,-,N,NA,NA,NA,NA,NA,NA,NA,NA,NA,Y,4,0,1,3,A,-,01,23152,A,N,C,E,A,A,H,-,A,D,0,NA,NA,NA,Y,Y,Y,D,22,0,0,1,0,0,0,0,0,0,-,-,32.84199905395508,-116.90406036376952,SAN DIEGO,UNINCORPORATED,-116.90410614013672,32.841957092285156
92159677,2023,2023-08-31,9645,2023-08-21,1235,015494,NA,1,1,7,3711,0,1,1,NA,2,011,I-805 N/B,SR-163,2000,S,N,A,-,Y,SD,NA,805,NA,NA,20.293,H,NA,R,N,4,0,2,4,A,-,03,22350,NA,N,C,C,A,A,A,H,A,D,0,NA,NA,NA,NA,Y,NA,A,08,0,0,2,0,0,0,0,0,0,-,-,32.804931640625,-117.15086364746094,SAN DIEGO,SAN DIEGO,-117.15099334716795,32.804908752441406
92159737,2023,2023-08-31,9680,2023-08-29,840,023332,NA,2,1,5,3708,0,1,3,NA,2,027,SR-94 W/B,MASSACHUSETTS AVE,470,W,N,A,-,Y,SD,NA,94,NA,NA,8.189,H,NA,L,Y,4,0,1,2,A,-,03,22350,NA,N,C,C,A,A,H,-,A,D,0,NA,NA,NA,NA,Y,NA,D,22,0,0,1,0,0,0,0,0,0,-,-,32.744998931884766,-117.04450225830078,SAN DIEGO,LA MESA,-117.04450225830078,32.74494552612305
92160715,2023,2023-09-01,9680,2023-08-22,1800,021353,NA,2,2,5,3708,0,1,3,NA,2,028,SR-125 S/B FROM GROSSMONT BLVD,GROSSMONT BLVD,460,S,N,A,-,Y,SD,NA,125,NA,R,15.007,H,NA,L,N,4,0,1,2,A,-,03,22350,NA,N,C,C,A,A,H,-,A,A,0,NA,NA,NA,NA,Y,NA,A,07,0,0,1,0,0,0,0,0,0,-,-,32.77212142944336,-117.00254058837892,SAN DIEGO,LA MESA,-117.0022430419922,32.772151947021484
92163604,2023,2023-09-06,9645,2023-08-27,1125,019054,NA,7,1,7,3711,0,1,1,NA,2,010,I-8 W/B,I-5,2000,W,N,A,-,Y,SD,NA,8,NA,L,1.907,H,NA,L,Y,4,0,3,3,A,-,03,22350,NA,N,C,C,A,A,H,-,A,D,0,NA,NA,NA,NA,Y,NA,A,01,0,0,3,0,0,0,0,0,0,-,-,32.759010314941406,-117.21214294433594,SAN DIEGO,SAN DIEGO,-117.21212005615234,32.75889205932617
92163653,2023,2023-09-06,9650,2023-08-29,1539,020966,NA,2,2,6,3706,0,1,1,NA,2,023,I-15 N/B,9TH AVENUE,2886,S,N,A,-,Y,SD,NA,15,NA,R,29.545,H,NA,R,Y,4,0,1,2,A,-,03,22350,NA,N,C,C,A,A,H,-,A,D,0,NA,NA,NA,NA,Y,NA,A,01,0,0,1,0,0,0,0,0,0,-,-,33.101219177246094,-117.09052276611328,SAN DIEGO,ESCONDIDO,-117.09049224853516,33.101234436035156
92163724,2023,2023-09-06,9645,2023-08-24,1730,018678,NA,4,2,7,3711,0,1,1,NA,2,001,I-5 (S/B),CAMINO DE LA PLAZA O/C,1000,N,N,A,-,Y,SD,NA,5,NA,R,0.502,H,NA,R,Y,4,0,1,2,A,-,06,21755,NA,N,B,C,A,A,H,-,A,D,0,NA,NA,Y,NA,Y,NA,C,02,0,0,1,0,0,0,0,0,1,-,-,32.54610061645508,-117.03540802001952,SAN DIEGO,SAN DIEGO,-117.03524780273438,32.54628372192383
92163735,2023,2023-09-06,9645,2023-08-24,1530,022512,NA,4,2,7,3711,0,1,1,NA,2,005,INTERSTATE 5 SOUTHBOUND,SEA WORLD DRIVE,1652,N,N,A,-,Y,SD,NA,5,NA,R,21.141,H,NA,L,Y,4,0,1,3,A,-,03,22350,NA,N,C,C,A,A,H,-,A,D,0,NA,NA,NA,NA,Y,NA,A,01,0,0,1,0,0,0,0,0,0,-,-,32.77450180053711,-117.20799255371094,SAN DIEGO,SAN DIEGO,-117.20793151855467,32.77450942993164
92164332,2023,2023-09-07,9650,2023-08-31,1535,021844,NA,4,2,9,3700,0,2,4,NA,2,061,EAST MISSION RD,CATALPA LN,0,NA,Y,A,-,N,NA,NA,NA,NA,NA,NA,NA,NA,NA,N,4,0,1,2,A,-,03,22350,NA,N,C,C,A,A,H,-,A,A,0,NA,NA,NA,NA,Y,NA,A,01,0,0,1,0,0,0,0,0,0,-,-,33.38483810424805,-117.2431411743164,SAN DIEGO,UNINCORPORATED,-117.24325561523438,33.3846549987793
92167092,2023,2023-09-11,9645,2023-08-30,1045,018393,NA,3,1,7,3711,0,1,1,NA,2,007,I-5 S/B,GILMAN DR U/C,2640,N,N,A,-,Y,SD,NA,5,NA,R,27.418,H,NA,L,N,4,0,1,2,A,-,08,22107,NA,N,B,C,A,A,C,-,A,D,0,NA,NA,NA,NA,Y,NA,A,07,0,0,1,0,0,0,0,0,0,-,-,32.857540130615234,-117.23072052001952,SAN DIEGO,SAN DIEGO,-117.23075103759766,32.8575439453125
92168292,2023,2023-09-12,9680,2023-09-01,1645,020780,NA,5,2,9,3700,0,2,4,NA,1,010,WOODSIDE AVE,WINTER GARDENS BLVD,600,E,N,B,-,N,NA,NA,NA,NA,NA,NA,NA,NA,NA,Y,4,0,1,2,A,-,09,21801,A,N,D,C,A,A,H,-,A,D,0,NA,NA,NA,NA,Y,NA,D,22,0,0,1,0,0,0,0,0,0,-,-,32.85639953613281,-116.9291763305664,SAN DIEGO,UNINCORPORATED,-116.92921447753906,32.85631561279297
92169467,2023,2023-09-13,9680,2023-08-31,828,018322,NA,4,1,9,3700,0,1,3,NA,2,027,SR-94 W/B,BANCROFT DR,249,E,N,B,-,Y,SD,NA,94,NA,R,11.144,H,NA,L,Y,4,0,2,3,A,-,03,22350,NA,N,C,2,A,A,H,-,A,D,0,NA,NA,NA,NA,Y,NA,A,07,0,0,2,0,0,0,0,0,0,-,-,32.75027084350586,-117.00064849853516,SAN DIEGO,UNINCORPORATED,-117.00066375732422,32.75023651123047
92170473,2023,2023-09-14,9680,2023-09-01,1728,023113,NA,5,2,9,3700,0,3,5,NA,2,002,ELKELTON BLVD,PARKBROOK ST,371,N,N,B,-,N,NA,NA,NA,NA,NA,NA,NA,NA,NA,Y,3,0,1,3,A,-,01,23152,A,N,C,E,A,A,H,-,A,D,0,NA,NA,NA,NA,Y,Y,A,01,0,1,0,0,0,0,0,0,0,-,-,32.70429992675781,-117.0141830444336,SAN DIEGO,UNINCORPORATED,-117.0140380859375,32.7043571472168
92171139,2023,2023-09-15,9680,2023-09-04,330,017996,NA,1,3,9,3700,0,3,5,NA,2,001,VISTA CAMINO,LAKESIDE AVENUE,282,S,N,A,-,N,NA,NA,NA,NA,NA,NA,NA,NA,NA,Y,3,0,1,1,A,-,01,23152,A,N,E,8,A,A,H,-,C,D,0,NA,NA,NA,NA,Y,Y,A,07,0,1,0,0,0,0,0,0,0,-,-,32.866329193115234,-116.93907928466795,SAN DIEGO,UNINCORPORATED,-116.93907165527344,32.86627960205078
92172689,2023,2023-09-18,9680,2023-09-08,1328,020165,NA,5,1,9,3700,0,1,1,NA,2,082,I-8 (EASTBOUND),LAKE JENNINGS PARK ROAD,3168,W,N,A,-,Y,SD,NA,8,NA,R,21.265,H,NA,R,Y,4,0,1,2,A,-,03,22350,NA,N,C,C,A,A,H,-,A,D,0,NA,NA,NA,NA,Y,NA,A,01,0,0,1,0,0,0,0,0,0,-,-,32.83884811401367,-116.88900756835938,SAN DIEGO,UNINCORPORATED,-116.88899230957033,32.838836669921875
92173595,2023,2023-09-19,9680,2023-09-08,755,020116,NA,5,1,5,3708,0,1,1,NA,2,081,I-8 W/B,EL CAJON BLVD,2112,E,N,A,-,Y,SD,NA,8,NA,NA,11.49,H,NA,L,N,4,0,1,3,A,-,03,22350,NA,N,C,C,A,A,H,-,A,D,0,NA,NA,NA,NA,Y,NA,A,01,0,0,1,0,0,0,0,0,0,-,-,32.77347183227539,-117.01551818847656,SAN DIEGO,LA MESA,-117.0155029296875,32.77344512939453
92174798,2023,2023-09-20,9645,2023-09-03,2330,022845,NA,7,3,7,3711,0,1,3,NA,2,031,OTAY MESA RD,S BAY EXPRESS TOLL ROAD,197,E,N,A,-,N,NA,NA,NA,NA,NA,NA,NA,NA,NA,N,2,0,2,1,A,-,01,23152,A,F,F,I,A,A,H,-,C,D,0,NA,NA,Y,NA,Y,Y,C,06,1,1,0,0,0,0,0,0,2,-,-,32.56753921508789,-116.94773864746094,SAN DIEGO,SAN DIEGO,-116.94927215576172,32.56769943237305
92175966,2023,2023-09-21,9645,2023-09-07,1530,019241,NA,4,2,9,3700,0,3,5,NA,2,018,OTAY LAKES ROAD (1400 BLOCK),OTAY MOUNTIAN TRUCK TRAIL,10560,W,N,A,-,N,NA,NA,NA,NA,NA,NA,NA,NA,NA,Y,4,0,1,1,A,-,08,22107,NA,N,F,A,A,A,H,-,A,D,0,NA,NA,NA,NA,Y,NA,A,01,0,0,1,0,0,0,0,0,0,-,-,32.63370895385742,-116.9050521850586,SAN DIEGO,UNINCORPORATED,NA,NA
92176031,2023,2023-09-21,9680,2023-09-11,1455,017401,NA,1,2,9,3700,0,1,3,NA,1,051,SR-79,YAQUI DR,528,N,N,A,-,Y,SD,NA,79,NA,NA,12.528,H,NA,R,N,4,0,1,1,A,-,03,22350,NA,N,F,A,A,A,H,-,A,D,0,NA,NA,Y,NA,Y,NA,C,02,0,0,1,0,0,0,0,0,1,-,-,32.99066925048828,-116.5792999267578,SAN DIEGO,UNINCORPORATED,-116.57930755615234,32.990684509277344
92177040,2023,2023-09-22,9645,2023-09-12,720,015698,NA,2,1,7,3711,0,1,1,NA,2,003,I-5 NB,S. 32ND ST. O/C,200,N,N,A,-,Y,SD,NA,5,NA,R,12.974,H,NA,R,N,3,0,1,2,A,-,03,22350,NA,N,C,C,A,A,H,-,A,D,0,NA,NA,NA,Y,Y,NA,F,25,0,1,0,0,0,0,0,0,0,-,-,32.6945686340332,-117.12692260742188,SAN DIEGO,SAN DIEGO,-117.12691497802734,32.69461441040039
92177476,2023,2023-09-22,9680,2023-09-09,825,020884,NA,6,1,9,3700,0,1,3,NA,2,028,SR-125 S/B,JAMACHA RD,2112,S,N,A,-,Y,SD,NA,125,NA,NA,10.227,H,NA,L,N,3,0,1,2,A,-,08,22107,NA,F,C,2,A,A,H,-,A,D,0,NA,NA,Y,NA,Y,NA,C,02,0,1,0,0,0,0,0,0,1,-,-,32.70899963378906,-117.01228332519533,SAN DIEGO,UNINCORPORATED,-117.01231384277344,32.70899200439453
92178094,2023,2023-09-25,9650,2023-09-17,254,021528,NA,7,3,9,3700,0,1,1,NA,2,021,I-15 N/B,GOPHER CANYON RD,800,S,N,B,-,Y,SD,NA,15,NA,R,40.698,H,NA,R,Y,2,0,3,2,A,-,01,23152,A,N,C,C,A,B,H,-,D,D,0,NA,NA,NA,NA,Y,Y,-,-,1,1,1,0,0,0,0,0,0,-,-,33.25069046020508,-117.15463256835938,SAN DIEGO,UNINCORPORATED,-117.15468597412108,33.25067138671875
92179885,2023,2023-09-26,9680,2023-09-16,1225,020884,NA,6,1,9,3700,0,1,3,NA,2,027,SR-94 E/B TO SR-94 E/B,SPRING ST,2640,S,N,B,-,Y,SD,NA,94,NA,R,9.812,H,NA,R,N,3,0,1,2,A,-,03,22350,NA,N,C,C,A,A,H,-,A,D,0,NA,NA,Y,NA,Y,NA,C,02,0,1,0,0,0,0,0,0,1,-,-,32.74797058105469,-117.01741790771484,SAN DIEGO,UNINCORPORATED,-117.01744079589844,32.74799346923828