CASE_ID,ACCIDENT_YEAR,PROC_DATE,JURIS,COLLISION_DATE,COLLISION_TIME,OFFICER_ID,REPORTING_DISTRICT,DAY_OF_WEEK,CHP_SHIFT,POPULATION,CNTY_CITY_LOC,SPECIAL_COND,BEAT_TYPE,CHP_BEAT_TYPE,CITY_DIVISION_LAPD,CHP_BEAT_CLASS,BEAT_NUMBER,PRIMARY_RD,SECONDARY_RD,DISTANCE,DIRECTION,INTERSECTION,WEATHER_1,WEATHER_2,STATE_HWY_IND,CALTRANS_COUNTY,CALTRANS_DISTRICT,STATE_ROUTE,ROUTE_SUFFIX,POSTMILE_PREFIX,POSTMILE,LOCATION_TYPE,RAMP_INTERSECTION,SIDE_OF_HWY,TOW_AWAY,COLLISION_SEVERITY,NUMBER_KILLED,NUMBER_INJURED,PARTY_COUNT,PRIMARY_COLL_FACTOR,PCF_CODE_OF_VIOL,PCF_VIOL_CATEGORY,PCF_VIOLATION,PCF_VIOL_SUBSECTION,HIT_AND_RUN,TYPE_OF_COLLISION,MVIW,PED_ACTION,ROAD_SURFACE,ROAD_COND_1,ROAD_COND_2,LIGHTING,CONTROL_DEVICE,CHP_ROAD_TYPE,PEDESTRIAN_ACCIDENT,BICYCLE_ACCIDENT,MOTORCYCLE_ACCIDENT,TRUCK_ACCIDENT,NOT_PRIVATE_PROPERTY,ALCOHOL_INVOLVED,STWD_VEHTYPE_AT_FAULT,CHP_VEHTYPE_AT_FAULT,COUNT_SEVERE_INJ,COUNT_VISIBLE_INJ,COUNT_COMPLAINT_PAIN,COUNT_PED_KILLED,COUNT_PED_INJURED,COUNT_BICYCLIST_KILLED,COUNT_BICYCLIST_INJURED,COUNT_MC_KILLED,COUNT_MC_INJURED,PRIMARY_RAMP,SECONDARY_RAMP,LATITUDE,LONGITUDE,COUNTY,CITY,POINT_X,POINT_Y
9360456,2021,2021-12-28,3711,2021-11-07,0320,SD1176,NA,7,5,7,3711,0,0,0,NA,0,521,10TH AV,F ST,0,NA,N,A,-,N,NA,NA,NA,NA,NA,NA,NA,NA,NA,N,4,0,1,2,A,-,17,21228,A,N,G,J,-,A,H,-,C,A,0,Y,NA,NA,NA,Y,NA,N,60,0,0,1,0,1,0,0,0,0,-,-,NA,NA,SAN DIEGO,SAN DIEGO,-117.15560150146484,32.71363067626953
9360465,2021,2021-12-23,3709,2021-11-01,0127,NC0495,NA,1,5,5,3709,0,0,0,NA,0,020,DIVISION ST,FLOWER ST,0,NA,-,A,-,N,NA,NA,NA,NA,NA,NA,NA,NA,NA,Y,4,0,1,1,A,-,01,23152,A,N,E,I,A,A,H,-,C,-,0,NA,NA,NA,NA,Y,Y,A,01,0,0,1,0,0,0,0,0,0,-,-,NA,NA,SAN DIEGO,NATIONAL CITY,-117.10477447509766,32.68404006958008
9360512,2021,2021-11-24,3702,2021-10-09,1841,CV1238,NA,6,5,6,3702,0,0,0,NA,0,024,BROADWAY,MAIN ST,200,S,N,A,-,N,NA,NA,NA,NA,NA,NA,NA,NA,NA,N,4,0,1,2,A,-,11,21954,A,N,G,B,E,A,H,-,B,D,0,Y,NA,NA,NA,Y,Y,N,60,0,0,1,0,1,0,0,0,0,-,-,NA,NA,SAN DIEGO,CHULA VISTA,-117.07501983642578,32.594276428222656
9360636,2021,2021-12-21,3711,2021-11-09,1343,SD7959,NA,2,5,7,3711,0,0,0,NA,0,521,17TH ST,C ST,0,NA,Y,A,-,Y,SD,11,5,-,R,15.155,R,4,S,N,3,0,2,2,A,-,09,21802,A,N,D,C,A,A,H,-,A,-,0,NA,NA,NA,NA,Y,Y,A,01,0,1,1,0,0,0,0,0,0,-,-,NA,NA,SAN DIEGO,SAN DIEGO,-117.14777374267578,32.71538162231445
9361035,2021,2021-12-28,3711,2021-11-14,1125,SD7561,NA,7,5,7,3711,0,0,0,NA,0,812,30TH ST,30TH ST 2500,0,NA,N,A,-,N,NA,NA,NA,NA,NA,NA,NA,NA,NA,N,3,0,1,2,A,-,08,22107,NA,N,B,C,A,A,H,-,A,D,0,NA,NA,NA,NA,Y,NA,-,NA,0,1,0,0,0,0,0,0,0,-,-,NA,NA,SAN DIEGO,SAN DIEGO,-117.12953948974608,32.70530700683594
9361236,2021,2021-12-23,3711,2021-11-12,1605,SD7925,NA,5,5,7,3711,0,0,0,NA,0,324,LAKE ARAGO AV,LAKE MURRAY BL,0,NA,Y,A,-,N,NA,NA,NA,NA,NA,NA,NA,NA,NA,N,3,0,1,2,A,-,10,21950,A,N,G,B,D,A,H,-,B,D,0,Y,NA,NA,NA,Y,NA,A,01,0,1,0,0,1,0,0,0,0,-,-,NA,NA,SAN DIEGO,SAN DIEGO,-117.01531219482422,32.79670333862305
9361385,2021,2021-11-19,3710,2021-10-25,0535,OC1211,NA,1,5,6,3710,0,0,0,NA,0,028,COLLEGE BL,OCEANSIDE BL,8,N,N,A,-,N,NA,NA,NA,NA,NA,NA,NA,NA,NA,N,4,0,1,2,D,-,00,NA,NA,F,G,B,B,A,H,-,B,A,0,Y,NA,NA,NA,Y,NA,-,-,0,0,1,0,1,0,0,0,0,-,-,NA,NA,SAN DIEGO,OCEANSIDE,-117.28505706787108,33.2071533203125
9361521,2021,2021-11-18,3705,2021-10-09,1636,EC0375,NA,6,5,5,3705,0,0,0,NA,0,002,MADISON,ROSELLE,0,NA,Y,A,-,N,NA,NA,NA,NA,NA,NA,NA,NA,NA,N,3,0,1,2,A,-,11,21954,A,N,G,B,C,A,H,-,A,C,0,Y,NA,NA,NA,Y,NA,N,60,0,1,0,0,1,0,0,0,0,-,-,NA,NA,SAN DIEGO,EL CAJON,-116.94078063964844,32.8001594543457
9361902,2021,2021-11-30,3705,2021-07-21,1910,EC0419,NA,3,5,5,3705,0,0,0,NA,0,003,EAST MAIN ST,E MADISON,731,S,N,B,-,N,NA,NA,NA,NA,NA,NA,NA,NA,NA,N,3,0,1,2,A,-,09,21801,A,N,H,A,A,A,H,-,C,D,0,NA,NA,Y,NA,Y,NA,A,01,0,1,0,0,0,0,0,0,1,-,-,NA,NA,SAN DIEGO,EL CAJON,-116.93212890625,32.79866027832031
9361925,2021,2021-11-19,3705,2021-08-01,1605,EC0371,NA,7,5,5,3705,0,0,0,NA,0,004,S MAGNOLIA AV,PALM AV,112,S,N,A,-,N,NA,NA,NA,NA,NA,NA,NA,NA,NA,Y,4,0,3,3,A,-,03,22350,NA,N,C,C,A,A,H,-,A,D,0,NA,NA,NA,NA,Y,NA,A,01,0,0,3,0,0,0,0,0,0,-,-,NA,NA,SAN DIEGO,EL CAJON,-116.96238708496094,32.79130172729492
9365142,2021,2022-01-04,3710,2021-11-21,1356,OC1311,NA,7,5,6,3710,0,0,0,NA,0,014,BENET RD,LEEPISH DR,0,NA,Y,A,-,N,NA,NA,NA,NA,NA,NA,NA,NA,NA,N,4,0,1,2,A,-,09,21801,A,N,D,G,A,A,H,-,A,D,0,NA,Y,NA,NA,Y,NA,A,01,0,0,1,0,0,0,1,0,0,-,-,NA,NA,SAN DIEGO,OCEANSIDE,-117.34754943847656,33.223941802978516
9366700,2021,2022-02-10,3705,2021-12-10,1722,EC0383,NA,5,5,5,3705,0,0,0,NA,0,003,N 3RD ST,NARANCA AV,184,N,N,A,-,N,NA,NA,NA,NA,NA,NA,NA,NA,NA,Y,3,0,1,2,A,-,01,23152,A,N,B,C,A,A,H,-,C,D,0,NA,NA,NA,NA,Y,Y,A,01,0,1,0,0,0,0,0,0,0,-,-,NA,NA,SAN DIEGO,EL CAJON,-116.92694091796876,32.804443359375
9366746,2021,2021-12-24,3705,2021-11-06,1240,EC0383,NA,6,5,5,3705,0,0,0,NA,0,001,N MARSHALL AV,VERNON WY,227,N,N,A,-,N,NA,NA,NA,NA,NA,NA,NA,NA,NA,N,2,0,2,2,A,-,03,22350,NA,N,C,G,A,A,G,-,A,D,0,NA,Y,NA,NA,Y,NA,L,04,1,1,0,0,0,0,2,0,0,-,-,NA,NA,SAN DIEGO,EL CAJON,-116.97576141357422,32.81260299682617
9366816,2021,2022-01-03,3700,2021-11-23,1625,SH1911,NA,2,5,5,3712,0,0,0,NA,0,349,QUESTHAVEN RD,SAN ELIJO RD,465,S,N,A,-,N,NA,NA,NA,NA,NA,NA,NA,NA,NA,Y,4,0,1,1,A,-,03,22350,NA,N,E,I,A,A,H,-,A,D,0,NA,NA,NA,NA,Y,NA,A,01,0,0,1,0,0,0,0,0,0,-,-,NA,NA,SAN DIEGO,SAN MARCOS,-117.18609619140624,33.10100555419922
9367191,2021,2021-12-06,3711,2021-11-15,1722,SD6901,NA,1,5,7,3711,0,0,0,NA,0,241,POMERADO RD,AVENIDA MAGNIFICA,0,NA,-,A,-,N,NA,NA,NA,NA,NA,NA,NA,NA,NA,Y,3,0,3,3,A,-,04,21703,NA,N,-,C,A,-,-,-,C,-,0,NA,NA,NA,NA,Y,NA,A,01,0,1,2,0,0,0,0,0,0,-,-,NA,NA,SAN DIEGO,SAN DIEGO,-117.08474731445313,32.90507888793945
9367487,2021,2021-12-17,3711,2021-11-17,2356,SD7802,NA,3,5,7,3711,0,0,0,NA,0,836,FAIRMOUNT AV,MAPLE AV,0,NA,Y,A,-,N,NA,NA,NA,NA,NA,NA,NA,NA,NA,Y,4,0,1,1,A,-,08,22107,NA,N,A,I,A,A,H,-,C,D,0,NA,NA,NA,NA,Y,Y,A,01,0,0,1,0,0,0,0,0,0,-,-,NA,NA,SAN DIEGO,SAN DIEGO,-117.10105895996094,32.733360290527344
9367698,2021,2021-12-22,3711,2021-11-21,0450,SD1086,NA,7,5,7,3711,0,0,0,NA,0,122,GRAND AV,EVERTS ST,41,W,N,B,-,N,NA,NA,NA,NA,NA,NA,NA,NA,NA,N,3,0,2,2,A,-,11,21950,B,N,G,B,D,A,H,-,C,A,0,Y,NA,NA,NA,Y,Y,N,60,0,2,0,0,1,0,0,0,0,-,-,NA,NA,SAN DIEGO,SAN DIEGO,-117.24774169921876,32.796302795410156
9369802,2021,2022-01-04,3711,2021-12-04,1514,SD1611,NA,6,5,7,3711,0,0,0,NA,0,614,SUNSET CLIFFS BL,BRIGHTON AV,0,NA,Y,A,B,N,NA,NA,NA,NA,NA,NA,NA,NA,NA,N,4,0,5,2,A,-,09,21800,A,N,D,D,A,A,H,-,A,D,0,NA,NA,NA,NA,Y,NA,A,07,0,0,5,0,0,0,0,0,0,-,-,NA,NA,SAN DIEGO,SAN DIEGO,-117.24472045898438,32.74810028076172
9369925,2021,2022-01-11,3711,2021-12-10,1518,SD4310,NA,5,5,7,3711,0,0,0,NA,0,623,RIVERWALK DR,RIVERWALK DR 6900,0,NA,Y,A,-,N,NA,NA,NA,NA,NA,NA,NA,NA,NA,N,4,0,1,2,A,-,10,21950,A,M,G,B,B,A,H,-,A,A,0,Y,NA,NA,NA,Y,NA,D,22,0,0,1,0,1,0,0,0,0,-,-,NA,NA,SAN DIEGO,SAN DIEGO,NA,NA
9369993,2021,2022-01-21,3700,2021-12-12,1245,SH2439,NA,7,5,5,3713,0,0,0,NA,0,312,SOUTH MELROSE DR,SUNSET DR,0,NA,Y,A,-,N,NA,NA,NA,NA,NA,NA,NA,NA,NA,Y,4,0,2,2,D,-,00,NA,NA,N,D,C,A,A,H,-,A,A,0,NA,NA,NA,NA,Y,NA,-,-,0,0,2,0,0,0,0,0,0,-,-,NA,NA,SAN DIEGO,VISTA,-117.25369262695313,33.177772521972656
9370025,2021,2022-02-03,3711,2021-12-03,1720,SD7900,NA,5,5,7,3711,0,0,0,NA,0,712,EAST SAN YSIDRO BL,CENTER DR,27,W,N,A,-,N,NA,NA,NA,NA,NA,NA,NA,NA,NA,N,4,0,1,2,A,-,08,22107,NA,N,D,C,A,A,H,-,C,A,0,NA,NA,Y,NA,Y,NA,-,NA,0,0,1,0,0,0,0,0,1,-,-,NA,NA,SAN DIEGO,SAN DIEGO,-117.03994750976563,32.551673889160156
9370361,2021,2021-12-17,3700,2021-11-12,0932,SH0051,NA,5,5,4,3720,0,0,0,NA,0,601,BROADWAY,BROADWAY 7000 BLK,0,NA,-,A,-,N,NA,NA,NA,NA,NA,NA,NA,NA,NA,N,3,0,1,2,A,-,12,21457,A,N,D,C,A,A,H,-,A,B,0,NA,NA,NA,NA,Y,NA,D,22,0,1,0,0,0,0,0,0,0,-,-,NA,NA,SAN DIEGO,LEMON GROVE,-117.01798248291016,32.74675369262695
9372123,2022,2022-06-13,3711,2022-03-30,0212,SD7322,NA,3,5,7,3711,0,0,0,NA,0,713,CUSTOMHOUSE PLZ,OTAY CENTER DR,0,NA,Y,A,-,N,NA,NA,NA,NA,NA,NA,NA,NA,NA,N,4,0,1,3,A,-,08,22107,NA,N,B,E,F,A,H,-,C,A,0,Y,NA,NA,Y,Y,NA,G,25,0,0,1,0,1,0,0,0,0,-,-,NA,NA,SAN DIEGO,SAN DIEGO,-116.94212341308594,32.55173110961914
9372262,2021,2021-11-24,3702,2021-08-31,0750,CV1004,NA,2,5,6,3702,0,0,0,NA,0,011,BROADWAY,FLOWER ST,50,S,N,A,-,N,NA,NA,NA,NA,NA,NA,NA,NA,NA,Y,4,0,1,3,A,-,08,22107,NA,N,B,E,A,A,H,-,A,A,0,NA,NA,NA,NA,Y,NA,A,01,0,0,1,0,0,0,0,0,0,-,-,NA,NA,SAN DIEGO,CHULA VISTA,-117.09410858154295,32.64289093017578
9372447,2021,2021-12-13,3705,2021-10-15,1745,EC0394,NA,5,5,5,3705,0,0,0,NA,0,001,FLETCHER PKWY,N MAGNOLIA AV,0,NA,Y,A,-,N,NA,NA,NA,NA,NA,NA,NA,NA,NA,Y,4,0,1,2,A,-,09,21453,C,N,D,C,A,A,H,-,A,A,0,NA,NA,NA,NA,Y,NA,A,01,0,0,1,0,0,0,0,0,0,-,-,NA,NA,SAN DIEGO,EL CAJON,-116.96436309814452,32.80778884887695
9373247,2021,2021-12-30,3711,2021-11-23,1428,SD6985,NA,2,5,7,3711,0,0,0,NA,0,722,CORONADO AV,GREEN BAY ST,240,E,N,A,-,N,NA,NA,NA,NA,NA,NA,NA,NA,NA,Y,3,0,4,2,A,-,08,22107,NA,N,A,C,A,A,H,-,A,D,0,NA,NA,NA,NA,Y,NA,D,22,0,3,1,0,0,0,0,0,0,-,-,NA,NA,SAN DIEGO,SAN DIEGO,-117.08756256103516,32.576499938964844
9375191,2021,2021-12-17,3711,2021-11-23,1245,SD4691,NA,2,5,7,3711,0,0,0,NA,0,234,BERNARDO PLAZA DR,TOWNE CENTER CIR,0,NA,Y,A,-,N,NA,NA,NA,NA,NA,NA,NA,NA,NA,Y,4,0,2,2,A,-,09,21802,A,N,D,C,A,A,H,-,A,-,0,NA,NA,NA,NA,Y,NA,A,01,0,0,2,0,0,0,0,0,0,-,-,NA,NA,SAN DIEGO,SAN DIEGO,-117.07405090332033,33.020137786865234
9375676,2021,2021-12-30,3702,2021-11-01,0700,CV1133,NA,1,5,6,3702,0,0,0,NA,0,022,3RD AV,L ST,51,S,N,B,-,N,NA,NA,NA,NA,NA,NA,NA,NA,NA,Y,2,0,1,2,A,-,09,21804,A,N,D,C,A,A,H,-,A,A,0,NA,NA,Y,NA,Y,NA,A,01,1,0,0,0,0,0,0,0,1,-,-,NA,NA,SAN DIEGO,CHULA VISTA,-117.0717315673828,32.62046813964844
9375862,2021,2021-12-23,3702,2021-10-23,1138,1363,NA,6,5,6,3702,0,0,0,NA,0,014,4TH AV,E ST,135,N,N,A,-,N,NA,NA,NA,NA,NA,NA,NA,NA,NA,N,4,0,1,2,A,-,08,38314,NA,N,C,-,A,A,H,-,A,D,0,NA,NA,Y,NA,Y,NA,C,02,0,0,1,0,0,0,0,0,1,-,-,NA,NA,SAN DIEGO,CHULA VISTA,-117.08544921875,32.64397430419922
9375985,2021,2021-12-23,3705,2021-10-10,1908,EC0371,NA,7,5,5,3705,0,0,0,NA,0,002,N MOLLISON AV,VALLEY VILLAGE DR,7,E,N,A,-,N,NA,NA,NA,NA,NA,NA,NA,NA,NA,N,3,0,1,2,A,-,11,21966,NA,N,G,B,E,A,H,-,C,D,0,Y,NA,NA,NA,Y,NA,N,60,0,1,0,0,1,0,0,0,0,-,-,NA,NA,SAN DIEGO,EL CAJON,-116.95098114013672,32.80950927734375
93767445,2024,2024-08-07,9650,2024-07-25,2032,021500,NA,4,2,5,3713,0,1,3,NA,2,017,SR-78,SYCAMORE AVE,1935,E,N,A,-,Y,SD,NA,78,NA,NA,9.475,H,NA,R,Y,3,0,3,3,A,-,03,22350,NA,N,C,C,A,A,H,-,D,D,0,NA,NA,NA,NA,Y,NA,A,01,0,2,1,0,0,0,0,0,0,-,-,33.16255187988281,-117.21090698242188,SAN DIEGO,VISTA,-117.21101379394533,33.16249084472656
9380449,2021,2022-01-18,3711,2021-10-28,1000,SD6532,NA,4,5,7,3711,0,0,0,NA,0,242,MIRA MESA BL,GREENFORD DR,0,NA,Y,A,-,N,NA,NA,NA,NA,NA,NA,NA,NA,NA,N,2,0,3,2,A,-,12,21453,A,N,D,C,A,A,H,-,A,A,0,NA,NA,NA,NA,Y,NA,A,01,1,0,2,0,0,0,0,0,0,-,-,NA,NA,SAN DIEGO,SAN DIEGO,-117.13297271728516,32.91387176513672
9380858,2021,2022-01-25,3705,2021-12-20,1055,EC0328,NA,1,5,5,3705,0,0,0,NA,0,003,EAST MAIN ST,MAIN,5,W,N,A,-,N,NA,NA,NA,NA,NA,NA,NA,NA,NA,N,3,0,1,2,A,-,03,22350,NA,N,D,C,A,A,H,-,A,D,0,NA,NA,NA,NA,Y,NA,A,07,0,1,0,0,0,0,0,0,0,-,-,NA,NA,SAN DIEGO,EL CAJON,-116.96234893798828,32.79494857788086
9381321,2022,2022-01-27,3711,2022-01-18,0905,SD5072,NA,2,5,7,3711,0,0,0,NA,0,444,36TH ST,K ST,0,NA,Y,B,-,N,NA,NA,NA,NA,NA,NA,NA,NA,NA,N,4,0,2,2,A,-,09,21801,A,N,D,C,A,A,H,-,A,A,0,NA,NA,NA,NA,Y,NA,A,01,0,0,2,0,0,0,0,0,0,-,-,NA,NA,SAN DIEGO,SAN DIEGO,-117.11701202392578,32.70850372314453
9381625,2022,2022-02-02,3711,2022-01-11,0857,SD1528,NA,2,5,7,3711,0,0,0,NA,0,242,HILLERY DR,BLACK MOUNTAIN RD,0,NA,Y,-,-,N,NA,NA,NA,NA,NA,NA,NA,NA,NA,N,4,0,1,2,A,-,03,22350,NA,N,-,-,A,-,-,-,-,-,0,NA,NA,NA,NA,Y,NA,-,NA,0,0,1,0,0,0,0,0,0,-,-,NA,NA,SAN DIEGO,SAN DIEGO,-117.12441253662108,32.912872314453125
9381627,2022,2022-02-02,3711,2022-01-09,0125,SD7766,NA,7,5,7,3711,0,0,0,NA,0,541,7TH AV,K ST,0,NA,Y,A,-,N,NA,NA,NA,NA,NA,NA,NA,NA,NA,N,4,0,1,2,A,-,10,21950,A,N,G,B,B,A,H,-,C,D,0,Y,NA,NA,NA,Y,Y,A,01,0,0,1,0,1,0,0,0,0,-,-,NA,NA,SAN DIEGO,SAN DIEGO,-117.15827941894533,32.70835876464844
9381658,2022,2022-02-09,3711,2022-01-16,1325,SD7984,NA,7,5,7,3711,0,0,0,NA,0,124,LA JOLLA BL,LA JOLLA BL 6500,100,S,N,B,-,N,NA,NA,NA,NA,NA,NA,NA,NA,NA,Y,4,0,2,2,A,-,22,23123,5,N,C,C,A,A,H,-,A,D,0,NA,NA,NA,NA,Y,NA,A,01,0,0,2,0,0,0,0,0,0,-,-,NA,NA,SAN DIEGO,SAN DIEGO,NA,NA
9382049,2021,2022-02-02,3711,2021-12-17,0835,SD1588,NA,5,5,7,3711,0,0,0,NA,0,324,LAKE APOPKA PL,BLUE LAKE DR,450,N,N,A,-,N,NA,NA,NA,NA,NA,NA,NA,NA,NA,N,4,0,1,2,B,-,22,NA,NA,N,H,C,A,B,H,-,A,D,0,NA,NA,NA,NA,Y,NA,A,01,0,0,1,0,0,0,0,0,0,-,-,NA,NA,SAN DIEGO,SAN DIEGO,-117.00849151611328,32.79291915893555
9383776,2021,2022-01-20,3702,2021-12-03,2048,CV1352,NA,5,5,6,3702,0,0,0,NA,0,022,3RD AV,PALOMAR ST,0,NA,Y,A,-,N,NA,NA,NA,NA,NA,NA,NA,NA,NA,Y,4,0,1,2,A,-,12,21453,A,N,D,C,A,A,H,-,C,A,0,NA,NA,NA,NA,Y,NA,A,01,0,0,1,0,0,0,0,0,0,-,-,NA,NA,SAN DIEGO,CHULA VISTA,-117.06639099121094,32.60680389404297
9384243,2021,2021-12-28,3702,2021-11-05,1833,CV1268,NA,5,5,6,3702,0,0,0,NA,0,024,ORANGE AV,CONNOLEY AV,45,W,N,A,-,N,NA,NA,NA,NA,NA,NA,NA,NA,NA,Y,4,0,2,2,A,-,09,21801,A,N,D,C,A,A,H,-,C,D,0,NA,NA,NA,NA,Y,NA,A,08,0,0,2,0,0,0,0,0,0,-,-,NA,NA,SAN DIEGO,CHULA VISTA,-117.0556411743164,32.60078048706055
9384807,2021,2022-01-26,3711,2021-12-19,1950,SD8334,NA,7,5,7,3711,0,0,0,NA,0,438,REO DR,ALLEGHANY ST,0,NA,Y,A,-,N,NA,NA,NA,NA,NA,NA,NA,NA,NA,Y,4,0,2,2,D,-,00,NA,NA,N,D,C,A,A,H,-,C,A,0,NA,NA,NA,NA,Y,NA,-,-,0,0,2,0,0,0,0,0,0,-,-,NA,NA,SAN DIEGO,SAN DIEGO,-117.06790924072266,32.679107666015625
9385214,2021,2022-01-12,3711,2021-12-27,1950,SD1241,NA,1,5,7,3711,0,0,0,NA,0,621,LINDA VISTA RD,FULTON ST,0,NA,Y,B,-,N,NA,NA,NA,NA,NA,NA,NA,NA,NA,N,4,0,1,2,D,-,00,NA,NA,N,D,C,A,B,H,-,C,A,0,NA,NA,NA,NA,Y,NA,-,-,0,0,1,0,0,0,0,0,0,-,-,NA,NA,SAN DIEGO,SAN DIEGO,-117.16756439208984,32.78994369506836
9385231,2021,2022-01-12,3711,2021-12-22,1408,SD1567,NA,3,5,7,3711,0,0,0,NA,0,712,WEST SAN YSIDRO BL,W SAN YSIDRO BL 500,0,NA,Y,B,-,N,NA,NA,NA,NA,NA,NA,NA,NA,NA,N,4,0,1,2,A,-,21,22106,NA,N,B,C,A,A,H,-,A,D,0,NA,NA,NA,NA,Y,NA,A,01,0,0,1,0,0,0,0,0,0,-,-,NA,NA,SAN DIEGO,SAN DIEGO,-117.04412841796876,32.55225372314453
9388040,2021,2022-01-12,3705,2021-12-10,1300,EC0383,NA,5,5,5,3705,0,0,0,NA,0,001,WAGNER DR,N PIERCE ST,0,NA,Y,A,-,N,NA,NA,NA,NA,NA,NA,NA,NA,NA,Y,4,0,2,2,A,-,12,22450,A,N,D,C,A,A,H,-,A,D,0,NA,NA,NA,NA,Y,NA,A,01,0,0,2,0,0,0,0,0,0,-,-,NA,NA,SAN DIEGO,EL CAJON,-116.97750091552734,32.80229187011719
9388680,2021,2022-01-14,3710,2021-12-02,1255,OC1464,NA,4,5,6,3710,0,0,0,NA,0,011,OCEANSIDE BL,COMMERCE ST,400,E,N,A,-,N,NA,NA,NA,NA,NA,NA,NA,NA,NA,Y,4,0,1,2,A,-,03,22350,NA,N,D,C,A,A,H,-,A,A,0,NA,NA,Y,NA,Y,NA,C,02,0,0,1,0,0,0,0,0,1,-,-,NA,NA,SAN DIEGO,OCEANSIDE,-117.36009979248048,33.191673278808594
9389374,2022,2022-01-27,3711,2022-01-04,1230,SD5454,NA,2,5,7,3711,0,0,0,NA,0,831,44TH ST,44TH ST 4200,0,NA,Y,A,-,N,NA,NA,NA,NA,NA,NA,NA,NA,NA,N,3,0,1,2,A,-,11,21954,A,N,G,B,D,A,H,-,A,-,0,Y,NA,NA,NA,Y,NA,N,60,0,1,0,0,1,0,0,0,0,-,-,NA,NA,SAN DIEGO,SAN DIEGO,NA,NA
9389780,2021,2022-01-14,3711,2021-12-06,1526,SD7932,NA,1,5,7,3711,0,0,0,NA,0,326,MONTEZUMA VALLEY RD,CAMPANILE DR,50,W,N,A,-,N,NA,NA,NA,NA,NA,NA,NA,NA,NA,N,3,0,1,1,A,-,-,NA,NA,N,H,A,A,A,H,-,A,D,0,NA,NA,Y,NA,Y,NA,C,02,0,1,0,0,0,0,0,0,1,-,-,NA,NA,SAN DIEGO,SAN DIEGO,-117.07208251953124,32.77070999145508
9389783,2021,2022-01-14,3711,2021-12-06,1733,SD1574,NA,1,5,7,3711,0,0,0,NA,0,529,6TH AV,LAUREL ST,0,NA,Y,A,-,N,NA,NA,NA,NA,NA,NA,NA,NA,NA,N,2,0,1,2,A,-,10,21950,A,N,G,B,B,A,H,-,C,A,0,Y,NA,NA,NA,Y,NA,A,01,1,0,0,0,1,0,0,0,0,-,-,NA,NA,SAN DIEGO,SAN DIEGO,-117.15943145751952,32.731388092041016
9390543,2021,2022-01-25,3700,2021-10-13,0731,SH4121,NA,3,5,5,3781,0,0,0,NA,0,516,MISSION GORGE RD,RANCHO FANITA DR,0,NA,Y,A,-,N,NA,NA,NA,NA,NA,NA,NA,NA,NA,N,4,0,1,2,A,-,12,21453,A,N,B,C,A,A,H,-,A,A,0,NA,NA,NA,NA,Y,NA,A,01,0,0,1,0,0,0,0,0,0,-,-,NA,NA,SAN DIEGO,SANTEE,-117.02521514892578,32.836734771728516
9390613,2021,2022-02-22,3700,2021-11-11,1200,SH2001,NA,4,5,5,3781,0,0,0,NA,0,509,MAST BL,MEDINA DR,0,NA,Y,A,-,N,NA,NA,NA,NA,NA,NA,NA,NA,NA,Y,4,0,2,2,A,-,12,21453,A,N,D,C,A,A,H,-,A,A,0,NA,NA,NA,NA,Y,NA,A,07,0,0,2,0,0,0,0,0,0,-,-,NA,NA,SAN DIEGO,SANTEE,-117.01083374023438,32.84973907470703
9391089,2022,2022-02-09,3711,2022-01-12,0830,SD7335,NA,3,5,7,3711,0,0,0,NA,0,126,NORTH TORREY PINES RD,MUIR COLLEGE DR,448,S,N,A,-,N,NA,NA,NA,NA,NA,NA,NA,NA,NA,Y,3,0,1,1,A,-,08,22107,NA,N,E,I,A,A,H,-,A,A,0,NA,NA,NA,NA,Y,NA,D,22,0,1,0,0,0,0,0,0,0,-,-,NA,NA,SAN DIEGO,SAN DIEGO,-117.24381256103516,32.87982177734375
9391861,2021,2022-01-24,3711,2021-12-22,1440,SD1310,NA,3,5,7,3711,0,0,0,NA,0,626,STEPHENS ST,W LEWIS ST,143,S,N,B,-,N,NA,NA,NA,NA,NA,NA,NA,NA,NA,N,4,0,1,2,A,-,08,22107,NA,M,C,E,A,A,H,-,A,D,0,NA,NA,NA,NA,Y,NA,-,99,0,0,1,0,0,0,0,0,0,-,-,NA,NA,SAN DIEGO,SAN DIEGO,-117.17855834960938,32.75136947631836
9395559,2022,2022-01-28,3700,2022-01-14,1516,SH3905,NA,5,5,5,3712,0,0,0,NA,0,359,WEST SAN MARCOS BL,VIA VERA CRUZ,175,W,N,A,-,N,NA,NA,NA,NA,NA,NA,NA,NA,NA,Y,4,0,1,3,A,-,03,22350,NA,N,C,C,A,A,H,-,A,A,0,NA,NA,NA,NA,Y,NA,A,01,0,0,1,0,0,0,0,0,0,-,-,NA,NA,SAN DIEGO,SAN MARCOS,-117.18851470947266,33.13470458984375
9395904,2021,2022-02-07,3710,2021-12-29,1815,OC1515,NA,3,5,6,3710,0,0,0,NA,0,009,SOUTH COAST HWY,GODFREY ST,375,S,N,C,-,N,NA,NA,NA,NA,NA,NA,NA,NA,NA,N,4,0,1,2,A,-,03,22350,NA,N,C,C,A,B,H,-,C,D,0,NA,NA,NA,NA,Y,NA,E,22,0,0,1,0,0,0,0,0,0,-,-,NA,NA,SAN DIEGO,OCEANSIDE,-117.36783599853516,33.181915283203125
9395930,2022,2022-02-03,3711,2022-01-20,2132,SD1608,NA,4,5,7,3711,0,0,0,NA,0,838,UNIVERSITY AV,39TH ST,0,NA,Y,A,-,N,NA,NA,NA,NA,NA,NA,NA,NA,NA,N,3,0,1,2,A,-,05,21650,1,N,G,E,A,A,H,-,C,A,0,NA,Y,NA,NA,Y,NA,L,04,0,1,0,0,0,0,1,0,0,-,-,NA,NA,SAN DIEGO,SAN DIEGO,-117.11064910888672,32.74968719482422
9396218,2021,2022-02-04,3710,2021-12-27,1203,OC1510,NA,1,5,6,3710,0,0,0,NA,0,025,RANCHO DEL ORO DR,SEAGATE WY,0,NA,Y,A,-,N,NA,NA,NA,NA,NA,NA,NA,NA,NA,N,4,0,1,2,A,-,09,21801,A,N,D,C,A,A,H,-,A,D,0,NA,NA,NA,NA,Y,NA,A,01,0,0,1,0,0,0,0,0,0,-,-,NA,NA,SAN DIEGO,OCEANSIDE,-117.31167602539063,33.20719909667969