CASE_ID,ACCIDENT_YEAR,PROC_DATE,JURIS,COLLISION_DATE,COLLISION_TIME,OFFICER_ID,REPORTING_DISTRICT,DAY_OF_WEEK,CHP_SHIFT,POPULATION,CNTY_CITY_LOC,SPECIAL_COND,BEAT_TYPE,CHP_BEAT_TYPE,CITY_DIVISION_LAPD,CHP_BEAT_CLASS,BEAT_NUMBER,PRIMARY_RD,SECONDARY_RD,DISTANCE,DIRECTION,INTERSECTION,WEATHER_1,WEATHER_2,STATE_HWY_IND,CALTRANS_COUNTY,CALTRANS_DISTRICT,STATE_ROUTE,ROUTE_SUFFIX,POSTMILE_PREFIX,POSTMILE,LOCATION_TYPE,RAMP_INTERSECTION,SIDE_OF_HWY,TOW_AWAY,COLLISION_SEVERITY,NUMBER_KILLED,NUMBER_INJURED,PARTY_COUNT,PRIMARY_COLL_FACTOR,PCF_CODE_OF_VIOL,PCF_VIOL_CATEGORY,PCF_VIOLATION,PCF_VIOL_SUBSECTION,HIT_AND_RUN,TYPE_OF_COLLISION,MVIW,PED_ACTION,ROAD_SURFACE,ROAD_COND_1,ROAD_COND_2,LIGHTING,CONTROL_DEVICE,CHP_ROAD_TYPE,PEDESTRIAN_ACCIDENT,BICYCLE_ACCIDENT,MOTORCYCLE_ACCIDENT,TRUCK_ACCIDENT,NOT_PRIVATE_PROPERTY,ALCOHOL_INVOLVED,STWD_VEHTYPE_AT_FAULT,CHP_VEHTYPE_AT_FAULT,COUNT_SEVERE_INJ,COUNT_VISIBLE_INJ,COUNT_COMPLAINT_PAIN,COUNT_PED_KILLED,COUNT_PED_INJURED,COUNT_BICYCLIST_KILLED,COUNT_BICYCLIST_INJURED,COUNT_MC_KILLED,COUNT_MC_INJURED,PRIMARY_RAMP,SECONDARY_RAMP,LATITUDE,LONGITUDE,COUNTY,CITY,POINT_X,POINT_Y
94368016,2024,2024-08-23,9645,2024-08-21,630,023910,NA,3,1,7,3711,0,1,3,NA,2,002,SR-905 EB,PICADOR BLVD,1162,E,N,A,-,Y,SD,NA,905,NA,NA,4.711,H,NA,R,Y,3,0,1,2,A,-,08,22107,NA,N,A,C,A,A,H,-,A,D,0,NA,NA,NA,NA,Y,NA,A,07,0,1,0,0,0,0,0,0,0,-,-,32.56806182861328,-117.04833221435548,SAN DIEGO,SAN DIEGO,-117.04833221435548,32.5681037902832
94368716,2024,2024-08-26,9650,2024-08-06,1500,017828,NA,2,2,9,3700,0,1,1,NA,2,005,I-5 S/B,NEPTUNE WAY,528,N,N,A,-,Y,SD,NA,5,NA,R,53.857,H,NA,R,Y,2,0,1,2,A,-,03,22350,NA,N,C,C,A,A,H,-,A,D,0,NA,NA,Y,NA,Y,NA,C,02,1,0,0,0,0,0,0,0,1,-,-,33.20420837402344,-117.38208770751952,SAN DIEGO,UNINCORPORATED,-117.38213348388672,33.20416259765625
94370131,2024,2024-08-26,9680,2024-08-18,1640,021501,NA,7,2,9,3700,0,3,5,NA,2,007,GREAT SOUTHERN OVERLAND STAGE ROUTE,AGUA CALIENTE HOT SPRINGS ROAD,10560,S,N,A,-,N,NA,NA,NA,NA,NA,NA,NA,NA,NA,Y,3,0,1,1,A,-,08,22107,NA,N,F,A,A,A,H,-,A,D,0,NA,NA,NA,NA,Y,NA,A,01,0,1,0,0,0,0,0,0,0,-,-,32.9423713684082,-116.27474975585938,SAN DIEGO,UNINCORPORATED,NA,NA
94370215,2023,2024-08-26,9645,2023-12-19,310,021617,NA,2,3,7,3711,0,1,1,NA,2,001,INTERSTATE 5 NORTHBOUND,DAIRY MART ROAD,1986,S,N,A,-,Y,SD,NA,5,NA,NA,1.924,H,NA,R,Y,1,1,0,2,A,-,11,21954,A,N,G,B,E,A,H,-,C,D,0,Y,NA,NA,NA,Y,NA,N,60,0,0,0,1,0,0,0,0,0,-,-,32.55619812011719,-117.056396484375,SAN DIEGO,SAN DIEGO,-117.05642700195313,32.556156158447266
94372219,2024,2024-08-27,9650,2024-08-19,705,017328,NA,1,1,9,3700,0,3,5,NA,2,006,FALLBROOK ST.,ELBROOK DR.,0,NA,Y,A,-,N,NA,NA,NA,NA,NA,NA,NA,NA,NA,Y,4,0,1,3,A,-,09,21801,A,N,A,C,A,A,H,-,A,D,0,NA,NA,NA,NA,Y,NA,A,01,0,0,1,0,0,0,0,0,0,-,-,33.376590728759766,-117.24713134765624,SAN DIEGO,UNINCORPORATED,-117.24707794189452,33.37657165527344
94373184,2024,2024-08-28,9645,2024-08-12,1410,022512,NA,1,2,5,3709,0,1,1,NA,2,001,INTERSTATE 5 NORTHBOUND,MAIN STREET,500,S,N,A,-,Y,SD,NA,5,NA,R,11.591,H,NA,R,N,4,0,1,2,A,-,08,22107,NA,F,C,C,A,A,H,-,A,D,0,NA,NA,NA,NA,Y,NA,-,99,0,0,1,0,0,0,0,0,0,-,-,32.68119812011719,-117.11051177978516,SAN DIEGO,NATIONAL CITY,-117.11054229736328,32.681190490722656
94373625,2024,2024-08-28,9680,2024-06-25,2145,023102,NA,2,2,4,3720,0,1,3,NA,2,027,SR-94 E/B,LEMON GROVE AVE,1320,W,N,A,-,Y,SD,NA,94,NA,NA,8.727,H,NA,R,N,4,0,1,2,A,-,01,23152,A,N,C,C,A,A,H,-,D,D,0,NA,NA,NA,NA,Y,Y,D,22,0,0,1,0,0,0,0,0,0,-,-,32.74510955810547,-117.03524017333984,SAN DIEGO,LEMON GROVE,-117.03526306152344,32.745182037353516
94377663,2024,2024-08-30,9680,2024-05-19,2045,017401,NA,7,2,9,3700,0,1,3,NA,1,051,SR-79,MILK RANCH RD.,1320,S,N,A,-,Y,SD,NA,79,NA,NA,10.591,H,NA,R,N,3,0,1,2,A,-,11,21954,A,N,G,B,D,A,H,-,D,D,0,Y,NA,NA,NA,Y,NA,N,60,0,1,0,0,1,0,0,0,0,-,-,32.976558685302734,-116.57964324951172,SAN DIEGO,UNINCORPORATED,-116.57964324951172,32.97654724121094
94378978,2024,2024-09-03,9645,2024-08-22,1824,023659,NA,4,2,7,3711,0,1,1,NA,2,010,INTERSTATE 8 EB,INTERSTATE 15,2640,E,N,A,-,Y,SD,NA,8,NA,NA,2.946,H,NA,R,N,4,0,1,3,A,-,07,21658,NA,N,C,C,A,D,H,-,A,D,0,NA,NA,NA,NA,Y,NA,A,07,0,0,1,0,0,0,0,0,0,-,-,32.76517105102539,-117.15534973144533,SAN DIEGO,SAN DIEGO,-117.1552734375,32.764957427978516
94380115,2024,2024-09-03,9645,2024-08-20,430,023901,NA,2,3,7,3711,0,1,1,NA,2,005,I-5 NORTHBOUND,WASHINGTON STREET,300,S,N,A,-,Y,SD,NA,5,NA,R,18.232,H,NA,R,Y,4,0,1,1,A,-,08,22107,NA,N,A,I,A,A,H,-,C,D,0,NA,NA,NA,NA,Y,NA,A,01,0,0,1,0,0,0,0,0,0,-,-,32.74222183227539,-117.18118286132813,SAN DIEGO,SAN DIEGO,-117.18130493164063,32.74205017089844
94382481,2024,2024-09-05,9645,2024-08-29,1505,018678,NA,4,2,7,3711,0,1,3,NA,2,025,SR-163 (S/B),BALBOA AVENUE O/C,1800,S,N,A,-,Y,SD,NA,163,NA,NA,7.647,H,NA,L,Y,4,0,1,2,A,-,03,22350,NA,N,C,C,A,A,H,-,A,D,0,NA,NA,NA,NA,Y,Y,D,22,0,0,1,0,0,0,0,0,0,-,-,32.817108154296875,-117.14954376220705,SAN DIEGO,SAN DIEGO,-117.1494369506836,32.81707000732422
9438249,2022,2022-06-01,3711,2022-04-29,1800,SD7997,NA,5,5,7,3711,0,0,0,NA,0,524,C ST,8TH AV,0,NA,Y,A,-,N,NA,NA,NA,NA,NA,NA,NA,NA,NA,N,3,0,1,2,A,-,11,21456,B,N,G,G,B,A,H,-,B,A,0,Y,Y,NA,NA,Y,NA,N,60,0,1,0,0,0,0,1,0,0,-,-,NA,NA,SAN DIEGO,SAN DIEGO,-117.1574249267578,32.716773986816406
94386366,2024,2025-04-08,9650,2024-08-16,1500,021651,NA,5,2,7,3711,0,1,1,NA,2,007,I-5 S/B,VIA DE LA VALLE U/C,2640,N,N,A,-,Y,SD,NA,5,NA,R,36.698,H,NA,L,N,4,0,2,2,D,-,00,NA,NA,N,B,C,A,A,H,-,A,D,0,NA,NA,NA,NA,Y,NA,-,-,0,0,2,0,0,0,0,0,0,-,-,32.9858512878418,-117.25521087646484,SAN DIEGO,SAN DIEGO,-117.25516510009766,32.98585510253906
94386486,2024,2024-09-09,9645,2024-09-01,1905,022765,NA,7,2,7,3711,0,1,1,NA,2,013,I-805 S/B,MESA COLLEGE DR,2450,S,N,B,-,Y,SD,NA,805,NA,NA,19.748,H,NA,L,N,3,0,1,1,A,-,03,22350,NA,N,F,I,A,A,H,-,C,D,0,NA,NA,Y,NA,Y,NA,C,02,0,1,0,0,0,0,0,0,1,-,-,32.79690933227539,-117.14964294433594,SAN DIEGO,SAN DIEGO,-117.14968872070313,32.796913146972656
94386593,2024,2024-09-09,9645,2024-08-28,1720,021231,NA,3,2,7,3711,0,1,1,NA,2,013,I-805 S/B,MURRAY RIDGE RD.,500,S,N,A,-,Y,SD,NA,805,NA,NA,18.838,H,NA,L,N,4,0,1,3,A,-,08,22107,NA,F,C,C,A,A,H,-,A,D,0,NA,NA,Y,NA,Y,NA,-,99,0,0,1,0,0,0,0,0,1,-,-,32.78499984741211,-117.14485931396484,SAN DIEGO,SAN DIEGO,-117.14488220214844,32.78497314453125
94386832,2024,2024-09-09,9650,2024-08-29,1425,021992,NA,4,2,9,3700,0,3,5,NA,2,191,HARMONY GROVE RD,WILGEN RD,528,S,N,A,-,N,NA,NA,NA,NA,NA,NA,NA,NA,NA,N,3,0,1,1,A,-,08,22107,NA,N,E,I,A,A,H,-,A,D,0,NA,NA,NA,NA,Y,NA,A,01,0,1,0,0,0,0,0,0,0,-,-,33.097999572753906,-117.13816833496094,SAN DIEGO,UNINCORPORATED,-117.13805389404295,33.09819030761719
94394324,2024,2024-09-16,9650,2024-09-02,2043,021463,NA,1,2,9,3700,0,3,5,NA,2,006,S. MISSION ROAD,HELLERS BEND,138,N,N,A,-,N,NA,NA,NA,NA,NA,NA,NA,NA,NA,Y,3,0,1,1,A,-,03,22350,NA,N,F,A,A,A,H,-,D,D,0,NA,NA,Y,NA,Y,NA,C,02,0,1,0,0,0,0,0,0,1,-,-,33.32400131225586,-117.23503875732422,SAN DIEGO,UNINCORPORATED,-117.2350845336914,33.323974609375
94395009,2024,2024-09-16,9645,2024-09-04,2152,022552,NA,3,2,7,3711,0,1,1,NA,2,009,I-805 S/B,E SAN YSIDRO BLVD.,1065,S,N,A,-,Y,SD,NA,805,NA,NA,0.448,H,NA,L,N,2,0,2,1,A,-,08,22107,NA,N,E,I,A,A,H,-,C,D,0,NA,NA,NA,NA,Y,Y,A,01,2,0,0,0,0,0,0,0,0,-,-,32.54909133911133,-117.04010009765624,SAN DIEGO,SAN DIEGO,-117.0402374267578,32.549007415771484
94395012,2024,2024-09-16,9650,2024-09-04,600,019270,NA,3,1,9,3700,0,1,1,NA,2,021,I-15 N/B,GOPHER CANYON RD,3432,N,N,A,-,Y,SD,NA,15,NA,R,41.51,H,NA,R,Y,3,0,1,2,A,-,01,23152,A,N,C,A,A,A,H,-,A,D,0,NA,NA,NA,NA,Y,NA,-,-,0,1,0,0,0,0,0,0,0,-,-,33.26200866699219,-117.15840911865234,SAN DIEGO,UNINCORPORATED,-117.1584930419922,33.26200485229492
94395689,2024,2024-09-16,9645,2024-09-04,700,020161,NA,3,1,5,3709,0,1,1,NA,2,001,I-5 N/B,E 8TH STREET,1180,N,N,A,-,Y,SD,NA,5,NA,R,11.399,H,NA,R,N,3,0,1,1,A,-,03,22350,NA,N,F,A,A,A,H,-,A,D,0,NA,NA,Y,NA,Y,NA,C,02,0,1,0,0,0,0,0,0,1,-,-,32.67858123779297,-117.1095962524414,SAN DIEGO,NATIONAL CITY,-117.10953521728516,32.67859649658203
94400335,2024,2024-09-19,9645,2024-09-11,1620,022765,NA,3,2,7,3711,0,1,1,NA,2,009,I-805 NORTHBOUND,PALM AVENUE,1320,N,N,A,-,Y,SD,NA,805,NA,NA,3.213,H,NA,R,N,3,0,2,3,A,-,03,22350,NA,N,C,C,A,A,H,-,A,D,0,NA,NA,NA,NA,Y,NA,-,-,0,2,0,0,0,0,0,0,0,-,-,32.58829879760742,-117.0360870361328,SAN DIEGO,SAN DIEGO,-117.03621673583984,32.58830261230469
94400899,2024,2024-09-19,9680,2024-09-12,1615,023846,NA,4,2,9,3700,0,2,4,NA,1,014,WINTER GARDENS BOULEVARD,WOODSIDE AVENUE,528,S,N,A,-,N,NA,NA,NA,NA,NA,NA,NA,NA,NA,Y,4,0,1,2,A,-,09,21804,A,N,B,C,A,A,H,-,A,A,0,NA,NA,NA,NA,Y,NA,A,07,0,0,1,0,0,0,0,0,0,-,-,32.853851318359375,-116.93116760253906,SAN DIEGO,UNINCORPORATED,-116.93112182617188,32.8546142578125
94402353,2024,2024-09-20,9645,2024-09-16,546,023617,NA,1,3,7,3711,0,3,5,NA,2,018,BRIARWOOD RD. NB,ROBINWOOD RD.,50,S,N,A,-,N,NA,NA,NA,NA,NA,NA,NA,NA,NA,N,4,0,1,2,A,-,03,22350,NA,N,C,C,A,A,H,-,A,D,0,NA,NA,NA,NA,Y,NA,A,01,0,0,1,0,0,0,0,0,0,-,-,32.68067932128906,-117.0288314819336,SAN DIEGO,SAN DIEGO,-117.02915954589844,32.68068313598633
9440464,2022,2022-05-26,3711,2022-04-18,0843,SD1668,NA,1,5,7,3711,0,0,0,NA,0,623,HOTEL CIR N,RT 8,0,NA,Y,A,-,Y,SD,11,8,-,-,1.049,R,4,W,Y,4,0,1,1,A,-,07,21658,A,N,E,I,A,A,H,-,D,D,0,NA,NA,NA,NA,Y,Y,A,01,0,0,1,0,0,0,0,0,0,-,WO,NA,NA,SAN DIEGO,SAN DIEGO,-117.18655395507813,32.759727478027344
9440479,2022,2022-05-18,3711,2022-04-16,2022,SD7577,NA,6,5,7,3711,0,0,0,NA,0,521,B ST,16TH ST,0,NA,Y,B,-,N,NA,NA,NA,NA,NA,NA,NA,NA,NA,Y,4,0,2,3,A,-,05,21651,A,N,D,C,A,A,H,-,C,A,0,NA,NA,NA,NA,Y,NA,A,01,0,0,2,0,0,0,0,0,0,-,-,NA,NA,SAN DIEGO,SAN DIEGO,-117.14955139160156,32.71784210205078
9440501,2022,2022-05-26,3711,2022-04-17,1138,SD8334,NA,7,5,7,3711,0,0,0,NA,0,436,SOUTH MEADOWBROOK DR,BROOKHAVEN RD,0,NA,Y,A,-,N,NA,NA,NA,NA,NA,NA,NA,NA,NA,N,3,0,1,2,D,-,00,NA,NA,N,D,C,A,A,H,-,A,A,0,NA,NA,NA,NA,Y,NA,-,-,0,1,0,0,0,0,0,0,0,-,-,NA,NA,SAN DIEGO,SAN DIEGO,-117.02970123291016,32.69987869262695
94410868,2024,2024-09-27,9645,2024-09-24,830,015676,NA,2,1,7,3711,0,1,1,NA,2,005,I-8 W/B,COLLEGE AVENUE,1000,W,N,A,-,Y,SD,NA,8,NA,NA,8.007,H,NA,L,Y,4,0,1,2,A,-,03,22350,NA,N,C,C,A,A,H,-,A,D,0,NA,NA,NA,NA,Y,NA,A,01,0,0,1,0,0,0,0,0,0,-,-,32.7793083190918,-117.07196044921876,SAN DIEGO,SAN DIEGO,-117.07196044921876,32.779361724853516
9441171,2022,2022-05-17,3709,2022-03-14,0809,NC0538,NA,1,5,5,3709,0,0,0,NA,0,020,W 17TH ST,WILSON AV,0,NA,Y,A,-,N,NA,NA,NA,NA,NA,NA,NA,NA,NA,N,4,0,1,2,A,-,10,21963,NA,N,G,B,B,A,H,-,A,D,0,Y,NA,NA,NA,Y,NA,A,08,0,0,1,0,1,0,0,0,0,-,-,NA,NA,SAN DIEGO,NATIONAL CITY,-117.10906982421876,32.66664123535156
9441202,2022,2022-05-19,3711,2022-04-07,2109,SD7322,NA,4,5,7,3711,0,0,0,NA,0,523,MARKET ST,5TH AV,87,E,N,A,-,N,NA,NA,NA,NA,NA,NA,NA,NA,NA,N,2,0,1,3,A,-,08,22107,NA,N,G,B,E,A,H,-,C,A,0,Y,NA,NA,NA,Y,NA,A,07,1,0,0,0,1,0,0,0,0,-,-,NA,NA,SAN DIEGO,SAN DIEGO,-117.1598663330078,32.71150207519531
9441217,2022,2022-05-19,3711,2022-04-30,1832,SD6946,NA,6,5,7,3711,0,0,0,NA,0,122,MISSION BAY DR,MISSION BAY DR 4700,0,NA,-,-,-,N,NA,NA,NA,NA,NA,NA,NA,NA,NA,N,4,0,2,2,D,-,00,NA,NA,M,C,C,A,-,-,-,-,D,0,NA,NA,NA,NA,Y,NA,-,-,0,0,2,0,0,0,0,0,0,-,-,NA,NA,SAN DIEGO,SAN DIEGO,-117.21102905273438,32.79828643798828
9441248,2022,2022-05-25,3711,2022-05-05,0030,SD1068,NA,4,5,7,3711,0,0,0,NA,0,832,UNIVERISTY AV,VAN DYKE AV,5,E,N,A,-,N,NA,NA,NA,NA,NA,NA,NA,NA,NA,Y,3,0,2,3,A,-,10,21950,A,N,G,B,B,A,H,-,C,A,0,Y,NA,NA,NA,Y,NA,A,01,0,2,0,0,2,0,0,0,0,-,-,NA,NA,SAN DIEGO,SAN DIEGO,-117.10318756103516,32.74966049194336
9441425,2022,2022-05-27,3711,2022-05-06,0947,SD1488,NA,5,5,7,3711,0,0,0,NA,0,313,CONVOY ST,RONSON RD,0,NA,Y,A,-,N,NA,NA,NA,NA,NA,NA,NA,NA,NA,Y,4,0,1,3,A,-,08,22107,NA,N,B,E,A,A,H,-,C,D,0,NA,NA,NA,NA,Y,NA,A,01,0,0,1,0,0,0,0,0,0,-,-,NA,NA,SAN DIEGO,SAN DIEGO,-117.15325927734376,32.82904815673828
94417893,2024,2024-10-03,9645,2024-09-28,1518,023088,NA,6,2,7,3711,0,1,1,NA,2,015,INTERSTATE 805 SOUTHBOUND,STATE ROUTE 52,2463,N,N,A,-,Y,SD,NA,805,NA,NA,24.136,H,NA,L,Y,2,0,1,2,A,-,07,21658,A,N,C,C,A,A,H,-,A,D,0,NA,NA,Y,NA,Y,NA,A,01,1,0,0,0,0,0,0,0,1,-,-,32.85377883911133,-117.18212127685548,SAN DIEGO,SAN DIEGO,-117.18209838867188,32.85378646850586
94422073,2024,2024-10-07,9645,2024-09-23,1555,022479,NA,1,2,7,3711,0,1,1,NA,2,021,SR-15 S/B,ADAMS AVENUE,990,N,N,A,-,Y,SD,NA,15,NA,M,5.794,H,NA,L,Y,4,0,1,3,A,-,03,22350,NA,N,C,C,A,A,H,-,A,D,0,NA,NA,NA,NA,Y,NA,A,01,0,0,1,0,0,0,0,0,0,-,-,32.7659797668457,-117.11033630371094,SAN DIEGO,SAN DIEGO,-117.11042022705078,32.76594924926758
94424354,2024,2024-10-09,9650,2024-09-10,200,021263,NA,2,3,9,3700,0,3,5,NA,2,190,NORDAHL ROAD,ANKA LANE,95,S,N,A,-,N,NA,NA,NA,NA,NA,NA,NA,NA,NA,N,2,0,1,1,A,-,01,23152,A,N,E,I,A,A,H,-,D,D,0,NA,NA,NA,NA,Y,Y,A,07,1,0,0,0,0,0,0,0,0,-,-,33.14289093017578,-117.11116027832033,SAN DIEGO,UNINCORPORATED,-117.11114501953124,33.14291000366211
94426823,2024,2024-10-10,9645,2024-09-30,1535,017499,NA,1,2,7,3711,0,1,1,NA,2,009,I-805 SOUTHBOUND,47TH ST. UC,200,N,N,A,-,Y,SD,NA,805,NA,NA,11.488,H,NA,L,Y,4,0,1,2,A,-,03,22350,NA,F,C,C,A,A,H,-,A,D,0,NA,NA,Y,NA,Y,NA,A,01,0,0,1,0,0,0,0,0,1,-,-,32.6917610168457,-117.09493255615234,SAN DIEGO,SAN DIEGO,-117.0950164794922,32.69174575805664
94427645,2024,2024-10-11,9645,2024-10-09,1203,016138,NA,3,1,7,3711,0,1,1,NA,2,005,I-5 NORTHBOUND,SR-52 FREEWAY,5280,S,N,A,-,Y,SD,NA,5,NA,R,25.014,H,NA,R,Y,3,0,3,2,A,-,08,22107,NA,N,A,C,A,A,H,-,A,D,0,NA,NA,NA,NA,Y,NA,A,01,0,2,1,0,0,0,0,0,0,-,-,32.82453155517578,-117.23133850097656,SAN DIEGO,SAN DIEGO,-117.23125457763672,32.8245735168457
94429456,2024,2024-10-14,9645,2024-09-13,1257,023850,NA,5,1,7,3711,0,1,3,NA,2,008,SR-54 E/B,SWEETWATER ROAD,1954,W,N,A,-,Y,SD,NA,54,NA,NA,1.916,H,NA,R,Y,2,0,1,1,A,-,03,22350,NA,N,E,I,A,A,H,-,A,D,0,NA,NA,Y,NA,Y,NA,C,02,1,0,0,0,0,0,0,0,1,-,-,32.6581916809082,-117.07372283935548,SAN DIEGO,SAN DIEGO,-117.07374572753906,32.658287048339844
94429801,2024,2024-10-14,9645,2024-10-07,646,017473,NA,1,1,7,3711,0,1,3,NA,2,006,SR-94 W/B,EUCLID AVE.,50,E,N,A,-,Y,SD,NA,94,NA,NA,5.18,H,NA,L,Y,3,0,1,1,A,-,03,22350,NA,N,F,A,A,A,H,-,A,D,0,NA,NA,Y,NA,Y,NA,C,02,0,1,0,0,0,0,0,0,1,-,-,32.718299865722656,-117.08432006835938,SAN DIEGO,SAN DIEGO,-117.08431243896484,32.71828079223633
94429949,2024,2024-10-14,9650,2024-08-18,1211,022739,NA,7,1,9,3700,0,3,5,NA,1,212,COLE GRADE ROAD,FRUITVALE ROAD,0,NA,Y,A,-,N,NA,NA,NA,NA,NA,NA,NA,NA,NA,N,4,0,1,3,A,-,12,21453,A,F,D,C,A,A,H,-,A,A,0,NA,NA,NA,NA,Y,NA,A,01,0,0,1,0,0,0,0,0,0,-,-,33.24089050292969,-117.023681640625,SAN DIEGO,UNINCORPORATED,-117.0237045288086,33.24088668823242
94430486,2024,2024-10-14,9645,2024-10-12,850,020161,NA,6,1,7,3711,0,1,1,NA,2,021,SR-15 N/B TO SR-94 W/B,SR-94,230,N,N,A,-,Y,SD,NA,15,NA,NA,2.305,H,NA,R,N,4,0,1,1,A,-,08,22107,NA,N,F,A,A,A,H,-,A,D,0,NA,NA,Y,NA,Y,NA,C,02,0,0,1,0,0,0,0,0,1,-,-,32.71797180175781,-117.11768341064452,SAN DIEGO,SAN DIEGO,-117.11784362792967,32.71798324584961
94432798,2024,2024-10-16,9650,2024-10-03,1645,019652,NA,4,2,7,3711,0,1,3,NA,2,019,SR-78 W/B,RANCHO SANTA FE RD,1100,W,N,A,-,Y,SD,NA,78,NA,NA,9.742,H,NA,L,N,2,0,1,3,A,-,03,22350,NA,N,B,C,A,A,H,-,A,D,0,NA,NA,Y,NA,Y,NA,C,02,1,0,0,0,0,0,0,0,1,-,-,33.15945053100586,-117.20832061767578,SAN DIEGO,SAN DIEGO,-117.20828247070313,33.15946960449219
94435015,2024,2024-10-17,9680,2024-10-06,2040,023332,NA,7,2,9,3700,0,3,5,NA,2,002,TROY STREET,SWEETWATER ROAD,40,W,N,A,-,N,NA,NA,NA,NA,NA,NA,NA,NA,NA,N,4,0,1,2,A,-,08,22107,NA,F,B,C,A,A,H,-,C,A,0,NA,NA,NA,NA,Y,NA,-,99,0,0,1,0,0,0,0,0,0,-,-,32.73667907714844,-117.01476287841795,SAN DIEGO,UNINCORPORATED,-117.0146026611328,32.73667907714844
94436110,2024,2024-10-18,9650,2024-10-16,835,019652,NA,3,1,9,3700,0,1,3,NA,1,028,WOODS VALLEY RD,OAKMONT RD,100,E,N,B,-,N,NA,NA,NA,NA,NA,NA,NA,NA,NA,N,4,0,1,2,A,-,03,22350,NA,N,C,C,A,A,H,-,A,D,0,NA,NA,NA,NA,Y,NA,D,22,0,0,1,0,0,0,0,0,0,-,-,33.20709991455078,-117.0290985107422,SAN DIEGO,UNINCORPORATED,-117.03001403808594,33.20680618286133
9443647,2022,2022-05-12,3711,2022-04-19,1212,SD7261,NA,2,5,7,3711,0,0,0,NA,0,311,MURPHY CANYON RD,MURPHY CANYON RD 3700,0,NA,Y,A,-,N,NA,NA,NA,NA,NA,NA,NA,NA,NA,N,4,0,1,2,-,-,-,NA,NA,N,G,B,C,A,H,-,A,D,0,Y,NA,NA,NA,Y,NA,-,-,0,0,1,0,1,0,0,0,0,-,-,NA,NA,SAN DIEGO,SAN DIEGO,NA,NA
94440016,2024,2024-10-22,9645,2024-10-19,1130,024107,NA,6,1,7,3711,0,1,1,NA,2,005,I-5 NORTHBOUND,BALBOA AVENUE U/C,1637,S,N,A,-,Y,SD,NA,5,NA,R,23.173,H,NA,R,Y,3,0,2,2,A,-,03,22350,NA,N,C,2,A,A,H,-,A,D,0,NA,NA,NA,NA,Y,NA,A,01,0,2,0,0,0,0,0,0,0,-,-,32.802791595458984,-117.2127685546875,SAN DIEGO,SAN DIEGO,-117.21273803710938,32.80280303955078
94441122,2024,2024-10-22,9680,2024-10-13,1734,023255,NA,7,2,9,3700,0,1,3,NA,1,022,SR-54 (JAMACHA ROAD),CHASE AVENUE,0,NA,Y,A,-,Y,SD,NA,54,NA,T,13.713,H,NA,R,Y,3,0,4,2,A,-,12,21453,A,N,D,C,A,A,H,-,A,A,0,NA,NA,NA,NA,Y,NA,A,07,0,4,0,0,0,0,0,0,0,-,-,32.7689208984375,-116.92794036865234,SAN DIEGO,UNINCORPORATED,-116.92783355712892,32.7689208984375
94444035,2024,2024-10-24,9645,2024-10-12,630,022193,NA,6,1,7,3711,0,1,1,NA,2,001,I-5 S/B,L STREET,500,N,N,E,-,Y,SD,NA,5,NA,NA,6.942,H,NA,L,Y,3,0,5,2,A,-,03,22350,NA,N,C,C,A,B,H,-,B,D,0,NA,NA,NA,NA,Y,NA,A,01,0,5,0,0,0,0,0,0,0,-,-,32.61708068847656,-117.09162139892578,SAN DIEGO,SAN DIEGO,-117.0915985107422,32.61708068847656
94446120,2024,2024-10-25,9645,2024-10-10,800,021617,NA,4,1,7,3711,0,1,1,NA,2,009,I-805 NB,E STREET,1901,N,N,A,-,Y,SD,NA,805,NA,NA,8.208,H,NA,R,N,4,0,1,2,A,-,03,22350,NA,N,C,C,A,A,H,-,A,A,0,NA,NA,NA,NA,Y,NA,A,01,0,0,1,0,0,0,0,0,0,-,-,32.651119232177734,-117.06729888916016,SAN DIEGO,SAN DIEGO,-117.0672607421875,32.65116500854492
94448112,2024,2024-10-28,9680,2024-10-16,805,017025,NA,3,1,9,3700,0,1,3,NA,2,015,SR-52 W/B,CUYAMACA ST,1000,E,N,B,-,Y,SD,NA,52,NA,NA,16.499,H,NA,L,N,4,0,1,2,A,-,03,22350,NA,N,C,C,A,A,H,-,A,D,0,NA,NA,NA,NA,Y,NA,D,22,0,0,1,0,0,0,0,0,0,-,-,32.83290100097656,-116.97792816162108,SAN DIEGO,UNINCORPORATED,-116.97792816162108,32.83292770385742