CASE_ID,ACCIDENT_YEAR,PROC_DATE,JURIS,COLLISION_DATE,COLLISION_TIME,OFFICER_ID,REPORTING_DISTRICT,DAY_OF_WEEK,CHP_SHIFT,POPULATION,CNTY_CITY_LOC,SPECIAL_COND,BEAT_TYPE,CHP_BEAT_TYPE,CITY_DIVISION_LAPD,CHP_BEAT_CLASS,BEAT_NUMBER,PRIMARY_RD,SECONDARY_RD,DISTANCE,DIRECTION,INTERSECTION,WEATHER_1,WEATHER_2,STATE_HWY_IND,CALTRANS_COUNTY,CALTRANS_DISTRICT,STATE_ROUTE,ROUTE_SUFFIX,POSTMILE_PREFIX,POSTMILE,LOCATION_TYPE,RAMP_INTERSECTION,SIDE_OF_HWY,TOW_AWAY,COLLISION_SEVERITY,NUMBER_KILLED,NUMBER_INJURED,PARTY_COUNT,PRIMARY_COLL_FACTOR,PCF_CODE_OF_VIOL,PCF_VIOL_CATEGORY,PCF_VIOLATION,PCF_VIOL_SUBSECTION,HIT_AND_RUN,TYPE_OF_COLLISION,MVIW,PED_ACTION,ROAD_SURFACE,ROAD_COND_1,ROAD_COND_2,LIGHTING,CONTROL_DEVICE,CHP_ROAD_TYPE,PEDESTRIAN_ACCIDENT,BICYCLE_ACCIDENT,MOTORCYCLE_ACCIDENT,TRUCK_ACCIDENT,NOT_PRIVATE_PROPERTY,ALCOHOL_INVOLVED,STWD_VEHTYPE_AT_FAULT,CHP_VEHTYPE_AT_FAULT,COUNT_SEVERE_INJ,COUNT_VISIBLE_INJ,COUNT_COMPLAINT_PAIN,COUNT_PED_KILLED,COUNT_PED_INJURED,COUNT_BICYCLIST_KILLED,COUNT_BICYCLIST_INJURED,COUNT_MC_KILLED,COUNT_MC_INJURED,PRIMARY_RAMP,SECONDARY_RAMP,LATITUDE,LONGITUDE,COUNTY,CITY,POINT_X,POINT_Y
94601659,2025,2025-03-18,9680,2025-02-24,1537,023088,NA,1,2,4,3720,0,1,3,NA,2,028,STATE ROUTE 125 SOUTHBOUND,BLOSSOM LANE,1700,N,N,A,-,Y,SD,NA,125,NA,NA,11.668,H,NA,L,Y,4,0,1,1,A,-,08,22107,NA,N,E,I,A,A,H,-,A,A,0,NA,NA,NA,NA,Y,NA,A,07,0,0,1,0,0,0,0,0,0,-,-,32.72964096069336,-117.01531982421876,SAN DIEGO,LEMON GROVE,-117.0152587890625,32.729644775390625
94601736,2025,2025-03-18,9645,2025-03-09,1824,022506,NA,7,2,7,3711,0,1,3,NA,2,020,SR-56 E/B OFFRAMP,CARMEL COUNTRY ROAD,78,W,N,A,-,Y,NA,NA,NA,NA,NA,NA,NA,NA,NA,Y,3,0,3,3,A,-,03,22350,NA,N,C,C,A,A,H,-,A,A,0,NA,NA,NA,NA,Y,NA,A,07,0,1,2,0,0,0,0,0,0,-,-,32.94309997558594,-117.21405029296876,SAN DIEGO,SAN DIEGO,-117.21498107910156,32.94343185424805
94601878,2024,2025-03-18,9680,2024-07-28,1020,021501,NA,7,1,9,3700,0,1,3,NA,1,052,STATE ROUTE 78,SPRINGVIEW ROAD,2640,W,N,A,-,Y,SD,NA,78,NA,NA,53.069,H,NA,R,Y,1,1,1,3,A,-,05,21460,A,N,A,C,A,A,H,-,A,A,0,NA,NA,Y,NA,Y,NA,C,02,1,0,0,0,0,0,0,1,1,-,-,33.10710144042969,-116.65680694580078,SAN DIEGO,UNINCORPORATED,-116.65682220458984,33.107093811035156
9460203,2022,2022-06-28,3711,2022-06-18,0017,SD1631,NA,6,5,7,3711,0,0,0,NA,0,122,GARNET AV,GARNET AV 1344,0,NA,Y,A,-,N,NA,NA,NA,NA,NA,NA,NA,NA,NA,N,3,0,1,1,A,-,17,21235,G,N,H,J,A,A,H,-,D,A,0,NA,NA,NA,NA,Y,NA,-,NA,0,1,0,0,0,0,0,0,0,-,-,NA,NA,SAN DIEGO,SAN DIEGO,-117.21725463867188,32.80641174316406
9460223,2022,2022-08-22,3711,2022-06-10,1730,SD7720,NA,5,5,7,3711,0,0,0,NA,0,712,BEYER BL,BEYER BL 3800,0,NA,N,A,-,N,NA,NA,NA,NA,NA,NA,NA,NA,NA,N,4,0,2,2,A,-,08,22107,NA,M,B,C,A,A,H,-,B,D,0,NA,NA,NA,NA,Y,Y,-,NA,0,0,2,0,0,0,0,0,0,-,-,NA,NA,SAN DIEGO,SAN DIEGO,-117.040771484375,32.55824661254883
94603905,2025,2025-03-18,9680,2025-03-02,2140,019475,NA,7,2,9,3700,0,1,3,NA,1,017,SR-67,MAPLEVIEW ST,40,N,N,B,C,Y,SD,NA,67,NA,R,5.483,H,NA,R,Y,4,0,1,2,A,-,03,22350,NA,N,C,C,A,B,H,-,C,A,0,NA,NA,NA,NA,Y,NA,A,01,0,0,1,0,0,0,0,0,0,-,-,32.8630485534668,-116.92298126220705,SAN DIEGO,UNINCORPORATED,-116.92278289794922,32.862979888916016
94603942,2025,2025-03-18,9650,2025-02-25,705,017328,NA,2,1,9,3700,0,3,5,NA,2,006,AMMUNITION RD.,ALTURAS RD.,475,E,N,A,-,N,NA,NA,NA,NA,NA,NA,NA,NA,NA,N,4,0,1,2,A,-,03,22350,NA,N,C,C,A,A,H,-,A,D,0,NA,NA,NA,NA,Y,NA,D,22,0,0,1,0,0,0,0,0,0,-,-,33.37120819091797,-117.25636291503906,SAN DIEGO,UNINCORPORATED,-117.25637817382813,33.37118148803711
94605269,2025,2025-03-18,9650,2025-03-04,1700,021500,NA,2,2,9,3700,0,2,4,NA,1,027,VALLEY CENTER RD,COLE GRADE RD,0,NA,Y,A,-,N,NA,NA,NA,NA,NA,NA,NA,NA,NA,Y,3,0,2,2,A,-,12,21453,A,N,A,C,A,A,H,-,C,A,0,NA,NA,NA,NA,Y,NA,A,01,0,2,0,0,0,0,0,0,0,-,-,33.23114013671875,-117.02423858642578,SAN DIEGO,UNINCORPORATED,-117.02425384521484,33.23122024536133
9460597,2022,2022-06-21,3702,2022-05-12,0610,CV0983,NA,4,5,6,3702,0,0,0,NA,0,023,EAST L ST,MONSERATE AV,111,W,N,A,-,N,NA,NA,NA,NA,NA,NA,NA,NA,NA,Y,4,0,1,2,A,-,04,21703,NA,N,C,C,A,A,H,-,A,D,0,NA,NA,NA,NA,Y,NA,A,01,0,0,1,0,0,0,0,0,0,-,-,NA,NA,SAN DIEGO,CHULA VISTA,-117.0522689819336,32.62614440917969
94606759,2025,2025-03-18,9650,2025-03-06,100,020254,NA,4,3,5,3701,0,1,1,NA,2,005,I-5 N/B,CHESTNUT AVE,65,S,N,B,-,Y,SD,NA,5,NA,R,49.714,H,NA,R,Y,4,0,1,1,A,-,08,22107,NA,N,E,8,A,B,D,-,D,D,0,NA,NA,NA,NA,Y,NA,A,01,0,0,1,0,0,0,0,0,0,-,-,33.157981872558594,-117.33934020996094,SAN DIEGO,CARLSBAD,-117.33941650390624,33.15795135498047
94607842,2025,2025-03-18,9650,2025-03-06,1939,021463,NA,4,2,5,3713,0,1,3,NA,2,017,SR-78 E/B,MAR VISTA DR,4013,E,N,C,-,Y,SD,NA,78,NA,NA,8.465,H,NA,R,N,3,0,1,1,A,-,03,22350,NA,N,E,I,A,B,H,-,C,D,0,NA,NA,NA,NA,Y,NA,A,01,0,1,0,0,0,0,0,0,0,-,-,33.17168045043945,-117.22379302978516,SAN DIEGO,VISTA,-117.22382354736328,33.171653747558594
94608872,2025,2025-03-18,9680,2025-03-05,725,024143,NA,3,1,5,3705,0,1,1,NA,2,082,I-8 W/B,BROADWAY,75,E,N,B,-,Y,SD,NA,8,NA,R,18.441,H,NA,L,Y,4,0,2,2,A,-,03,22350,NA,N,C,2,A,A,H,-,A,D,0,NA,NA,NA,NA,Y,NA,A,07,0,0,2,0,0,0,0,0,0,-,-,32.80794906616211,-116.9197006225586,SAN DIEGO,EL CAJON,-116.9197006225586,32.80794906616211
94609155,2025,2025-03-18,9680,2025-03-07,45,017996,NA,5,3,9,3700,0,1,1,NA,2,086,I-8 EASTBOUND,KITCHEN CREEK ROAD,200,E,N,C,-,Y,SD,NA,8,NA,R,52.042,H,NA,R,N,3,0,2,1,A,-,03,22350,NA,N,F,A,A,C,H,-,D,D,0,NA,NA,NA,NA,Y,NA,D,22,0,1,1,0,0,0,0,0,0,-,-,32.71828079223633,-116.46971130371094,SAN DIEGO,UNINCORPORATED,-116.46975708007813,32.71812438964844
94609628,2025,2025-03-18,9645,2025-03-06,1800,022021,NA,4,2,7,3711,0,1,3,NA,2,023,SR-163 N/B,QUINCE DRIVE,280,S,N,B,C,Y,SD,NA,163,NA,NA,1.563,H,NA,R,N,4,0,1,2,A,-,03,22350,NA,N,C,C,A,B,H,-,C,D,0,NA,NA,NA,NA,Y,NA,D,22,0,0,1,0,0,0,0,0,0,-,-,32.73339080810547,-117.1552734375,SAN DIEGO,SAN DIEGO,-117.15528106689452,32.7333869934082
94612058,2025,2025-03-20,9680,2025-03-10,445,023492,NA,1,3,9,3700,0,3,5,NA,2,002,ROGERS ROAD,ROGERS LANE,37,W,N,A,-,N,NA,NA,NA,NA,NA,NA,NA,NA,NA,Y,3,0,1,1,A,-,01,23152,A,N,E,8,A,A,H,-,D,D,0,NA,NA,NA,NA,Y,Y,A,01,0,1,0,0,0,0,0,0,0,-,-,32.75188064575195,-116.98886871337892,SAN DIEGO,UNINCORPORATED,-116.98892974853516,32.75193405151367
94612317,2025,2025-03-20,9680,2025-03-11,1440,014949,NA,2,2,9,3700,0,1,1,NA,2,086,I-8 W/B,CRESTWOOD RD,10560,W,N,B,C,Y,SD,NA,8,NA,R,59.184,H,NA,L,Y,4,0,1,1,A,-,03,22350,NA,N,E,I,A,B,H,-,A,D,0,NA,NA,NA,NA,Y,NA,A,01,0,0,1,0,0,0,0,0,0,-,-,32.71963882446289,-116.39102172851563,SAN DIEGO,UNINCORPORATED,-116.39104461669922,32.7196044921875
94612347,2025,2025-03-20,9645,2025-03-15,759,023521,NA,6,1,7,3711,0,1,1,NA,2,013,I-805 SOUTHBOUND FROM CLAIREMONT MESA BLVD,CLAIREMONT MESA BLVD,898,S,N,A,-,Y,NA,NA,NA,NA,NA,NA,NA,NA,NA,N,3,0,1,1,A,-,03,22350,NA,N,E,I,A,B,H,-,A,D,0,NA,NA,NA,NA,Y,NA,D,22,0,1,0,0,0,0,0,0,0,-,-,32.832088470458984,-117.16976165771484,SAN DIEGO,SAN DIEGO,-117.16838836669922,32.83137130737305
9462542,2022,2022-07-15,3705,2022-06-17,0929,EC0424,NA,5,5,5,3705,0,0,0,NA,0,001,W WASHINGTON AV,GROSSMONT AV,0,NA,Y,A,-,N,NA,NA,NA,NA,NA,NA,NA,NA,NA,N,4,0,1,2,A,-,08,22107,NA,N,B,D,A,A,H,-,A,D,0,NA,NA,NA,NA,Y,NA,A,01,0,0,1,0,0,0,0,0,0,-,-,NA,NA,SAN DIEGO,EL CAJON,-116.97409057617188,32.78765869140625
94628020,2025,2025-03-27,9650,2025-03-24,845,017828,NA,1,1,9,3700,0,1,1,NA,2,003,I-5 S/B,DONALD COOK RD,3696,N,N,A,-,Y,SD,NA,5,NA,R,59.097,H,NA,L,N,4,0,1,3,A,-,08,22107,NA,N,B,C,A,A,H,-,A,D,0,NA,NA,NA,NA,Y,NA,A,01,0,0,1,0,0,0,0,0,0,-,-,33.265071868896484,-117.43263244628906,SAN DIEGO,UNINCORPORATED,-117.43263244628906,33.265071868896484
94631883,2025,2025-03-31,9680,2025-03-17,1150,024181,NA,1,1,9,3700,0,3,5,NA,2,004,OTAY LAKES RD,SR-94,8448,S,N,A,-,N,NA,NA,NA,NA,NA,NA,NA,NA,NA,Y,4,0,1,1,A,-,03,22350,NA,N,H,I,A,A,H,-,A,D,0,NA,NA,Y,NA,Y,NA,C,02,0,0,1,0,0,0,0,0,1,-,-,32.65623092651367,-116.84770965576172,SAN DIEGO,UNINCORPORATED,-116.84523010253906,32.65763473510742
94639616,2025,2025-04-07,9680,2025-03-27,1700,023536,NA,4,2,9,3700,0,2,4,NA,1,026,JAMACHA BOULEVARD,GRAND AVENUE,0,NA,Y,A,-,N,NA,NA,NA,NA,NA,NA,NA,NA,NA,N,3,0,2,2,A,-,12,21453,A,N,B,C,A,A,H,-,A,A,0,NA,NA,NA,NA,Y,NA,A,07,0,1,1,0,0,0,0,0,0,-,-,32.707820892333984,-116.99745178222656,SAN DIEGO,UNINCORPORATED,-116.9975128173828,32.707855224609375
94640044,2025,2025-04-07,9645,2025-04-02,1145,022243,NA,3,1,9,3700,0,1,3,NA,2,008,SR-54 W/B,SWEEETWATER ROAD U/C,1000,W,N,A,-,Y,SD,NA,54,NA,NA,5.783,H,NA,L,Y,4,0,3,2,A,-,03,22350,NA,N,C,2,A,A,H,-,A,D,0,NA,NA,NA,NA,Y,NA,A,01,0,0,3,0,0,0,0,0,0,-,-,32.689178466796875,-117.02001190185548,SAN DIEGO,UNINCORPORATED,-117.02001190185548,32.68918228149414
94641117,2025,2025-04-08,9650,2025-03-31,930,017952,NA,1,1,9,3700,0,3,5,NA,2,191,HARMONY GROVE RD,WILD WILOOW HOLLOW RD,2640,S,N,B,C,N,NA,NA,NA,NA,NA,NA,NA,NA,NA,Y,4,0,1,1,A,-,03,22350,NA,N,E,I,A,B,H,-,A,D,0,NA,NA,NA,NA,Y,NA,A,01,0,0,1,0,0,0,0,0,0,-,-,33.085880279541016,-117.1489028930664,SAN DIEGO,UNINCORPORATED,-117.1518096923828,33.08618927001953
94642068,2025,2025-04-08,9645,2025-04-05,1045,023521,NA,6,1,6,3702,0,1,1,NA,2,009,I-805 NORTHBOUND TO SR-54 WEST BOUND,I-805 NORTHBOUND TO SR-54 WESTBOUND,391,S,N,A,-,Y,SD,NA,805,NA,NA,8.758,H,NA,R,N,4,0,1,2,A,-,03,22350,NA,N,C,C,A,A,H,-,A,D,0,NA,NA,NA,NA,Y,NA,A,07,0,0,1,0,0,0,0,0,0,-,-,32.657379150390625,-117.07317352294922,SAN DIEGO,CHULA VISTA,-117.07333374023438,32.65727615356445
94642102,2025,2025-04-08,9680,2025-03-31,1458,021077,NA,1,2,9,3700,0,1,1,NA,2,081,I-8 W/B TO SR-125 N/B,MURRAY DRIVE,50,S,N,B,C,Y,SD,NA,125,NA,R,15.556,H,NA,R,Y,3,0,1,1,A,-,03,22350,NA,N,E,I,A,B,H,-,A,D,0,NA,NA,NA,NA,Y,NA,A,07,0,1,0,0,0,0,0,0,0,-,-,32.77980041503906,-117.00386810302734,SAN DIEGO,UNINCORPORATED,-117.004150390625,32.779727935791016
9464289,2023,2023-04-25,3711,2023-03-30,1852,SD6000,NA,4,5,7,3711,0,0,0,NA,0,723,PALM AV,HAWAII AV,0,NA,Y,B,-,N,NA,NA,NA,NA,NA,NA,NA,NA,NA,Y,1,1,1,2,A,-,12,21453,A,N,D,C,A,A,H,-,A,A,0,NA,NA,Y,NA,Y,NA,C,02,0,0,1,0,0,0,0,1,0,-,-,NA,NA,SAN DIEGO,SAN DIEGO,-117.06642150878906,32.58387756347656
94646175,2025,2025-04-11,9680,2025-04-03,57,024178,NA,4,3,9,3700,0,1,3,NA,1,024,STATE ROUTE 94 (CAMPO ROAD),OLD CAMPO ROAD,260,W,N,C,-,Y,SD,NA,94,NA,R,16.532,H,NA,R,N,3,0,1,2,A,-,11,21954,A,N,G,B,E,B,H,-,D,D,0,Y,NA,NA,NA,Y,NA,N,60,0,1,0,0,1,0,0,0,0,-,-,32.72679138183594,-116.92166137695313,SAN DIEGO,UNINCORPORATED,-116.92166137695313,32.726783752441406
9464751,2022,2022-11-28,3700,2022-09-23,1625,SH0029,NA,5,5,5,3713,0,0,0,NA,0,315,THIBODO RD,SYCAMORE AV,95,W,N,A,-,N,NA,NA,NA,NA,NA,NA,NA,NA,NA,N,4,0,1,2,A,-,09,21804,A,M,D,C,A,A,H,-,A,D,0,NA,NA,NA,NA,Y,NA,A,01,0,0,1,0,0,0,0,0,0,-,-,NA,NA,SAN DIEGO,VISTA,-117.21599578857422,33.1660270690918
94648795,2025,2025-04-14,9645,2025-03-27,1502,023850,NA,4,2,7,3711,0,1,1,NA,2,021,SR-15 S/B,I-805,100,N,N,A,-,Y,SD,NA,15,NA,M,4.338,H,NA,L,Y,4,0,1,2,A,-,03,22350,NA,N,C,C,A,A,H,-,A,D,0,NA,NA,NA,NA,Y,NA,A,07,0,0,1,0,0,0,0,0,0,-,-,32.74515914916992,-117.10971832275392,SAN DIEGO,SAN DIEGO,-117.10961151123048,32.745113372802734
94648906,2025,2025-04-14,9645,2025-03-31,2115,023563,NA,1,2,7,3711,0,1,1,NA,2,010,I-8 EASTBOUND TO QUALCOMM WAY,QUALCOMM WAY,200,E,N,B,C,Y,SD,NA,8,NA,NA,3.946,H,NA,R,Y,4,0,1,2,A,-,07,21658,A,N,B,2,A,B,H,-,C,D,0,NA,NA,NA,NA,Y,NA,A,01,0,0,1,0,0,0,0,0,0,-,-,32.76985168457031,-117.13896942138672,SAN DIEGO,SAN DIEGO,-117.13904571533205,32.770050048828125
9465458,2022,2023-01-30,3711,2022-12-07,0817,SD8447,NA,3,5,7,3711,0,0,0,NA,0,725,HIDDEN TRAILS RD,SEAGLEN WY,0,NA,Y,A,-,N,NA,NA,NA,NA,NA,NA,NA,NA,NA,N,3,0,3,2,A,-,09,21801,A,M,D,C,A,A,H,-,A,D,0,NA,NA,NA,NA,Y,NA,A,01,0,2,1,0,0,0,0,0,0,-,-,NA,NA,SAN DIEGO,SAN DIEGO,-117.01431274414063,32.57380676269531
94656301,2025,2025-04-21,9680,2025-04-09,1430,021077,NA,3,2,4,3720,0,1,3,NA,2,028,SR-125 N/B TO SR-94 W/B,BROADWAY,700,N,N,A,-,Y,SD,NA,94,NA,R,9.576,H,NA,L,Y,4,0,2,2,A,-,03,22350,NA,N,C,C,A,A,H,-,A,D,0,NA,NA,NA,Y,Y,NA,A,01,0,0,2,0,0,0,0,0,0,-,-,32.74726104736328,-117.02098846435548,SAN DIEGO,LEMON GROVE,-117.02092742919922,32.747039794921875
94656587,2025,2025-04-21,9650,2025-04-11,735,022132,NA,5,1,6,3706,0,1,1,NA,2,023,I-15 S/B,VALLEY PKY,475,N,N,A,-,Y,SD,NA,15,NA,R,30.745,H,NA,L,Y,4,0,1,3,A,-,03,22350,NA,N,B,C,A,A,H,-,A,D,0,NA,NA,Y,NA,Y,NA,C,02,0,0,1,0,0,0,0,0,1,-,-,33.11668014526367,-117.09992980957033,SAN DIEGO,ESCONDIDO,-117.09994506835938,33.11667251586914
94657346,2025,2025-04-21,9645,2025-04-10,1328,024371,NA,4,1,7,3711,0,1,1,NA,2,010,I-8 W/B,I-805 N/B,1460,E,N,A,-,Y,SD,NA,8,NA,NA,4.668,H,NA,L,Y,4,0,1,1,A,-,08,22107,NA,N,F,0,A,A,H,-,A,D,0,NA,NA,NA,NA,Y,NA,A,08,0,0,1,0,0,0,0,0,0,-,-,32.77362060546875,-117.12747955322266,SAN DIEGO,SAN DIEGO,-117.12742614746094,32.7735481262207
94657544,2025,2025-04-22,9680,2025-04-13,1940,023523,NA,7,2,9,3700,0,1,1,NA,2,084,I-8 E/B TO WEST WILLOWS RD,WEST WILLOWS RD,815,W,N,A,-,Y,SD,NA,8,NA,R,31.187,H,NA,R,Y,3,0,1,2,A,-,08,22107,NA,N,B,3,A,A,H,-,C,D,0,NA,NA,NA,NA,Y,NA,A,07,0,1,0,0,0,0,0,0,0,-,-,32.833900451660156,-116.73387145996094,SAN DIEGO,UNINCORPORATED,-116.7338409423828,32.83403778076172
9466120,2022,2022-12-22,3711,2022-11-28,1625,SD1752,NA,1,5,7,3711,0,0,0,NA,0,431,MARKET ST,51ST ST,0,NA,Y,A,-,N,NA,NA,NA,NA,NA,NA,NA,NA,NA,N,4,0,1,3,A,-,09,21804,A,N,D,C,A,A,H,-,A,A,0,NA,NA,NA,NA,Y,NA,A,01,0,0,1,0,0,0,0,0,0,-,-,NA,NA,SAN DIEGO,SAN DIEGO,-117.08450317382813,32.710445404052734
9466243,2022,2022-12-23,3711,2022-11-29,1611,SD1193,NA,2,5,7,3711,0,0,0,NA,0,437,ALSACIA ST,SPRING OAK WY,0,NA,Y,B,-,N,NA,NA,NA,NA,NA,NA,NA,NA,NA,Y,3,0,2,2,A,-,09,21802,A,N,D,C,A,A,H,-,B,D,0,NA,NA,NA,NA,Y,NA,A,01,0,1,1,0,0,0,0,0,0,-,-,NA,NA,SAN DIEGO,SAN DIEGO,-117.03472137451172,32.68613815307617
9466396,2022,2022-12-23,3711,2022-11-15,1519,SD7335,NA,2,5,7,3711,0,0,0,NA,0,122,LORING ST,SOLEDAD MOUNTAIN RD,0,NA,Y,A,-,N,NA,NA,NA,NA,NA,NA,NA,NA,NA,Y,2,0,2,2,A,-,09,21802,A,N,D,C,A,A,H,-,A,D,0,NA,NA,Y,NA,Y,NA,A,08,1,1,0,0,0,0,0,0,1,-,-,NA,NA,SAN DIEGO,SAN DIEGO,-117.2313995361328,32.810787200927734
94664032,2025,2025-04-25,9680,2025-04-15,1840,016694,NA,2,2,9,3700,0,3,5,NA,2,001,N FIRST STREET,PEPPER DRIVE,125,S,N,A,-,N,NA,NA,NA,NA,NA,NA,NA,NA,NA,N,4,0,1,2,A,-,09,21804,A,N,D,C,A,A,H,-,A,D,0,NA,NA,NA,NA,Y,NA,A,01,0,0,1,0,0,0,0,0,0,-,-,32.82093048095703,-116.94464111328124,SAN DIEGO,UNINCORPORATED,-116.94458770751952,32.82101821899414
9466410,2022,2023-01-17,3711,2022-11-16,0840,SD5072,NA,3,5,7,3711,0,0,0,NA,0,433,MALLARD ST,HOLSTROM PL,140,W,N,A,-,N,NA,NA,NA,NA,NA,NA,NA,NA,NA,N,4,0,1,2,A,-,21,22106,NA,N,D,C,A,A,H,-,A,B,0,NA,NA,NA,NA,Y,NA,D,22,0,0,1,0,0,0,0,0,0,-,-,NA,NA,SAN DIEGO,SAN DIEGO,-117.06100463867188,32.7295036315918
94666602,2025,2025-04-28,9645,2025-04-22,925,024357,NA,2,1,7,3711,0,1,1,NA,2,003,I-5 S/B,BEARDSLEY PEDESTRIAN O/C,353,N,N,A,-,Y,SD,NA,5,NA,R,14.316,H,NA,L,Y,3,0,1,1,A,-,08,22107,NA,N,F,A,A,A,H,-,A,D,0,NA,NA,NA,NA,Y,NA,A,07,0,1,0,0,0,0,0,0,0,-,-,32.70341873168945,-117.14642333984376,SAN DIEGO,SAN DIEGO,-117.146240234375,32.70359802246094
94670907,2025,2025-04-30,9645,2025-04-19,1830,024354,NA,6,2,7,3711,0,1,1,NA,2,003,INTERSTATE 5 NB TO STATE ROUTE 163 NB,PARK BOULEVARD,50,N,N,A,-,Y,SD,NA,5,NA,R,15.84,H,NA,R,Y,4,0,1,2,A,-,07,21658,A,N,C,C,A,A,H,-,A,D,0,NA,NA,NA,NA,Y,NA,A,07,0,0,1,0,0,0,0,0,0,-,-,32.724369049072266,-117.15146636962892,SAN DIEGO,SAN DIEGO,-117.15151214599608,32.7242431640625
94671380,2025,2025-05-01,9645,2025-04-25,1355,024015,NA,5,1,7,3711,0,1,1,NA,2,009,I-805 S/B,MAIN STREET,845,N,N,A,-,Y,SD,NA,805,NA,NA,3.827,H,NA,L,N,4,0,1,2,A,-,03,22350,NA,N,C,C,A,A,H,-,A,D,0,NA,NA,NA,NA,Y,NA,A,01,0,0,1,0,0,0,0,0,0,-,-,32.597251892089844,-117.03653717041016,SAN DIEGO,SAN DIEGO,-117.03647613525392,32.597251892089844
94671690,2025,2025-05-01,9645,2025-04-28,1438,022765,NA,1,2,7,3711,0,1,1,NA,2,011,I-805 S/B,RALENE STREET,45,N,N,A,-,Y,SD,NA,805,NA,NA,14.39,H,NA,L,Y,3,0,2,2,A,-,03,22350,NA,N,C,C,A,A,H,-,A,D,0,NA,NA,NA,NA,Y,NA,A,01,0,2,0,0,0,0,0,0,0,-,-,32.73004913330078,-117.10822296142578,SAN DIEGO,SAN DIEGO,-117.10823822021484,32.73002243041992
94673490,2025,2025-05-02,9645,2025-04-28,1505,023923,NA,1,2,7,3711,0,1,1,NA,2,003,I-5 N/B,BEARDSLEY PEDESTRIAN O/C,209,N,N,A,-,Y,SD,NA,5,NA,R,14.293,H,NA,R,N,4,0,1,2,A,-,03,22350,NA,N,C,C,A,A,H,-,A,D,0,NA,NA,NA,NA,Y,NA,D,22,0,0,1,0,0,0,0,0,0,-,-,32.70351028442383,-117.14575958251952,SAN DIEGO,SAN DIEGO,-117.14578247070313,32.703487396240234
9467570,2023,2023-02-15,3711,2023-01-03,400,SD7938,NA,2,5,7,3711,0,0,0,NA,0,313,MURPHY CANYON RD,CLAIREMONT MESA,374,S,N,B,C,N,NA,NA,NA,NA,NA,NA,NA,NA,NA,Y,4,0,3,2,A,-,03,22350,NA,N,C,E,A,B,H,-,C,D,0,NA,NA,NA,NA,Y,NA,A,01,0,0,3,0,0,0,0,0,0,-,-,NA,NA,SAN DIEGO,SAN DIEGO,-117.12078857421876,32.832176208496094
94676033,2025,2025-05-06,9650,2025-05-02,825,015446,NA,5,1,9,3700,0,2,4,NA,2,061,S MISSION ROAD,MISSION CREEK ROAD,0,NA,Y,A,-,Y,NA,NA,NA,NA,NA,NA,NA,NA,NA,Y,4,0,1,1,A,-,08,22107,NA,N,E,I,A,A,H,-,A,D,0,NA,NA,NA,NA,Y,NA,A,01,0,0,1,0,0,0,0,0,0,-,-,33.32944869995117,-117.2361068725586,SAN DIEGO,UNINCORPORATED,-117.23616027832033,33.32942199707031
94676464,2025,2025-05-06,9645,2025-04-28,1210,024450,NA,1,1,7,3711,0,1,1,NA,2,009,INTERSTATE 805 NORTHBOUND,LOGAN AVENUE,900,S,N,A,-,Y,SD,NA,805,NA,NA,12.023,H,NA,R,N,3,0,1,2,A,-,03,22350,NA,F,C,C,A,A,H,-,A,D,0,NA,NA,NA,NA,Y,NA,A,01,0,1,0,0,0,0,0,0,0,-,-,32.69955825805664,-117.09500122070313,SAN DIEGO,SAN DIEGO,-117.0947723388672,32.69955825805664
94678212,2025,2025-05-07,9645,2025-04-26,2235,023617,NA,6,3,7,3711,0,1,1,NA,2,017,I-15 SOUTHBOUND,TED WILLIAMS PARKWAY,575,S,N,B,-,Y,SD,NA,15,NA,M,19.338,H,NA,L,Y,4,0,1,1,A,-,08,22107,NA,N,E,I,A,A,H,-,D,D,0,NA,NA,NA,NA,Y,NA,A,07,0,0,1,0,0,0,0,0,0,-,-,32.962989807128906,-117.0967025756836,SAN DIEGO,SAN DIEGO,-117.09678649902344,32.96302795410156