CASE_ID,ACCIDENT_YEAR,PROC_DATE,JURIS,COLLISION_DATE,COLLISION_TIME,OFFICER_ID,REPORTING_DISTRICT,DAY_OF_WEEK,CHP_SHIFT,POPULATION,CNTY_CITY_LOC,SPECIAL_COND,BEAT_TYPE,CHP_BEAT_TYPE,CITY_DIVISION_LAPD,CHP_BEAT_CLASS,BEAT_NUMBER,PRIMARY_RD,SECONDARY_RD,DISTANCE,DIRECTION,INTERSECTION,WEATHER_1,WEATHER_2,STATE_HWY_IND,CALTRANS_COUNTY,CALTRANS_DISTRICT,STATE_ROUTE,ROUTE_SUFFIX,POSTMILE_PREFIX,POSTMILE,LOCATION_TYPE,RAMP_INTERSECTION,SIDE_OF_HWY,TOW_AWAY,COLLISION_SEVERITY,NUMBER_KILLED,NUMBER_INJURED,PARTY_COUNT,PRIMARY_COLL_FACTOR,PCF_CODE_OF_VIOL,PCF_VIOL_CATEGORY,PCF_VIOLATION,PCF_VIOL_SUBSECTION,HIT_AND_RUN,TYPE_OF_COLLISION,MVIW,PED_ACTION,ROAD_SURFACE,ROAD_COND_1,ROAD_COND_2,LIGHTING,CONTROL_DEVICE,CHP_ROAD_TYPE,PEDESTRIAN_ACCIDENT,BICYCLE_ACCIDENT,MOTORCYCLE_ACCIDENT,TRUCK_ACCIDENT,NOT_PRIVATE_PROPERTY,ALCOHOL_INVOLVED,STWD_VEHTYPE_AT_FAULT,CHP_VEHTYPE_AT_FAULT,COUNT_SEVERE_INJ,COUNT_VISIBLE_INJ,COUNT_COMPLAINT_PAIN,COUNT_PED_KILLED,COUNT_PED_INJURED,COUNT_BICYCLIST_KILLED,COUNT_BICYCLIST_INJURED,COUNT_MC_KILLED,COUNT_MC_INJURED,PRIMARY_RAMP,SECONDARY_RAMP,LATITUDE,LONGITUDE,COUNTY,CITY,POINT_X,POINT_Y
9616828,2023,2023-10-13,3711,2023-09-27,1851,SD88661,NA,3,5,7,3711,0,0,0,NA,0,531,MORLEY FIELD DR,FLORIDA DR,13,E,N,A,-,N,NA,NA,NA,NA,NA,NA,NA,NA,NA,N,3,0,1,2,A,-,09,21803,A,N,B,C,A,A,H,-,C,A,0,NA,NA,Y,NA,Y,NA,A,01,0,1,0,0,0,0,0,0,1,-,-,NA,NA,SAN DIEGO,SAN DIEGO,-117.14369964599608,32.73979187011719
9617230,2023,2023-12-07,3711,2023-10-03,1601,SD1513,NA,2,5,7,3711,0,0,0,NA,0,826,TROJAN AV,TROJAN AV 4800,0,NA,-,A,-,N,NA,NA,NA,NA,NA,NA,NA,NA,NA,N,4,0,1,2,A,-,09,21804,A,N,D,C,A,A,H,-,A,D,0,NA,NA,NA,NA,Y,NA,A,01,0,0,1,0,0,0,0,0,0,-,-,NA,NA,SAN DIEGO,SAN DIEGO,NA,NA
9617237,2023,2023-12-02,3711,2023-10-04,829,SD5952,NA,3,5,7,3711,0,0,0,NA,0,813,IDAHO,LINCOLN,0,NA,-,A,-,N,NA,NA,NA,NA,NA,NA,NA,NA,NA,N,3,0,1,2,A,-,12,22450,A,N,D,G,A,A,H,-,A,A,0,NA,Y,NA,NA,Y,NA,A,01,0,1,0,0,0,0,1,0,0,-,-,NA,NA,SAN DIEGO,SAN DIEGO,-117.13385009765624,32.75030517578125
9617279,2023,2023-10-17,3709,2023-07-21,2155,NC0528,NA,5,5,5,3709,0,0,0,NA,0,023,SWEETWATER RD,STOCKMAN ST,0,NA,Y,A,-,N,NA,NA,NA,NA,NA,NA,NA,NA,NA,N,2,0,1,2,A,-,12,22451,A,N,D,G,A,A,D,-,C,A,0,NA,Y,NA,NA,Y,NA,L,04,1,0,0,0,0,0,1,0,0,-,-,NA,NA,SAN DIEGO,NATIONAL CITY,-117.06626129150392,32.65971374511719
9618343,2023,2024-01-25,3711,2023-11-18,1945,NC0481,NA,6,5,7,3711,0,0,0,NA,0,999,VALLEY RD,CALLE ABAJO,0,NA,Y,A,-,N,NA,NA,NA,NA,NA,NA,NA,NA,NA,N,4,0,1,2,A,-,08,22107,NA,F,D,C,A,A,H,-,C,D,0,NA,NA,NA,NA,Y,NA,-,99,0,0,1,0,0,0,0,0,0,-,-,NA,NA,SAN DIEGO,SAN DIEGO,-117.06549835205078,32.66269302368164
9618712,2023,2024-02-13,3700,2023-11-12,1032,SD1719,NA,7,5,2,3704,0,0,0,NA,0,935,VIA DE LA VALLE,RT 56,0,NA,Y,A,-,N,NA,NA,NA,NA,NA,NA,NA,NA,NA,Y,4,0,1,2,D,-,00,NA,NA,N,D,C,A,A,H,-,A,A,0,NA,NA,NA,NA,Y,NA,-,-,0,0,1,0,0,0,0,0,0,-,SF,NA,NA,SAN DIEGO,DEL MAR,NA,NA
9620967,2023,2023-12-11,3710,2023-10-13,2152,OC1533,NA,5,5,6,3710,0,0,0,NA,0,001,WEST ST,TREMONT ST,8,S,N,A,-,N,NA,NA,NA,NA,NA,NA,NA,NA,NA,Y,4,0,1,2,A,-,08,22107,NA,N,A,E,A,A,H,-,C,A,0,NA,NA,NA,NA,Y,Y,A,01,0,0,1,0,0,0,0,0,0,-,-,NA,NA,SAN DIEGO,OCEANSIDE,-117.37263488769533,33.18623733520508
9621084,2023,2023-11-02,3708,2023-09-28,938,LM315,NA,4,5,5,3708,0,0,0,NA,0,004,PARK PLAZA DR,DALLAS ST,554,E,N,A,-,N,NA,NA,NA,NA,NA,NA,NA,NA,NA,N,4,0,1,2,A,-,09,21804,A,N,D,C,A,A,H,-,A,D,0,NA,NA,NA,NA,Y,NA,A,01,0,0,1,0,0,0,0,0,0,-,-,NA,NA,SAN DIEGO,LA MESA,-117.00362396240234,32.791259765625
9621664,2023,2023-09-26,3708,2023-07-24,1117,LM1311,NA,1,5,5,3708,0,0,0,NA,0,001,BALTIMORE DR,UNIVERSITY AV,0,NA,Y,A,-,N,NA,NA,NA,NA,NA,NA,NA,NA,NA,Y,4,0,1,2,A,-,21,22106,NA,N,C,C,A,A,H,-,A,A,0,NA,NA,NA,NA,Y,NA,A,01,0,0,1,0,0,0,0,0,0,-,-,NA,NA,SAN DIEGO,LA MESA,-117.0234603881836,32.76779556274414
9621747,2023,2023-10-05,3710,2023-08-30,2140,OC1443,NA,3,5,6,3710,0,0,0,NA,0,008,EUCALYPTUS ST,SHAFER ST,205,E,N,A,-,N,NA,NA,NA,NA,NA,NA,NA,NA,NA,Y,2,0,1,1,A,-,01,23152,A,N,F,A,A,A,H,-,C,D,0,NA,NA,NA,NA,Y,Y,D,22,1,0,0,0,0,0,0,0,0,-,-,NA,NA,SAN DIEGO,OCEANSIDE,-117.36589050292967,33.18807601928711
9622137,2023,2023-10-24,3710,2023-09-19,804,OC1422,NA,2,5,6,3710,0,0,0,NA,0,035,SANTA FE AV,ALAMOSA PARK DR,375,N,N,A,-,N,NA,NA,NA,NA,NA,NA,NA,NA,NA,N,4,0,3,2,A,-,04,21703,NA,N,C,C,A,A,H,-,A,D,0,NA,NA,NA,NA,Y,NA,D,22,0,0,3,0,0,0,0,0,0,-,-,NA,NA,SAN DIEGO,OCEANSIDE,-117.27946472167967,33.2439079284668
9622481,2023,2023-12-19,3709,2023-10-16,1819,NC0513,NA,1,5,5,3709,0,0,0,NA,0,023,EAST 18TH ST,GROVE ST,0,NA,Y,A,-,N,NA,NA,NA,NA,NA,NA,NA,NA,NA,Y,4,0,1,2,A,-,08,22107,NA,N,A,C,A,A,H,-,C,D,0,NA,NA,NA,NA,Y,NA,A,01,0,0,1,0,0,0,0,0,0,-,-,NA,NA,SAN DIEGO,NATIONAL CITY,-117.08171081542967,32.673301696777344
9623401,2023,2024-01-24,3708,2023-09-27,1401,LM1225,NA,3,5,5,3708,0,0,0,NA,0,001,UNIVERSITY AV,ALLISON AV,4,E,N,A,-,N,NA,NA,NA,NA,NA,NA,NA,NA,NA,N,4,0,1,2,A,-,03,22350,NA,N,C,C,A,A,H,-,A,A,0,NA,NA,Y,NA,Y,NA,A,01,0,0,1,0,0,0,0,0,1,-,-,NA,NA,SAN DIEGO,LA MESA,-117.02482604980467,32.76626968383789
9624452,2023,2024-02-08,3711,2023-09-03,2050,SD8404,NA,7,5,7,3711,0,0,0,NA,0,627,BROOKES AV 300,4TH AV 3600,200,W,N,B,-,N,NA,NA,NA,NA,NA,NA,NA,NA,NA,N,4,0,1,2,A,-,08,22107,NA,N,B,E,A,A,H,-,C,D,0,NA,NA,NA,NA,Y,Y,D,22,0,0,1,0,0,0,0,0,0,-,-,NA,NA,SAN DIEGO,SAN DIEGO,NA,NA
9624520,2023,2023-09-08,3702,2023-08-23,748,CV1469,NA,3,5,6,3702,0,0,0,NA,0,041,HUNTE PKWY,STONEGATE ST,10,S,N,A,-,N,NA,NA,NA,NA,NA,NA,NA,NA,NA,N,3,0,1,2,A,-,09,21800,A,N,D,G,A,A,H,-,A,A,0,NA,Y,NA,NA,Y,NA,L,04,0,1,0,0,0,0,1,0,0,-,-,NA,NA,SAN DIEGO,CHULA VISTA,-116.94978332519533,32.65172576904297
9625781,2023,2023-10-11,3705,2023-08-13,1921,EC0431,NA,7,5,5,3705,0,0,0,NA,0,003,SECOND ST,EL REY AV,0,NA,Y,A,-,N,NA,NA,NA,NA,NA,NA,NA,NA,NA,Y,4,0,1,2,A,-,01,23153,G,F,D,C,A,A,H,-,B,D,0,NA,NA,NA,NA,Y,NA,A,07,0,0,1,0,0,0,0,0,0,-,-,NA,NA,SAN DIEGO,EL CAJON,-116.93579864501952,32.81538772583008
9625850,2023,2023-10-06,3708,2023-09-11,904,LM8305,NA,1,5,5,3708,0,0,0,NA,0,003,JACKSON DR,DALLAS ST,0,NA,Y,B,-,N,NA,NA,NA,NA,NA,NA,NA,NA,NA,N,4,0,2,2,D,-,00,NA,NA,N,D,C,A,A,H,-,A,D,0,NA,NA,NA,NA,Y,NA,-,-,0,0,2,0,0,0,0,0,0,-,-,NA,NA,SAN DIEGO,LA MESA,-117.01786041259766,32.790897369384766
9626934,2023,2023-12-02,3711,2023-10-10,1436,SD7512,NA,2,5,7,3711,0,0,0,NA,0,315,CAMINO DEL RIO NORTH,CAMINO DEL ARROYO,0,NA,Y,A,-,N,NA,NA,NA,NA,NA,NA,NA,NA,NA,N,3,0,1,1,A,-,08,22107,NA,N,-,A,A,A,H,-,A,D,0,NA,NA,Y,NA,Y,NA,C,02,0,1,0,0,0,0,0,0,1,-,-,NA,NA,SAN DIEGO,SAN DIEGO,-117.15760040283205,32.764984130859375
9626938,2023,2023-12-02,3711,2023-10-06,1420,SD1897,NA,5,5,7,3711,0,0,0,NA,0,122,FELSPAR ST,INGRAHAM ST,0,NA,Y,A,-,N,NA,NA,NA,NA,NA,NA,NA,NA,NA,Y,3,0,2,2,A,-,09,21801,A,N,D,C,A,A,H,-,A,A,0,NA,NA,Y,NA,Y,NA,C,02,0,2,0,0,0,0,0,0,1,-,-,NA,NA,SAN DIEGO,SAN DIEGO,-117.24114227294922,32.8006706237793
9626946,2023,2023-12-04,3711,2023-10-09,1540,SD7630,NA,1,5,7,3711,0,0,0,NA,0,114,GENESEE AV,GENESEE AV 4800,0,NA,-,A,-,N,NA,NA,NA,NA,NA,NA,NA,NA,NA,N,4,0,1,2,A,-,03,22350,NA,N,D,G,A,A,H,-,A,D,0,NA,Y,NA,NA,Y,NA,L,04,0,0,1,0,0,0,1,0,0,-,-,NA,NA,SAN DIEGO,SAN DIEGO,-117.2051010131836,32.85655975341797
9627675,2023,2023-10-11,3711,2023-09-29,1514,SD8861,NA,5,5,7,3711,0,0,0,NA,0,518,CEDAR ST,FERN ST,70,E,N,A,-,N,NA,NA,NA,NA,NA,NA,NA,NA,NA,Y,3,0,1,1,A,-,03,22350,NA,N,E,I,A,A,H,-,A,D,0,NA,NA,NA,NA,Y,NA,A,01,0,1,0,0,0,0,0,0,0,-,-,NA,NA,SAN DIEGO,SAN DIEGO,-117.12909698486328,32.72233963012695
9628258,2023,2023-10-23,3700,2023-08-06,1417,SH1147,NA,7,5,3,3783,0,0,0,NA,0,273,RT 101,LOMAS SANTA FE DR,0,NA,N,A,-,N,NA,NA,NA,NA,NA,NA,NA,NA,NA,N,4,0,2,3,A,-,03,22350,NA,N,C,C,A,A,H,-,A,A,0,NA,NA,NA,NA,Y,NA,A,01,0,0,2,0,0,0,0,0,0,-,-,NA,NA,SAN DIEGO,SOLANA BEACH,-117.27169036865234,32.99190139770508
9629261,2023,2023-12-01,3711,2023-10-12,623,SD1505,NA,4,5,7,3711,0,0,0,NA,0,243,MIRAMAR RD,CABOT DR,0,NA,Y,A,-,N,NA,NA,NA,NA,NA,NA,NA,NA,NA,N,4,0,1,2,A,-,08,22107,NA,N,C,C,A,A,H,-,A,A,0,NA,NA,NA,NA,Y,NA,A,01,0,0,1,0,0,0,0,0,0,-,-,NA,NA,SAN DIEGO,SAN DIEGO,-117.14278411865234,32.88977813720703
9629489,2023,2023-10-26,3711,2023-10-08,1145,SD1687,NA,7,5,7,3711,0,0,0,NA,0,627,UNIVERSITY AV,4TH AV,0,NA,Y,A,-,N,NA,NA,NA,NA,NA,NA,NA,NA,NA,N,4,0,1,2,A,-,04,21703,NA,N,C,C,A,A,H,-,A,A,0,NA,NA,NA,NA,Y,NA,A,01,0,0,1,0,0,0,0,0,0,-,-,NA,NA,SAN DIEGO,SAN DIEGO,-117.16162109375,32.74828338623047
9630101,2023,2023-11-09,3700,2023-09-03,2129,SH0432,NA,7,5,4,3707,0,0,0,NA,0,702,PALM AV,DELAWARE ST,0,NA,Y,A,-,N,NA,NA,NA,NA,NA,NA,NA,NA,NA,N,4,0,1,3,A,-,03,22350,NA,N,B,C,A,A,H,-,C,A,0,NA,NA,NA,NA,Y,NA,A,01,0,0,1,0,0,0,0,0,0,-,-,NA,NA,SAN DIEGO,IMPERIAL BEACH,-117.1165771484375,32.58409881591797
9630377,2023,2023-12-09,3711,2023-10-13,1755,SD1636,NA,5,5,7,3711,0,0,0,NA,0,838,37TH ST,POLK AV,80,N,N,A,-,N,NA,NA,NA,NA,NA,NA,NA,NA,NA,N,4,0,1,2,A,-,09,21804,A,N,B,G,A,A,H,-,A,A,0,NA,Y,NA,NA,Y,NA,A,01,0,0,1,0,0,0,1,0,0,-,-,NA,NA,SAN DIEGO,SAN DIEGO,-117.1130828857422,32.75172805786133
9630384,2023,2023-12-09,3711,2023-10-14,15,SD1916,NA,6,5,7,3711,0,0,0,NA,0,327,MONTEZUMA RD,63RD ST,0,NA,Y,A,-,N,NA,NA,NA,NA,NA,NA,NA,NA,NA,Y,3,0,2,2,A,-,08,22100,B,N,A,C,A,A,H,-,C,A,0,NA,NA,NA,NA,Y,NA,A,01,0,1,1,0,0,0,0,0,0,-,-,NA,NA,SAN DIEGO,SAN DIEGO,-117.06439971923828,32.77046585083008
9630393,2023,2023-12-09,3711,2023-10-15,1902,SD6176,NA,7,5,7,3711,0,0,0,NA,0,437,BRIARWOOD RD,ALSACIA ST,16,N,N,A,-,N,NA,NA,NA,NA,NA,NA,NA,NA,NA,N,4,0,2,2,A,-,12,22450,A,N,D,C,A,A,H,-,C,D,0,NA,NA,NA,NA,Y,NA,A,01,0,0,2,0,0,0,0,0,0,-,-,NA,NA,SAN DIEGO,SAN DIEGO,-117.035400390625,32.68510437011719
9631522,2023,2023-11-28,3700,2023-10-30,1554,SH3606,NA,1,5,5,3712,0,0,0,NA,0,355,RANCHO SANTA FE RD,GRAND AV,160,N,N,A,-,N,NA,NA,NA,NA,NA,NA,NA,NA,NA,N,4,0,1,2,A,-,08,22107,NA,N,C,G,A,A,H,-,A,D,0,NA,Y,NA,Y,Y,NA,F,21,0,0,1,0,0,0,1,0,0,-,-,NA,NA,SAN DIEGO,SAN MARCOS,-117.20008087158205,33.14643096923828
9631626,2023,2024-03-15,3710,2023-11-13,2335,OC1354,NA,1,5,6,3710,0,0,0,NA,0,009,VISTA WY,RT 78,0,NA,Y,A,-,Y,SD,11,5,-,R,51.061,R,4,S,Y,4,0,1,2,A,-,12,21453,A,F,D,C,A,A,H,-,C,A,0,NA,NA,NA,Y,Y,Y,F,26,0,0,1,0,0,0,0,0,0,-,-,NA,NA,SAN DIEGO,OCEANSIDE,-117.35010528564452,33.17522430419922
9633668,2023,2024-01-31,3711,2023-11-02,1118,SD6334,NA,4,5,7,3711,0,0,0,NA,0,452,S VALENCIA PKWY,WESMEAD ST,0,NA,Y,A,-,N,NA,NA,NA,NA,NA,NA,NA,NA,NA,N,3,0,1,2,A,-,10,21950,A,N,G,B,B,A,H,-,A,A,0,Y,NA,NA,NA,Y,NA,A,01,0,1,0,0,1,0,0,0,0,-,-,NA,NA,SAN DIEGO,SAN DIEGO,-117.07012176513672,32.69549560546875
9633674,2023,2024-01-31,3711,2023-11-08,1536,SD3711,NA,3,5,7,3711,0,0,0,NA,0,518,29TH ST,CEDAR ST,0,NA,Y,A,-,N,NA,NA,NA,NA,NA,NA,NA,NA,NA,N,4,0,1,2,A,-,09,21802,A,N,D,C,A,A,H,-,A,A,0,NA,NA,NA,NA,Y,NA,A,01,0,0,1,0,0,0,0,0,0,-,-,NA,NA,SAN DIEGO,SAN DIEGO,-117.13204193115234,32.722354888916016
9634418,2023,2023-12-27,3710,2023-11-09,745,OC1063,NA,4,5,6,3710,0,0,0,NA,0,018,VANDERGRIFT BL,REDONDO DR,20,N,N,A,-,N,NA,NA,NA,NA,NA,NA,NA,NA,NA,N,4,0,1,3,A,-,03,22350,NA,N,C,C,A,A,H,-,A,A,0,NA,NA,NA,NA,Y,NA,A,01,0,0,1,0,0,0,0,0,0,-,-,NA,NA,SAN DIEGO,OCEANSIDE,-117.29939270019533,33.25487518310547
9634823,2023,2024-01-17,3710,2023-11-17,1814,OC1506,NA,5,5,6,3710,0,0,0,NA,0,027,VISTA WY,RANCHO DEL ORO RD,811,E,N,A,-,N,NA,NA,NA,NA,NA,NA,NA,NA,NA,N,2,0,1,1,A,-,08,22107,NA,N,F,J,A,A,H,-,C,D,0,NA,NA,Y,NA,Y,NA,C,02,1,0,0,0,0,0,0,0,1,-,-,NA,NA,SAN DIEGO,OCEANSIDE,-117.30898284912108,33.18126678466797
9635025,2023,2024-01-23,3710,2023-11-22,1132,OC1515,NA,3,5,6,3710,0,0,0,NA,0,013,DOWNER AV,KERISIANO WY,12,E,N,A,-,N,NA,NA,NA,NA,NA,NA,NA,NA,NA,Y,3,0,1,1,A,-,01,23152,G,N,E,I,A,A,H,-,A,D,0,NA,NA,NA,NA,Y,Y,A,07,0,1,0,0,0,0,0,0,0,-,-,NA,NA,SAN DIEGO,OCEANSIDE,NA,NA
9635368,2023,2023-12-21,3700,2023-10-02,1459,SH0013,NA,1,5,4,3780,0,0,0,NA,0,408,RT 67,POWAY RD,2400,N,N,A,-,Y,SD,11,67,-,-,15.67,H,-,N,Y,2,0,1,2,A,-,09,21804,A,N,D,C,A,A,H,-,A,D,0,NA,NA,NA,NA,Y,NA,D,22,1,0,0,0,0,0,0,0,0,-,-,NA,NA,SAN DIEGO,POWAY,-116.97513580322266,32.98505783081055
9635549,2023,2024-01-10,3710,2023-11-30,1728,OC0873,NA,4,5,6,3710,0,0,0,NA,0,022,RT 76,MELROSE DR,450,E,N,A,-,Y,SD,11,76,-,R,7.84,H,-,W,N,4,0,1,2,A,-,04,21703,NA,N,C,C,A,A,H,-,A,A,0,NA,NA,NA,NA,Y,NA,D,22,0,0,1,0,0,0,0,0,0,-,-,NA,NA,SAN DIEGO,OCEANSIDE,-117.26381683349608,33.252323150634766
9636604,2023,2023-11-14,3709,2023-09-29,1444,NC0550,NA,5,5,5,3709,0,0,0,NA,0,021,EAST PLAZA BL,E PLAZA BL 2800,0,NA,Y,A,-,N,NA,NA,NA,NA,NA,NA,NA,NA,NA,Y,4,0,1,2,A,-,03,22350,NA,M,C,C,A,A,H,-,A,D,0,NA,NA,NA,NA,Y,NA,-,NA,0,0,1,0,0,0,0,0,0,-,-,NA,NA,SAN DIEGO,NATIONAL CITY,-117.10619354248048,32.67412185668945
9637895,2023,2023-11-21,3711,2023-10-30,20,SD5600,NA,1,5,7,3711,0,0,0,NA,0,835,HOME AV,FAIRMONT AV,0,NA,Y,A,-,N,NA,NA,NA,NA,NA,NA,NA,NA,NA,N,4,0,1,2,A,-,08,22107,NA,N,B,C,A,A,H,-,C,A,0,NA,NA,NA,NA,Y,NA,J,48,0,0,1,0,0,0,0,0,0,-,-,NA,NA,SAN DIEGO,SAN DIEGO,-117.09973907470705,32.728878021240234
9638127,2023,2023-12-20,3711,2023-12-08,858,SD7042,NA,5,5,7,3711,0,0,0,NA,0,622,LINDA VISTA RD,NAPA ST,8,N,N,A,-,N,NA,NA,NA,NA,NA,NA,NA,NA,NA,N,4,0,1,2,A,-,12,21453,A,N,B,C,A,A,H,-,A,A,0,NA,NA,NA,NA,Y,NA,J,48,0,0,1,0,0,0,0,0,0,-,-,NA,NA,SAN DIEGO,SAN DIEGO,-117.19696807861328,32.765316009521484
9638658,2023,2024-01-03,3711,2023-11-10,1705,SD8918,NA,5,5,7,3711,0,0,0,NA,0,441,OCEAN VIEW BL,SAN PASQUAL ST,0,NA,-,A,-,N,NA,NA,NA,NA,NA,NA,NA,NA,NA,N,4,0,1,3,A,-,08,22107,NA,N,B,C,A,A,H,-,B,D,0,NA,NA,NA,NA,Y,NA,-,NA,0,0,1,0,0,0,0,0,0,-,-,NA,NA,SAN DIEGO,SAN DIEGO,-117.10304260253906,32.700538635253906
9640645,2024,2024-07-03,3711,2024-06-05,1240,SD1042,NA,3,5,7,3711,0,0,0,NA,0,114,CLAIREMONT MESA BL,DIANE AV,243,E,N,B,-,N,NA,NA,NA,NA,NA,NA,NA,NA,NA,N,1,1,0,1,A,-,08,22107,NA,N,E,I,A,A,H,-,A,D,0,NA,NA,Y,NA,Y,NA,C,02,0,0,0,0,0,0,0,1,0,-,-,NA,NA,SAN DIEGO,SAN DIEGO,-117.18626403808594,32.83440017700195
9641204,2023,2023-12-21,3711,2023-11-06,1225,SD1489,NA,1,5,7,3711,0,0,0,NA,0,627,4TH AV,UNIVERSITY AV,0,NA,Y,A,-,N,NA,NA,NA,NA,NA,NA,NA,NA,NA,N,4,0,1,2,A,-,21,22106,NA,N,C,B,F,A,H,-,A,A,0,Y,NA,NA,NA,Y,Y,A,01,0,0,1,0,1,0,0,0,0,-,-,NA,NA,SAN DIEGO,SAN DIEGO,-117.16162109375,32.74828338623047
9642172,2023,2024-01-02,3705,2023-09-27,1830,EC0419,NA,3,5,5,3705,0,0,0,NA,0,004,S MOLLISON AV,E LEXINGTON AV,12,S,N,A,-,N,NA,NA,NA,NA,NA,NA,NA,NA,NA,Y,4,0,2,2,A,-,22,23123,A,N,D,C,A,A,H,-,A,A,0,NA,NA,NA,NA,Y,NA,A,01,0,0,2,0,0,0,0,0,0,-,-,NA,NA,SAN DIEGO,EL CAJON,-116.95096588134766,32.792598724365234
9642248,2023,2023-12-15,3700,2023-09-22,1156,SH3192,NA,5,5,5,3782,0,0,0,NA,0,224,MANCHESTER AV,MIRA COSTA COLLEGE RD,20,S,N,A,-,N,NA,NA,NA,NA,NA,NA,NA,NA,NA,Y,4,0,3,2,A,-,03,22350,NA,N,C,C,A,A,H,-,A,A,0,NA,NA,NA,NA,Y,NA,A,01,0,0,3,0,0,0,0,0,0,-,-,NA,NA,SAN DIEGO,ENCINITAS,-117.25720977783205,33.01615524291992
9642250,2023,2023-12-15,3700,2023-09-23,1409,SH0313,NA,6,5,5,3782,0,0,0,NA,0,206,LEUCADIA BL,GARDEN VIEW DR,0,NA,N,A,-,N,NA,NA,NA,NA,NA,NA,NA,NA,NA,N,3,0,1,1,A,-,03,22350,NA,N,F,A,A,A,H,-,A,D,0,NA,Y,NA,NA,Y,NA,L,04,0,1,0,0,0,0,1,0,0,-,-,NA,NA,SAN DIEGO,ENCINITAS,-117.26765441894533,33.068511962890625
9642904,2023,2024-01-02,3711,2023-11-20,1305,SD1657,NA,1,5,7,3711,0,0,0,NA,0,826,TROJAN AV,53RD ST,150,E,N,A,-,N,NA,NA,NA,NA,NA,NA,NA,NA,NA,N,4,0,1,3,A,-,03,22350,NA,M,B,C,A,A,H,-,A,-,0,NA,NA,NA,NA,Y,NA,-,99,0,0,1,0,0,0,0,0,0,-,-,NA,NA,SAN DIEGO,SAN DIEGO,-117.0809326171875,32.7548713684082
9643277,2023,2024-01-20,3711,2023-11-19,1822,SD1800,NA,7,5,7,3711,0,0,0,NA,0,242,MIRA MESA BL,BLACK MOUNTAIN RD,0,NA,Y,A,-,N,NA,NA,NA,NA,NA,NA,NA,NA,NA,Y,4,0,1,2,A,-,04,21703,NA,N,C,C,A,A,H,-,B,D,0,NA,NA,NA,NA,Y,NA,A,01,0,0,1,0,0,0,0,0,0,-,-,NA,NA,SAN DIEGO,SAN DIEGO,-117.12488555908205,32.91722869873047
9643341,2023,2023-12-07,3700,2023-10-16,1600,SH3684,NA,1,5,5,3713,0,0,0,NA,0,308,COPPER DR,DIAMOND WY,35,E,N,A,-,N,NA,NA,NA,NA,NA,NA,NA,NA,NA,N,4,0,1,2,A,-,08,22107,NA,N,B,E,A,A,H,-,A,D,0,NA,NA,NA,NA,Y,NA,A,01,0,0,1,0,0,0,0,0,0,-,-,NA,NA,SAN DIEGO,VISTA,-117.25768280029295,33.198673248291016
9643517,2023,2023-11-22,3700,2023-08-31,1330,SH4300,NA,4,5,5,3713,0,0,0,NA,0,308,WEST VISTA WY,NORTH EMERALD DR,473,W,N,A,-,N,NA,NA,NA,NA,NA,NA,NA,NA,NA,N,3,0,1,1,A,-,03,22350,NA,N,F,A,A,A,H,-,A,D,0,NA,NA,Y,NA,Y,NA,C,02,0,1,0,0,0,0,0,0,1,-,-,NA,NA,SAN DIEGO,VISTA,-117.28044891357422,33.18821716308594
9644383,2023,2023-12-07,3702,2023-10-18,847,CV1004,NA,3,5,6,3702,0,0,0,NA,0,042,KOESTER ST,WOLF CANYON LOOP,150,S,N,A,-,N,NA,NA,NA,NA,NA,NA,NA,NA,NA,N,2,0,1,2,A,-,03,22350,NA,N,D,C,A,A,H,-,A,D,0,NA,NA,Y,NA,Y,NA,C,03,1,0,0,0,0,0,0,0,1,-,-,NA,NA,SAN DIEGO,CHULA VISTA,-116.97513580322266,32.614768981933594
9644566,2023,2023-12-14,3700,2023-10-26,1841,SH3271,NA,4,5,5,3782,0,0,0,NA,0,211,LA COSTA AV,SHERIDAN RD,0,NA,Y,A,-,N,NA,NA,NA,NA,NA,NA,NA,NA,NA,Y,3,0,2,2,A,-,01,23152,B,N,A,C,A,A,H,-,D,D,0,NA,NA,NA,NA,Y,Y,D,22,0,1,1,0,0,0,0,0,0,-,-,NA,NA,SAN DIEGO,ENCINITAS,-117.30307006835938,33.08403778076172
9646256,2023,2024-01-17,3700,2023-11-08,1746,SH3871,NA,3,5,4,3780,0,0,0,NA,0,416,DANIELSON ST,STOWE DR,242,W,N,A,-,N,NA,NA,NA,NA,NA,NA,NA,NA,NA,Y,3,0,1,1,A,-,08,22107,NA,N,E,I,A,A,H,-,C,D,0,NA,NA,NA,NA,Y,NA,A,01,0,1,0,0,0,0,0,0,0,-,-,NA,NA,SAN DIEGO,POWAY,-117.02993011474608,32.94040298461914
9646646,2023,2024-07-01,3708,2023-12-23,2350,LM1283,NA,6,5,5,3708,0,0,0,NA,0,003,BALTIMORE DR,FLETCHER PKWY,0,NA,Y,A,-,N,NA,NA,NA,NA,NA,NA,NA,NA,NA,Y,2,0,2,2,A,-,01,23152,A,N,D,C,A,A,H,-,C,A,0,NA,NA,NA,NA,Y,Y,A,01,1,0,1,0,0,0,0,0,0,-,-,NA,NA,SAN DIEGO,LA MESA,-117.02743530273438,32.773868560791016
9647952,2023,2024-02-28,3711,2023-12-06,847,SD1806,NA,3,5,7,3711,0,0,0,NA,0,822,COLLEGE AV,ADELAIDE AV,198,N,N,A,-,N,NA,NA,NA,NA,NA,NA,NA,NA,NA,N,4,0,1,2,A,-,12,21453,A,N,C,C,A,A,H,-,A,A,0,NA,NA,NA,NA,Y,NA,A,01,0,0,1,0,0,0,0,0,0,-,-,NA,NA,SAN DIEGO,SAN DIEGO,-117.0663604736328,32.75823211669922
9648228,2023,2023-12-20,3700,2023-10-16,1201,SH0084,NA,1,5,5,3782,0,0,0,NA,0,242,CREST DR,BIRMINGHAM DR,335,S,N,A,-,N,NA,NA,NA,NA,NA,NA,NA,NA,NA,N,3,0,1,2,A,-,08,22107,NA,N,H,A,A,A,H,-,A,D,0,NA,NA,Y,NA,Y,NA,A,01,0,1,0,0,0,0,0,0,1,-,-,NA,NA,SAN DIEGO,ENCINITAS,-117.26242065429688,33.02442169189453